,Weight,PPI,Clock Speed,RAM Speed,Refresh Rate,Graphics Memory,SSD,HDD,RAM,Price,Missing RAM Speed,Missing Refresh Rate,Display Type,Display Touchscreen,RAM Type,GPU Brand,GPU Segment,Brand,Operating System,CPU Brand,CPU Segment,CPU Series
0,1.41,157.0,4.2,3200.0,120.0,0.0,512.0,0.0,16.0,71990.0,0.0,1.0,LED,No,DDR4,intel,low,HP,Windows,intel,mid,low
1,2.6,142.0,2.8,3200.0,165.0,6.0,512.0,0.0,16.0,105999.0,1.0,0.0,LED,No,DDR5,nvidia,mid,Acer,Windows,intel,high,high
2,2.2,141.0,1.6,2400.0,120.0,2.0,0.0,2048.0,8.0,54999.0,0.0,1.0,LED,No,DDR4,amd,low,Dell,Windows,intel,mid,low
4,1.8,141.0,2.8,2666.0,120.0,0.0,256.0,0.0,4.0,42210.0,0.0,1.0,LED,No,DDR4,amd,low,Dell,Windows,amd,low,low
5,1.7,141.0,2.3,2666.0,120.0,0.0,256.0,0.0,8.0,47990.0,0.0,1.0,LED,No,DDR4,amd,low,HP,Windows,amd,mid,low
6,1.85,141.0,1.6,3200.0,120.0,0.0,0.0,1024.0,8.0,44990.0,1.0,1.0,LED,No,DDR4,intel,low,Lenovo,Windows,intel,mid,low
7,1.3,157.0,2.1,1600.0,120.0,0.0,32.0,0.0,4.0,13990.0,0.0,1.0,LED,Yes,DDR3,intel,low,Other,Windows,intel,low,low
8,1.45,243.0,4.2,3200.0,90.0,4.0,512.0,0.0,16.0,89990.0,0.0,0.0,OLED,No,DDR4,nvidia,mid,Asus,Windows,amd,high,high
9,1.25,157.0,3.4,2133.0,120.0,0.0,256.0,0.0,8.0,45990.0,0.0,1.0,LED,No,DDR4,intel,low,Asus,Windows,intel,mid,low
10,1.65,141.0,2.4,3200.0,120.0,0.0,512.0,0.0,8.0,81090.0,0.0,1.0,LED,No,DDR4,intel,mid,Lenovo,Windows,intel,mid,low
11,1.5,157.0,2.1,3200.0,120.0,0.0,512.0,0.0,4.0,46990.0,1.0,1.0,LED,No,DDR4,intel,low,Asus,Windows,intel,low,low
12,2.1,141.0,2.5,2400.0,120.0,2.0,0.0,1024.0,8.0,44890.0,0.0,1.0,LED,No,DDR4,nvidia,low,Acer,Other,intel,mid,low
13,2.62,141.0,2.5,3200.0,120.0,4.0,0.0,1024.0,8.0,64990.0,1.0,1.0,LED,No,DDR4,nvidia,low,Dell,Windows,intel,mid,high
14,2.5,100.0,2.5,3200.0,120.0,2.0,0.0,1024.0,4.0,44182.0,1.0,1.0,LED,No,DDR4,amd,low,Dell,Windows,intel,mid,low
16,2.2,141.0,3.0,3200.0,120.0,4.0,512.0,0.0,8.0,66490.0,0.0,0.0,LED,No,DDR4,nvidia,low,Lenovo,Windows,amd,mid,high
17,1.8,141.0,1.0,3200.0,120.0,0.0,256.0,1024.0,8.0,50990.0,1.0,1.0,LED,No,DDR4,intel,low,Asus,Windows,intel,mid,low
18,1.66,141.0,2.1,4800.0,120.0,0.0,512.0,0.0,8.0,48440.0,0.0,1.0,LED,No,DDR4,amd,low,Lenovo,Windows,amd,mid,low
19,2.35,141.0,2.8,3200.0,144.0,8.0,1024.0,0.0,16.0,114990.0,1.0,0.0,LED,No,DDR4,amd,mid,MSI,Windows,amd,high,high
20,1.6,157.0,4.2,3200.0,60.0,0.0,256.0,1024.0,8.0,65999.0,0.0,0.0,LED,No,DDR4,intel,mid,Asus,Windows,intel,mid,low
21,2.35,141.0,4.7,3200.0,144.0,8.0,512.0,0.0,8.0,84990.0,0.0,0.0,LED,No,DDR4,amd,mid,MSI,Windows,amd,high,high
22,1.8,141.0,1.2,3200.0,120.0,0.0,0.0,1024.0,8.0,27990.0,1.0,1.0,LED,No,DDR4,intel,low,Asus,Windows,intel,low,low
23,1.4,157.0,3.3,3200.0,60.0,0.0,512.0,0.0,16.0,40499.0,1.0,0.0,LED,No,DDR4,intel,mid,MSI,Windows,intel,mid,low
24,2.7,141.0,2.3,2133.0,120.0,6.0,128.0,1024.0,16.0,23650.0,0.0,1.0,LED,No,DDR4,nvidia,mid,Acer,Windows,intel,mid,high
25,1.14,157.0,4.2,3200.0,144.0,0.0,512.0,0.0,8.0,59860.0,1.0,0.0,LED,No,DDR4,intel,mid,HP,Windows,intel,mid,low
26,1.86,100.0,2.5,1866.0,120.0,0.0,0.0,1024.0,4.0,24955.0,0.0,1.0,LED,No,DDR4,amd,low,HP,Windows,amd,low,low
27,2.46,137.0,3.3,3200.0,120.0,4.0,512.0,0.0,8.0,62112.0,0.0,1.0,LED,No,DDR4,nvidia,low,HP,Windows,amd,mid,high
28,2.23,141.0,3.1,3200.0,144.0,4.0,256.0,1024.0,8.0,68200.0,0.0,0.0,LED,No,DDR4,nvidia,low,HP,Windows,intel,mid,high
29,2.2,141.0,2.6,2933.0,60.0,4.0,256.0,1024.0,8.0,82990.0,0.0,0.0,LED,No,DDR4,nvidia,low,Lenovo,Windows,intel,high,high
30,2.25,141.0,3.3,3200.0,60.0,4.0,512.0,0.0,8.0,48411.0,0.0,0.0,LED,No,DDR4,nvidia,low,Lenovo,Windows,intel,mid,high
31,1.85,141.0,2.1,2400.0,120.0,0.0,0.0,1024.0,8.0,38990.0,0.0,1.0,LED,No,DDR4,amd,low,Lenovo,Windows,amd,mid,low
32,1.86,141.0,2.3,3200.0,144.0,4.0,512.0,0.0,8.0,71490.0,0.0,0.0,LED,No,DDR4,nvidia,low,MSI,Windows,intel,high,high
33,2.3,141.0,2.5,2933.0,120.0,4.0,512.0,0.0,8.0,44999.0,0.0,0.0,LED,No,DDR4,nvidia,low,Lenovo,Windows,intel,mid,high
34,0.97,157.0,1.8,2133.0,120.0,0.0,512.0,0.0,8.0,84990.0,0.0,1.0,LED,No,DDR4,intel,low,Acer,Windows,intel,high,low
35,1.46,157.0,2.8,2933.0,120.0,0.0,0.0,0.0,4.0,20590.0,0.0,1.0,LED,No,LPDDR4,intel,low,HP,Google Chrome,intel,low,low
36,1.9,141.0,2.6,3200.0,120.0,0.0,256.0,0.0,8.0,26999.0,1.0,1.0,LED,No,DDR4,amd,low,Acer,Windows,amd,low,low
37,1.86,100.0,2.5,2133.0,120.0,2.0,0.0,1024.0,8.0,42990.0,0.0,1.0,LED,No,DDR4,amd,low,HP,DOS,intel,mid,low
38,1.83,141.0,2.6,2400.0,120.0,0.0,256.0,0.0,8.0,40190.0,0.0,1.0,LED,No,DDR4,amd,low,Dell,Windows,amd,low,low
39,1.3,156.0,2.8,2133.0,120.0,0.0,128.0,0.0,4.0,18990.0,0.0,1.0,LED,No,LPDDR4,intel,low,Other,Windows,intel,low,low
40,1.5,157.0,3.4,3200.0,60.0,0.0,512.0,0.0,8.0,49990.0,0.0,0.0,LED,No,DDR4,intel,low,HP,Windows,intel,low,low
42,1.8,142.0,3.3,3200.0,60.0,4.0,512.0,0.0,16.0,66990.0,1.0,0.0,LED,No,DDR4,nvidia,mid,Asus,Windows,intel,mid,high
43,2.6,141.0,4.2,3200.0,120.0,4.0,512.0,0.0,8.0,77425.0,1.0,1.0,IPS LCD,No,DDR4,nvidia,mid,Acer,Windows,intel,mid,high
44,1.3,156.0,2.8,3200.0,60.0,0.0,128.0,0.0,4.0,17490.0,1.0,0.0,LED,No,LPDDR4,intel,low,Other,Windows,intel,low,low
45,1.7,141.0,4.0,2666.0,60.0,0.0,512.0,0.0,8.0,32800.0,0.0,0.0,LED,No,DDR4,intel,low,HP,Windows,intel,low,low
46,1.37,185.0,4.7,4266.0,120.0,0.0,512.0,0.0,16.0,64990.0,0.0,1.0,LED,No,DDR4,intel,mid,Other,Windows,intel,mid,high
47,2.2,100.0,1.6,2400.0,120.0,2.0,0.0,1024.0,8.0,50279.0,0.0,1.0,LED,No,DDR4,nvidia,low,Acer,Windows,intel,mid,low
48,1.85,141.0,1.0,2666.0,120.0,0.0,0.0,1024.0,8.0,42990.0,0.0,1.0,LED,No,DDR4,intel,low,Lenovo,Windows,intel,mid,low
49,1.86,141.0,2.8,3200.0,144.0,4.0,512.0,0.0,16.0,72990.0,1.0,0.0,LED,No,DDR4,nvidia,mid,MSI,Windows,intel,high,high
50,2.5,141.0,4.2,3200.0,144.0,4.0,512.0,0.0,16.0,70990.0,1.0,0.0,LED,No,DDR4,nvidia,mid,Acer,Windows,intel,mid,high
51,1.8,141.0,2.4,3200.0,120.0,0.0,0.0,1024.0,8.0,51990.0,1.0,1.0,LED,No,DDR4,intel,mid,Asus,Windows,intel,mid,low
52,1.6,141.0,3.3,3200.0,120.0,0.0,512.0,0.0,8.0,32990.0,0.0,1.0,LED,No,DDR4,intel,low,Lenovo,Windows,intel,low,low
53,1.65,157.0,2.3,2666.0,120.0,0.0,512.0,0.0,8.0,58990.0,0.0,1.0,LED,No,DDR4,amd,low,Lenovo,Windows,amd,mid,low
54,1.75,141.0,4.2,3200.0,120.0,0.0,512.0,0.0,8.0,41989.0,0.0,1.0,LED,No,DDR4,amd,low,HP,Windows,amd,mid,low
55,1.98,141.0,4.2,3200.0,144.0,4.0,512.0,0.0,16.0,67999.0,0.0,0.0,LED,No,DDR4,nvidia,mid,HP,Windows,amd,high,high
56,2.3,141.0,4.2,3200.0,144.0,4.0,1024.0,0.0,8.0,57999.0,0.0,0.0,LED,No,DDR4,nvidia,mid,Asus,Windows,intel,mid,high
57,1.24,225.0,4.1,3200.0,120.0,0.0,256.0,0.0,8.0,104990.0,1.0,1.0,LED,No,DDR4,intel,low,Apple,macOS,apple,mid,mid
58,1.8,100.0,1.0,2666.0,120.0,0.0,0.0,1024.0,8.0,39999.0,0.0,1.0,LED,No,DDR4,intel,low,Lenovo,Windows,intel,mid,low
59,2.33,141.0,2.3,3200.0,120.0,4.0,256.0,1024.0,16.0,69990.0,1.0,0.0,LED,No,DDR4,amd,mid,MSI,Windows,amd,high,high
60,1.5,157.0,2.1,2666.0,120.0,0.0,512.0,0.0,4.0,46990.0,0.0,1.0,LED,Yes,DDR4,intel,low,Asus,Windows,intel,low,low
61,1.86,141.0,2.5,3200.0,144.0,6.0,512.0,0.0,16.0,89990.0,1.0,0.0,LED,No,DDR4,nvidia,mid,MSI,Windows,intel,mid,high
62,2.7,141.0,2.3,2400.0,120.0,4.0,16.0,1024.0,8.0,68990.0,0.0,1.0,LED,No,DDR4,nvidia,low,Acer,Windows,intel,mid,high
63,1.3,100.0,2.6,2133.0,120.0,0.0,0.0,1024.0,4.0,18990.0,0.0,1.0,LED,No,DDR4,amd,low,Lenovo,DOS,amd,low,low
64,2.2,112.0,2.4,2133.0,120.0,0.0,0.0,1024.0,4.0,38000.0,0.0,1.0,LED,No,DDR4,intel,low,Lenovo,Windows,intel,low,low
65,1.7,141.0,2.5,3200.0,144.0,4.0,512.0,0.0,8.0,74990.0,1.0,0.0,LED,No,DDR4,nvidia,low,Acer,Windows,intel,mid,high
66,1.24,157.0,1.0,4266.0,120.0,0.125,512.0,0.0,16.0,39999.0,0.0,1.0,LED,No,LPDDR4X,intel,low,Other,Windows,intel,mid,low
68,1.7,141.0,3.3,3200.0,120.0,0.0,512.0,0.0,8.0,29200.0,1.0,1.0,LED,No,DDR4,intel,low,Acer,Windows,intel,low,low
69,0.98,166.0,1.6,2133.0,120.0,0.0,256.0,0.0,8.0,66490.0,0.0,1.0,LED,No,LPDDR3,intel,low,Asus,Windows,intel,mid,low
70,1.57,141.0,5.0,3200.0,120.0,0.0,512.0,0.0,16.0,62990.0,1.0,1.0,LED,No,LPDDR4X,intel,mid,Samsung,Windows,intel,high,low
71,1.9,141.0,1.2,3200.0,120.0,0.0,0.0,1024.0,4.0,30576.0,1.0,1.0,LED,No,DDR4,intel,low,Asus,Windows,intel,low,low
72,1.77,100.0,1.5,1866.0,120.0,0.0,0.0,1024.0,4.0,21999.0,0.0,1.0,LED,No,DDR4,amd,low,HP,Windows,amd,low,low
73,1.6,157.0,1.0,2666.0,120.0,0.0,512.0,0.0,8.0,53990.0,0.0,1.0,LED,No,DDR4,intel,low,HP,Windows,intel,mid,low
74,2.2,141.0,2.8,2400.0,120.0,6.0,128.0,1024.0,16.0,119990.0,0.0,1.0,LED,No,DDR4,nvidia,mid,MSI,Windows,intel,high,high
75,1.75,141.0,2.1,3200.0,144.0,0.0,512.0,0.0,8.0,46499.0,1.0,0.0,LED,No,DDR4,amd,low,HP,Windows,amd,mid,low
76,2.6,127.0,3.0,3200.0,120.0,4.0,512.0,0.0,8.0,64490.0,0.0,0.0,LED,No,DDR4,nvidia,low,Asus,Windows,amd,mid,high
77,1.63,141.0,3.3,3200.0,120.0,0.0,256.0,0.0,8.0,33499.0,0.0,1.0,LED,No,DDR4,intel,low,Lenovo,Windows,intel,low,low
78,1.0,100.0,1.6,2133.0,120.0,2.0,0.0,1024.0,8.0,39990.0,0.0,1.0,LED,No,DDR4,nvidia,low,Lenovo,DOS,intel,mid,low
79,1.85,141.0,1.7,2666.0,120.0,0.0,256.0,1024.0,8.0,44260.0,0.0,1.0,LED,No,DDR4,intel,low,Dell,Windows,intel,low,low
80,2.19,100.0,2.2,1600.0,120.0,2.0,0.0,1024.0,4.0,28990.0,0.0,1.0,LED,No,DDR3,amd,low,HP,DOS,amd,low,low
81,1.7,141.0,2.8,3200.0,120.0,0.0,256.0,0.0,8.0,32990.0,1.0,1.0,TFT LCD,No,LPDDR5,intel,low,Acer,Windows,intel,low,low
82,1.56,157.0,1.7,3200.0,120.0,0.0,256.0,0.0,8.0,50733.0,0.0,1.0,LED,Yes,DDR4,intel,low,Dell,Windows,intel,low,low
83,2.0,141.0,2.0,3200.0,144.0,4.0,512.0,0.0,8.0,90990.0,1.0,0.0,LED,No,DDR5,nvidia,mid,Asus,Windows,intel,mid,high
84,1.75,141.0,2.8,3200.0,120.0,0.0,256.0,1024.0,8.0,40300.0,1.0,1.0,LED,No,DDR4,intel,low,Dell,Windows,intel,low,low
85,1.32,190.0,2.6,3200.0,120.0,0.0,64.0,0.0,4.0,20999.0,1.0,1.0,LED,Yes,DDR4,intel,low,Other,Windows,intel,low,low
86,2.2,141.0,2.3,2400.0,120.0,6.0,512.0,0.0,16.0,74990.0,0.0,0.0,LED,No,DDR4,nvidia,mid,Asus,Windows,amd,high,high
87,1.41,157.0,1.7,3200.0,120.0,0.0,512.0,0.0,8.0,38990.0,1.0,1.0,LED,No,DDR4,intel,low,Lenovo,Windows,intel,low,low
88,1.5,157.0,1.2,3200.0,120.0,0.0,512.0,0.0,8.0,50990.0,0.0,1.0,LED,Yes,DDR4,intel,low,Lenovo,Windows,intel,low,low
89,2.2,141.0,2.8,2400.0,120.0,4.0,128.0,1024.0,8.0,96490.0,0.0,1.0,LED,No,DDR4,nvidia,low,MSI,Windows,intel,high,high
90,2.1,141.0,4.7,3200.0,144.0,4.0,1024.0,0.0,16.0,78190.0,1.0,0.0,LED,No,DDR4,nvidia,mid,Asus,Windows,amd,high,high
91,1.32,166.0,2.3,3200.0,120.0,0.0,512.0,0.0,8.0,87990.0,0.0,1.0,LED,Yes,DDR4,amd,low,HP,Windows,amd,mid,low
92,2.1,141.0,4.7,3200.0,144.0,4.0,512.0,0.0,16.0,78999.0,1.0,0.0,LED,No,DDR5,nvidia,mid,Asus,Windows,amd,high,high
94,1.41,141.0,2.8,3200.0,120.0,0.0,256.0,0.0,8.0,48134.0,0.0,1.0,LED,No,DDR4,intel,low,Lenovo,Windows,intel,low,low
95,2.3,141.0,3.0,3200.0,120.0,4.0,256.0,1024.0,8.0,69789.0,0.0,0.0,LED,No,DDR4,nvidia,low,Lenovo,Windows,amd,mid,high
96,1.77,141.0,1.2,2666.0,120.0,0.0,0.0,1024.0,8.0,42990.0,0.0,1.0,LED,No,DDR4,intel,low,HP,Windows,intel,low,low
97,1.86,141.0,2.7,3200.0,144.0,4.0,512.0,0.0,8.0,59789.0,1.0,0.0,LED,No,DDR4,nvidia,mid,MSI,Windows,intel,mid,high
98,1.58,157.0,1.8,2666.0,120.0,0.0,512.0,0.0,8.0,74990.0,0.0,1.0,LED,Yes,DDR4,intel,low,HP,Windows,intel,high,low
99,2.2,141.0,3.0,3200.0,60.0,4.0,256.0,1024.0,8.0,66990.0,0.0,0.0,LED,No,DDR4,nvidia,low,Lenovo,Windows,amd,mid,high
100,2.4,141.0,2.6,2666.0,120.0,4.0,512.0,0.0,16.0,77990.0,0.0,0.0,LED,No,DDR4,nvidia,low,Asus,Windows,intel,high,high
101,2.1,141.0,1.6,2133.0,120.0,2.0,128.0,1024.0,8.0,59990.0,0.0,1.0,LED,No,DDR4,nvidia,low,Acer,Windows,intel,mid,low
102,1.4,157.0,1.7,3200.0,120.0,0.0,512.0,0.0,8.0,35990.0,1.0,1.0,LED,No,DDR4,intel,low,Asus,Windows,intel,low,low
103,1.41,157.0,4.0,3200.0,120.0,0.0,512.0,0.0,16.0,61990.0,0.0,1.0,LED,No,DDR4,amd,low,HP,Windows,amd,mid,low
104,2.3,141.0,4.7,3200.0,120.0,4.0,1024.0,0.0,16.0,96490.0,0.0,1.0,LED,No,DDR4,nvidia,mid,Asus,Windows,intel,high,high
105,2.1,141.0,1.6,2133.0,120.0,2.0,0.0,1024.0,8.0,40990.0,0.0,1.0,LED,No,DDR4,nvidia,low,Acer,Windows,intel,mid,low
106,1.86,141.0,2.7,3200.0,144.0,4.0,512.0,0.0,16.0,64671.0,1.0,0.0,LED,No,DDR4,nvidia,mid,MSI,Windows,intel,mid,high
108,1.2,135.0,2.8,3200.0,120.0,0.0,256.0,0.0,4.0,23999.0,1.0,1.0,LED,No,DDR4,intel,low,Lenovo,Windows,intel,low,low
109,1.3,157.0,2.2,2400.0,120.0,0.0,0.0,1024.0,8.0,53990.0,0.0,1.0,LED,No,DDR4,intel,low,Asus,Windows,intel,low,low
111,1.85,141.0,2.1,2400.0,120.0,0.0,0.0,1024.0,8.0,37674.0,0.0,1.0,LED,No,DDR4,amd,low,HP,Windows,amd,mid,low
112,1.78,141.0,4.1,3200.0,120.0,0.0,256.0,0.0,8.0,40849.0,1.0,1.0,LED,No,LPDDR5,amd,low,Acer,Windows,amd,low,low
113,1.8,141.0,1.6,2133.0,120.0,2.0,128.0,1024.0,8.0,64990.0,0.0,1.0,LED,No,DDR4,nvidia,low,Acer,Windows,intel,mid,low
114,2.25,141.0,4.2,3200.0,144.0,4.0,512.0,0.0,8.0,49990.0,1.0,0.0,LED,No,DDR4,nvidia,low,Lenovo,Windows,amd,mid,high
115,1.0,141.0,2.2,2133.0,120.0,0.0,0.0,1024.0,4.0,34190.0,0.0,1.0,LED,No,DDR4,intel,low,Lenovo,DOS,intel,low,low
116,2.2,141.0,2.0,2133.0,120.0,0.0,0.0,1024.0,4.0,35534.0,0.0,1.0,LED,No,DDR4,amd,low,Acer,Windows,amd,mid,low
117,1.8,141.0,4.0,3200.0,120.0,0.0,512.0,0.0,8.0,57940.0,1.0,1.0,LED,Yes,DDR4,intel,low,Asus,Windows,intel,low,low
118,1.7,141.0,2.8,2666.0,60.0,0.0,0.0,1024.0,8.0,31990.0,0.0,0.0,LED,No,DDR4,intel,low,Lenovo,Windows,intel,low,low
119,1.46,157.0,1.0,2666.0,120.0,0.0,512.0,0.0,8.0,57458.0,0.0,1.0,LED,No,DDR4,intel,low,HP,Windows,intel,mid,low
120,1.5,112.0,3.3,2400.0,120.0,0.0,0.0,1024.0,8.0,23999.0,0.0,1.0,LED,No,DDR4,intel,low,HP,Windows,amd,low,low
121,1.0,135.0,1.1,3200.0,120.0,0.0,32.0,0.0,4.0,13890.0,1.0,1.0,LED,No,LPDDR4X,intel,low,Asus,Google Chrome,intel,low,low
122,1.4,232.0,2.0,3733.0,120.0,0.0,1024.0,0.0,16.0,194900.0,0.0,1.0,LED,No,LPDDR4X,intel,low,Apple,macOS,intel,mid,low
123,1.85,141.0,1.6,2400.0,120.0,0.0,256.0,1024.0,8.0,44990.0,0.0,1.0,LED,No,DDR4,intel,low,Lenovo,Windows,intel,mid,low
124,1.3,157.0,2.1,2666.0,60.0,0.0,512.0,0.0,8.0,47490.0,0.0,0.0,LED,No,DDR4,intel,low,MSI,Windows,intel,low,low
125,1.69,157.0,1.0,2666.0,120.0,2.0,512.0,0.0,8.0,54990.0,0.0,1.0,LED,No,DDR4,nvidia,low,Lenovo,Windows,intel,mid,low
126,2.6,127.0,3.0,3200.0,60.0,4.0,512.0,0.0,8.0,64990.0,0.0,0.0,LED,No,DDR4,nvidia,low,Asus,Windows,amd,mid,high
127,2.3,188.0,2.3,3200.0,165.0,4.0,512.0,1024.0,16.0,117990.0,0.0,0.0,LED,No,DDR4,nvidia,mid,Acer,Windows,intel,high,high
128,2.3,188.0,2.3,3200.0,165.0,4.0,512.0,1024.0,16.0,99990.0,0.0,0.0,LED,No,DDR4,nvidia,mid,Acer,Windows,intel,high,high
129,2.25,141.0,3.3,3200.0,120.0,4.0,256.0,1024.0,8.0,47990.0,0.0,0.0,LED,No,DDR4,nvidia,low,Lenovo,Windows,amd,mid,high
130,1.69,141.0,4.0,2666.0,120.0,0.0,512.0,0.0,8.0,33890.0,0.0,1.0,LED,No,DDR4,intel,low,HP,Windows,intel,low,low
131,1.6,112.0,1.2,3200.0,120.0,0.0,0.0,1024.0,4.0,33990.0,1.0,1.0,LED,No,DDR4,intel,low,Lenovo,Windows,intel,low,low
132,1.8,141.0,4.2,3200.0,144.0,4.0,512.0,0.0,8.0,56130.0,0.0,0.0,LED,No,DDR4,nvidia,mid,MSI,Windows,intel,mid,high
133,1.86,141.0,2.4,2133.0,120.0,0.0,0.0,1024.0,4.0,35616.0,0.0,1.0,LED,No,DDR4,intel,low,HP,Windows,intel,low,low
134,2.2,100.0,1.7,1600.0,120.0,2.0,0.0,1024.0,4.0,30990.0,0.0,1.0,LED,No,DDR3,nvidia,low,HP,DOS,intel,low,low
135,1.69,141.0,4.2,3200.0,60.0,0.0,512.0,0.0,16.0,48740.0,0.0,0.0,LED,No,DDR4,intel,mid,HP,Windows,intel,mid,low
136,1.7,157.0,2.8,3200.0,120.0,0.0,512.0,0.0,8.0,49658.0,1.0,1.0,LED,No,DDR4,amd,low,Dell,Windows,amd,mid,low
138,1.7,100.0,1.1,3200.0,120.0,0.0,256.0,0.0,8.0,26980.0,0.0,1.0,LED,No,DDR4,intel,low,Lenovo,Windows,intel,low,low
139,1.59,112.0,2.3,2400.0,120.0,0.0,256.0,0.0,4.0,28890.0,0.0,1.0,LED,No,DDR4,amd,low,Dell,Windows,amd,low,low
140,1.77,141.0,2.5,2400.0,120.0,0.0,0.0,1024.0,4.0,27990.0,0.0,1.0,LED,No,DDR4,amd,low,HP,Windows,amd,low,low
141,2.2,141.0,1.6,2400.0,120.0,2.0,0.0,1024.0,8.0,45990.0,0.0,1.0,LED,No,DDR4,nvidia,low,Asus,Windows,intel,mid,low
142,1.41,157.0,2.8,3200.0,120.0,0.0,512.0,0.0,8.0,58615.0,0.0,1.0,LED,No,DDR4,intel,low,HP,Windows,intel,mid,low
143,1.5,162.0,3.3,3200.0,60.0,0.0,512.0,0.0,8.0,44999.0,1.0,0.0,LED,Yes,DDR4,amd,low,Asus,Windows,amd,mid,high
144,1.75,141.0,1.7,3200.0,120.0,0.0,256.0,0.0,8.0,25999.0,1.0,1.0,LED,No,DDR4,intel,low,Acer,Windows,intel,low,low
145,1.69,141.0,2.1,2400.0,120.0,0.0,512.0,0.0,8.0,42990.0,0.0,1.0,LED,No,DDR4,amd,low,HP,Windows,amd,mid,low
147,1.11,166.0,2.8,3200.0,120.0,0.0,1024.0,0.0,16.0,99990.0,1.0,1.0,LED,No,LPDDR4X,intel,mid,Asus,Windows,intel,high,low
148,2.25,141.0,3.1,3200.0,60.0,4.0,512.0,0.0,8.0,49990.0,0.0,0.0,LED,No,DDR4,nvidia,low,Lenovo,Windows,intel,mid,high
149,1.5,157.0,4.2,3200.0,120.0,0.0,512.0,0.0,16.0,51000.0,0.0,1.0,LED,Yes,DDR4,intel,low,HP,Windows,intel,mid,low
150,1.48,157.0,1.7,3200.0,120.0,0.0,256.0,0.0,8.0,33490.0,1.0,1.0,LED,No,DDR4,intel,low,Dell,Windows,intel,low,low
151,1.9,100.0,2.4,3200.0,120.0,0.0,256.0,0.0,4.0,20999.0,1.0,1.0,LED,No,DDR4,intel,low,Acer,Windows,intel,low,low
152,1.4,162.0,2.0,3200.0,120.0,0.0,512.0,0.0,16.0,51990.0,1.0,1.0,LED,No,LPDDR4X,intel,low,Other,Windows,intel,mid,high
153,1.4,162.0,2.0,3200.0,120.0,0.0,512.0,0.0,8.0,48990.0,1.0,1.0,LED,No,LPDDR4X,intel,low,Other,Windows,intel,mid,high
154,1.11,166.0,2.8,3200.0,120.0,0.0,512.0,0.0,8.0,69990.0,1.0,1.0,LED,No,LPDDR4X,intel,mid,Asus,Windows,intel,mid,low
155,1.8,141.0,5.4,3200.0,120.0,0.0,1024.0,0.0,32.0,71990.0,1.0,1.0,LED,No,LPDDR5X,intel,mid,Other,Windows,intel,high,high
156,2.1,141.0,3.3,3200.0,120.0,4.0,512.0,0.0,16.0,55990.0,1.0,1.0,LED,No,DDR4,nvidia,low,Acer,Windows,intel,mid,high
157,1.98,141.0,2.4,3200.0,120.0,4.0,512.0,0.0,8.0,62990.0,1.0,1.0,LED,No,DDR4,nvidia,mid,HP,Windows,amd,mid,high
158,2.1,141.0,3.3,3200.0,120.0,4.0,512.0,0.0,8.0,74999.0,1.0,1.0,LED,No,DDR4,nvidia,low,Acer,Windows,intel,mid,high
159,1.47,157.0,4.2,2666.0,120.0,0.0,512.0,0.0,8.0,57890.0,0.0,1.0,LED,No,DDR4,intel,low,HP,Windows,intel,mid,low
160,2.4,100.0,2.5,2133.0,120.0,4.0,0.0,2048.0,8.0,58790.0,0.0,1.0,LED,No,DDR4,nvidia,low,Lenovo,Windows,intel,mid,low
161,2.2,100.0,2.5,2133.0,120.0,2.0,0.0,1024.0,8.0,49999.0,0.0,1.0,LED,No,DDR4,nvidia,low,Lenovo,Windows,intel,mid,low
162,2.2,100.0,2.5,2133.0,120.0,4.0,0.0,2048.0,8.0,56690.0,0.0,1.0,LED,No,DDR4,nvidia,low,Lenovo,DOS,intel,mid,low
163,1.47,112.0,2.3,2133.0,120.0,0.0,0.0,1024.0,4.0,27999.0,0.0,1.0,LED,No,DDR4,intel,low,HP,Windows,intel,low,low
164,1.7,141.0,1.1,3200.0,60.0,0.0,512.0,0.0,8.0,42990.0,0.0,0.0,LED,No,DDR4,intel,low,Asus,Windows,intel,low,mid
165,2.22,141.0,2.0,2400.0,120.0,0.0,0.0,1024.0,8.0,45990.0,0.0,1.0,LED,No,DDR4,amd,low,Dell,Windows,amd,mid,low
167,2.2,141.0,2.3,2133.0,120.0,0.0,0.0,1024.0,4.0,34610.0,0.0,1.0,LED,No,DDR4,intel,low,Dell,Windows,intel,low,low
168,1.72,157.0,4.0,3200.0,120.0,0.0,256.0,0.0,4.0,48250.0,0.0,1.0,LED,No,DDR4,intel,low,Dell,Windows,intel,low,low
169,1.8,141.0,2.6,2400.0,120.0,0.0,512.0,0.0,8.0,31339.0,0.0,1.0,LED,No,DDR4,amd,low,Asus,Windows,amd,low,low
170,2.2,100.0,1.6,2133.0,120.0,2.0,0.0,1024.0,8.0,45999.0,0.0,1.0,LED,No,DDR4,nvidia,low,Acer,Other,intel,mid,low
171,1.58,157.0,1.7,2666.0,120.0,0.0,256.0,0.0,8.0,41327.0,0.0,1.0,LED,No,DDR4,intel,low,Dell,Windows,intel,low,low
174,2.32,141.0,4.2,3200.0,120.0,4.0,512.0,0.0,16.0,57990.0,1.0,0.0,LED,No,DDR5,nvidia,low,Lenovo,Windows,amd,mid,high
176,1.86,141.0,2.6,2666.0,60.0,4.0,512.0,0.0,8.0,83990.0,0.0,0.0,LED,No,DDR4,nvidia,low,MSI,Windows,intel,high,high
177,1.38,157.0,2.4,2666.0,120.0,0.0,512.0,0.0,8.0,41990.0,0.0,1.0,LED,No,DDR4,intel,low,Other,Windows,intel,mid,low
178,1.65,100.0,2.8,2933.0,120.0,0.0,512.0,0.0,8.0,25999.0,0.0,1.0,LED,No,DDR4,intel,low,HP,Windows,intel,low,low
179,2.2,100.0,1.8,2133.0,120.0,0.0,0.0,1024.0,4.0,18890.0,0.0,1.0,LED,No,DDR4,amd,low,Lenovo,DOS,amd,low,low
180,1.25,227.0,1.6,2133.0,120.0,0.0,256.0,0.0,8.0,104990.0,0.0,1.0,LED,No,LPDDR3,intel,low,Apple,macOS,intel,mid,low
181,2.1,100.0,2.3,2133.0,120.0,0.0,0.0,1024.0,4.0,26749.0,0.0,1.0,LED,No,DDR4,intel,low,Acer,Windows,intel,low,low
182,1.4,157.0,2.2,2133.0,120.0,0.0,256.0,1024.0,8.0,54990.0,0.0,1.0,LED,No,DDR4,intel,low,Asus,Windows,intel,low,low
183,1.4,157.0,2.2,2133.0,120.0,0.0,256.0,1024.0,8.0,44990.0,0.0,1.0,LED,No,DDR4,intel,low,Asus,Windows,intel,low,low
184,1.5,157.0,3.0,3200.0,120.0,0.0,512.0,0.0,8.0,56459.0,0.0,1.0,LED,Yes,DDR4,intel,low,Lenovo,Windows,intel,low,low
185,2.2,127.0,2.6,2666.0,144.0,4.0,256.0,1024.0,16.0,74990.0,0.0,0.0,LED,No,DDR4,nvidia,low,MSI,Windows,intel,high,high
186,1.38,227.0,3.5,3200.0,120.0,0.0,256.0,0.0,8.0,120990.0,1.0,1.0,LED,No,LPDDR5,apple,mid,Apple,macOS,apple,mid,mid
187,2.2,141.0,3.1,3200.0,120.0,4.0,512.0,0.0,16.0,65990.0,0.0,0.0,LED,No,DDR4,nvidia,mid,Lenovo,Windows,intel,mid,high
188,1.6,157.0,2.5,2400.0,120.0,2.0,0.0,1024.0,8.0,63990.0,0.0,1.0,LED,No,DDR4,nvidia,low,Dell,Windows,intel,mid,low
189,1.83,141.0,2.4,2666.0,120.0,0.0,256.0,1024.0,8.0,60414.0,0.0,1.0,LED,No,DDR4,intel,mid,Dell,Windows,intel,mid,low
190,1.48,157.0,1.7,3200.0,120.0,0.0,512.0,0.0,8.0,41490.0,1.0,1.0,LED,No,DDR4,intel,low,Dell,Windows,intel,low,low
191,1.46,157.0,4.2,3200.0,120.0,0.0,512.0,0.0,16.0,55565.0,0.0,1.0,LED,No,DDR4,amd,low,HP,Windows,amd,high,low
193,1.54,112.0,2.3,1866.0,120.0,0.0,0.0,1024.0,4.0,22409.0,0.0,1.0,LED,No,DDR4,amd,low,HP,Windows,amd,low,low
195,1.41,157.0,3.0,3200.0,120.0,0.0,512.0,0.0,8.0,40990.0,1.0,1.0,LED,No,DDR4,intel,low,Lenovo,Windows,intel,low,low
196,2.36,141.0,2.0,2133.0,120.0,0.0,0.0,1024.0,4.0,37800.0,0.0,1.0,LED,No,DDR4,intel,low,Dell,Windows,intel,low,low
197,1.25,227.0,1.6,2133.0,120.0,0.0,256.0,0.0,8.0,107990.0,0.0,1.0,LED,No,LPDDR3,intel,low,Apple,macOS,intel,mid,low
198,1.7,141.0,1.2,3200.0,60.0,0.0,512.0,0.0,8.0,32990.0,0.0,0.0,LED,No,DDR4,intel,low,Asus,Windows,intel,low,low
199,1.68,141.0,3.7,2400.0,120.0,0.0,256.0,1024.0,8.0,47990.0,0.0,1.0,LED,No,DDR4,amd,low,Asus,Windows,amd,mid,low
200,1.9,112.0,1.7,1600.0,120.0,2.0,0.0,1024.0,4.0,48300.0,0.0,1.0,LED,No,DDR3,amd,low,Dell,Windows,intel,mid,low
201,1.4,243.0,2.8,5200.0,90.0,0.0,512.0,0.0,16.0,71999.0,0.0,0.0,OLED,Yes,LPDDR5,intel,mid,Asus,Windows,intel,mid,high
202,1.7,100.0,1.0,2666.0,120.0,0.0,512.0,0.0,8.0,101065.0,0.0,1.0,LED,Yes,DDR4,intel,low,HP,Windows,intel,mid,low
203,1.39,243.0,4.6,3200.0,90.0,0.0,512.0,0.0,16.0,74990.0,1.0,0.0,OLED,No,LPDDR5,intel,mid,Asus,Windows,intel,mid,mid
204,2.3,100.0,2.6,1600.0,120.0,2.0,0.0,1024.0,8.0,46490.0,0.0,1.0,LED,No,DDR3,amd,low,HP,Windows,amd,low,low
205,2.3,100.0,1.6,1600.0,120.0,2.0,0.0,1024.0,4.0,39994.0,0.0,1.0,LED,No,DDR3,nvidia,low,HP,Windows,intel,mid,low
206,1.55,141.0,1.4,3200.0,60.0,0.0,512.0,0.0,8.0,67990.0,1.0,0.0,LED,No,LPDDR4X,intel,low,Samsung,Windows,intel,mid,low
207,2.25,100.0,1.4,3200.0,120.0,0.0,0.0,500.0,4.0,19499.0,1.0,1.0,LED,No,DDR3,amd,low,HP,DOS,amd,low,low
208,1.41,157.0,4.2,3200.0,120.0,0.0,512.0,0.0,8.0,77900.0,0.0,1.0,LED,No,DDR4,intel,mid,HP,Windows,intel,mid,low
209,1.2,135.0,1.8,1600.0,120.0,0.0,0.0,500.0,2.0,20599.0,0.0,1.0,LED,No,DDR3,intel,low,Asus,DOS,intel,low,low
210,2.4,100.0,1.9,1600.0,120.0,0.0,0.0,1024.0,4.0,38990.0,0.0,1.0,LED,No,LPDDR4X,intel,low,HP,Windows,intel,low,low
211,2.1,100.0,2.2,1600.0,120.0,2.0,0.0,1024.0,4.0,37500.0,0.0,1.0,LED,No,DDR3,amd,low,HP,Windows,intel,low,low
212,2.19,100.0,1.6,1600.0,120.0,0.0,0.0,500.0,4.0,25299.0,0.0,1.0,LED,No,DDR3,intel,low,HP,Windows,intel,low,low
213,2.3,100.0,1.6,1600.0,120.0,2.0,0.0,1024.0,4.0,49490.0,0.0,1.0,LED,No,DDR3,nvidia,low,HP,Windows,intel,mid,low
215,1.12,149.0,1.4,3200.0,120.0,0.0,0.0,500.0,2.0,29999.0,1.0,1.0,LED,Yes,DDR3,intel,low,HP,Windows,intel,low,low
216,2.19,100.0,2.0,2133.0,120.0,2.0,0.0,1024.0,4.0,32190.0,0.0,1.0,LED,No,DDR4,amd,low,HP,DOS,intel,low,low
217,2.3,141.0,4.7,3200.0,120.0,8.0,1024.0,0.0,16.0,277367.0,0.0,1.0,LED,No,DDR4,nvidia,high,Asus,Windows,amd,high,high
218,2.3,100.0,1.6,1600.0,120.0,2.0,0.0,1024.0,4.0,48999.0,0.0,1.0,LED,No,DDR3,nvidia,low,HP,Windows,intel,mid,low
219,2.4,100.0,2.3,2133.0,120.0,0.0,0.0,1024.0,4.0,19291.0,0.0,1.0,LED,No,DDR4,amd,low,Lenovo,DOS,amd,low,low
220,2.4,100.0,1.9,1600.0,120.0,2.0,0.0,1024.0,4.0,41890.0,0.0,1.0,LED,No,DDR3,intel,low,HP,Windows,intel,low,low
221,2.5,100.0,2.1,1600.0,120.0,0.0,0.0,500.0,2.0,19600.0,0.0,1.0,LED,No,DDR3,intel,low,Asus,DOS,intel,low,low
222,2.6,189.0,2.1,4800.0,165.0,8.0,1024.0,0.0,16.0,129990.0,0.0,0.0,LED,No,DDR5,nvidia,mid,Acer,Windows,intel,high,high
223,1.88,142.0,4.2,3200.0,60.0,0.0,1024.0,0.0,16.0,51990.0,1.0,0.0,LED,No,DDR4,amd,low,Asus,Windows,amd,mid,low
224,1.47,166.0,1.5,2133.0,120.0,0.0,256.0,0.0,8.0,151818.0,0.0,1.0,LED,Yes,DDR4,intel,low,HP,Windows,intel,high,low
225,2.1,141.0,2.0,1600.0,120.0,0.0,0.0,1024.0,4.0,26297.0,0.0,1.0,LED,No,DDR3,intel,low,HP,Windows,intel,low,low
226,2.0,100.0,1.8,1600.0,120.0,2.0,0.0,500.0,4.0,29550.0,0.0,1.0,LED,No,DDR3,nvidia,low,Asus,DOS,intel,low,low
227,2.46,106.0,1.6,2400.0,120.0,0.0,256.0,0.0,8.0,113948.0,0.0,1.0,LED,Yes,DDR4,intel,low,HP,Windows,intel,mid,low
228,1.63,141.0,2.8,5500.0,120.0,0.0,512.0,0.0,8.0,29990.0,0.0,0.0,LED,No,LPDDR5,amd,low,Dell,Windows,amd,low,low
230,1.85,141.0,2.6,2400.0,120.0,0.0,256.0,0.0,8.0,28490.0,0.0,1.0,LED,No,DDR4,amd,low,Lenovo,Windows,amd,low,low
231,2.4,100.0,2.0,1600.0,120.0,4.0,0.0,1024.0,8.0,72990.0,0.0,1.0,LED,No,DDR3,nvidia,low,HP,Windows,intel,high,low
232,1.45,157.0,1.6,2133.0,120.0,0.0,256.0,0.0,8.0,164170.0,0.0,1.0,LED,No,LPDDR3,intel,low,Asus,Windows,intel,mid,low
233,2.32,141.0,3.3,4800.0,120.0,6.0,512.0,0.0,16.0,66250.0,0.0,0.0,LED,No,DDR5,nvidia,mid,Lenovo,Windows,amd,mid,high
234,2.19,100.0,2.0,2133.0,120.0,2.0,0.0,1024.0,4.0,33627.0,0.0,1.0,LED,No,DDR4,amd,low,HP,Windows,intel,low,low
235,2.5,141.0,2.4,1600.0,120.0,2.0,0.0,1024.0,8.0,82990.0,0.0,1.0,LED,Yes,DDR3,nvidia,low,HP,Windows,intel,high,high
237,2.3,100.0,1.7,1600.0,120.0,2.0,0.0,500.0,4.0,38990.0,0.0,1.0,LED,No,DDR3,amd,low,HP,Windows,intel,low,low
239,1.5,112.0,2.0,3200.0,120.0,0.0,128.0,0.0,4.0,36999.0,1.0,1.0,LED,No,DDR4,intel,low,Acer,Other,intel,low,low
240,2.2,100.0,2.2,1600.0,120.0,0.0,0.0,1024.0,4.0,39890.0,0.0,1.0,LED,No,DDR3,intel,low,HP,DOS,intel,mid,low
241,1.7,118.0,1.7,1600.0,120.0,0.0,0.0,1024.0,4.0,45890.0,0.0,1.0,LED,No,DDR3,intel,low,HP,Windows,intel,mid,low
242,1.23,243.0,4.5,3200.0,120.0,0.0,512.0,0.0,16.0,151789.0,1.0,0.0,AMOLED,Yes,LPDDR5X,intel,mid,Samsung,Windows,intel,mid,high
243,1.8,141.0,4.2,3200.0,144.0,4.0,512.0,0.0,16.0,53990.0,0.0,0.0,LED,No,DDR4,nvidia,mid,MSI,Windows,intel,mid,high
245,1.8,141.0,2.2,2133.0,120.0,0.0,0.0,0.0,4.0,77154.0,0.0,1.0,LED,Yes,DDR4,intel,low,HP,Google Chrome,intel,low,low
246,2.8,100.0,2.4,1600.0,120.0,0.0,0.0,500.0,4.0,39290.0,0.0,1.0,LED,Yes,DDR3,intel,low,HP,Windows,intel,low,low
247,2.6,127.0,2.7,3200.0,144.0,4.0,512.0,0.0,16.0,49490.0,0.0,0.0,LED,No,DDR4,nvidia,low,Asus,Windows,intel,mid,high
248,2.3,141.0,2.3,3200.0,120.0,4.0,256.0,1024.0,8.0,66890.0,1.0,0.0,LED,No,DDR4,nvidia,low,Acer,Windows,amd,high,high
250,2.0,100.0,1.8,1600.0,120.0,0.0,0.0,500.0,4.0,36990.0,0.0,1.0,LED,No,DDR3,intel,low,HP,Windows,intel,low,low
251,2.81,141.0,4.8,4800.0,120.0,6.0,512.0,0.0,8.0,69990.0,0.0,0.0,LED,No,DDR4,nvidia,mid,Dell,Windows,amd,mid,high
253,2.4,141.0,2.7,3200.0,120.0,4.0,512.0,0.0,16.0,90490.0,0.0,0.0,LED,No,DDR4,nvidia,mid,Lenovo,Windows,intel,mid,high
254,2.2,100.0,2.0,1600.0,120.0,2.0,0.0,1024.0,8.0,53811.0,0.0,1.0,LED,No,DDR3,nvidia,low,HP,Windows,intel,mid,low
255,1.5,157.0,3.3,3200.0,60.0,0.0,512.0,0.0,8.0,46885.0,1.0,0.0,LED,No,DDR4,intel,low,Lenovo,Windows,intel,mid,low
256,1.98,141.0,3.3,4800.0,144.0,4.0,512.0,0.0,16.0,55990.0,0.0,0.0,LED,No,DDR5,nvidia,low,MSI,Windows,intel,mid,high
257,2.1,100.0,1.8,1600.0,120.0,0.0,0.0,500.0,2.0,19499.0,0.0,1.0,Other,No,DDR3,intel,low,Asus,DOS,intel,low,low
258,2.2,100.0,2.2,1600.0,120.0,2.0,0.0,1024.0,8.0,52990.0,0.0,1.0,LED,No,DDR3,nvidia,low,HP,Windows,intel,mid,low
260,2.4,141.0,2.3,2133.0,120.0,2.0,0.0,1024.0,4.0,45274.0,0.0,1.0,LED,No,DDR4,nvidia,low,Asus,Windows,intel,mid,low
261,2.03,112.0,1.6,1600.0,120.0,2.0,0.0,1024.0,4.0,51784.0,0.0,1.0,LED,No,DDR3,nvidia,low,HP,Windows,intel,mid,low
262,2.2,141.0,4.2,3200.0,120.0,4.0,512.0,0.0,8.0,70990.0,0.0,1.0,LED,No,DDR4,nvidia,mid,Asus,Windows,intel,mid,high
263,1.74,100.0,2.8,2666.0,120.0,0.0,0.0,1024.0,4.0,43999.0,0.0,1.0,LED,No,DDR4,intel,low,HP,Windows,intel,low,low
264,1.8,157.0,2.2,1600.0,120.0,0.0,8.0,500.0,4.0,61390.0,0.0,1.0,LED,Yes,DDR3,intel,low,Lenovo,Windows,intel,mid,low
265,1.7,212.0,4.7,3200.0,120.0,0.0,1024.0,0.0,16.0,80990.0,1.0,0.0,OLED,No,LPDDR5,intel,mid,Asus,Windows,intel,mid,high
266,1.86,141.0,2.0,2133.0,120.0,2.0,0.0,2048.0,8.0,37490.0,0.0,1.0,LED,No,DDR4,amd,low,HP,DOS,intel,low,low
267,2.3,100.0,2.1,1600.0,120.0,0.0,0.0,500.0,4.0,75279.0,0.0,1.0,LED,Yes,DDR3,intel,low,HP,Windows,intel,low,low
268,2.3,141.0,2.4,1600.0,120.0,4.0,0.0,1024.0,8.0,77490.0,0.0,1.0,LED,No,DDR3,nvidia,low,HP,Windows,intel,high,low
269,1.7,210.0,2.8,3200.0,120.0,6.0,1024.0,0.0,16.0,164990.0,0.0,0.0,LED,No,DDR4,nvidia,mid,Asus,Windows,amd,high,high
270,1.88,138.0,2.0,3200.0,60.0,0.0,512.0,0.0,16.0,54990.0,1.0,0.0,LED,No,DDR4,amd,low,Asus,Windows,amd,high,low
271,1.38,162.0,4.6,5200.0,120.0,0.0,512.0,0.0,16.0,77990.0,0.0,1.0,LED,No,LPDDR5X,intel,mid,HP,Windows,intel,mid,low
272,1.2,135.0,1.6,1600.0,120.0,0.0,0.0,500.0,2.0,17500.0,0.0,1.0,LED,No,DDR3,intel,low,Asus,DOS,intel,low,low
273,1.34,112.0,2.4,3200.0,120.0,0.0,256.0,0.0,8.0,33490.0,1.0,1.0,LED,No,DDR4,amd,low,Other,Windows,amd,low,low
274,1.17,157.0,1.0,3200.0,120.0,0.0,512.0,0.0,8.0,58990.0,0.0,1.0,LED,No,LPDDR4X,intel,low,Asus,Windows,intel,mid,low
275,3.21,127.0,2.6,2666.0,144.0,8.0,512.0,0.0,16.0,499373.0,0.0,0.0,LED,No,DDR4,nvidia,high,HP,Windows,intel,high,high
276,2.3,100.0,1.7,1600.0,120.0,0.0,0.0,500.0,4.0,36390.0,0.0,1.0,LED,No,DDR3,intel,low,HP,Windows,intel,low,low
277,1.55,157.0,1.2,2666.0,120.0,0.0,0.0,1024.0,4.0,37990.0,0.0,1.0,LED,No,DDR4,intel,low,Lenovo,Windows,intel,low,low
279,1.77,157.0,1.6,2666.0,120.0,0.0,128.0,1024.0,8.0,59990.0,0.0,1.0,LED,Yes,DDR4,intel,low,Lenovo,Windows,intel,mid,low
280,1.8,141.0,2.0,5200.0,120.0,4.0,512.0,0.0,16.0,71039.0,0.0,1.0,OLED,No,LPDDR5,nvidia,mid,Asus,Windows,intel,mid,high
281,2.3,100.0,1.6,3200.0,120.0,1.0,0.0,500.0,4.0,40400.0,1.0,1.0,LED,No,DDR3,nvidia,low,Asus,Windows,intel,mid,low
282,1.4,157.0,0.8,3200.0,60.0,0.0,256.0,0.0,8.0,54990.0,1.0,0.0,LED,No,DDR4,intel,low,MSI,Windows,intel,low,low
284,2.3,141.0,3.0,3200.0,144.0,6.0,1024.0,0.0,16.0,122990.0,1.0,0.0,LED,No,DDR4,nvidia,mid,Asus,Windows,amd,high,high
285,2.3,141.0,4.6,3200.0,300.0,16.0,1024.0,0.0,32.0,229990.0,0.0,0.0,LED,No,DDR4,nvidia,high,Asus,Windows,amd,high,high
286,1.34,162.0,3.4,5600.0,60.0,0.0,1024.0,0.0,16.0,110990.0,0.0,0.0,LED,No,DDR5,intel,low,Lenovo,Windows,intel,high,mid
287,1.88,142.0,5.0,3200.0,60.0,0.0,512.0,0.0,16.0,72990.0,1.0,0.0,LED,No,DDR4,intel,mid,Asus,Windows,intel,high,high
289,2.25,188.0,4.7,3200.0,165.0,6.0,1024.0,0.0,16.0,129000.0,1.0,0.0,LED,No,DDR4,nvidia,mid,MSI,Windows,intel,high,high
291,2.38,141.0,2.2,3200.0,144.0,6.0,1024.0,0.0,16.0,154990.0,0.0,0.0,LED,No,DDR4,nvidia,mid,MSI,Windows,intel,high,high
292,3.3,255.0,5.6,3200.0,144.0,16.0,4096.0,0.0,64.0,499990.0,1.0,0.0,Mini LED,No,DDR5,nvidia,high,MSI,Windows,intel,high,high
293,1.47,112.0,4.0,3200.0,120.0,0.0,512.0,0.0,8.0,33291.0,0.0,1.0,LED,No,DDR4,intel,low,HP,Windows,intel,low,low
294,1.68,157.0,1.2,2666.0,120.0,0.0,256.0,0.0,4.0,42315.0,0.0,1.0,LED,No,DDR4,intel,low,Dell,Windows,intel,low,low
295,1.7,118.0,2.1,1600.0,120.0,0.0,0.0,1024.0,4.0,41890.0,0.0,1.0,LED,No,DDR3,intel,low,HP,Windows,intel,low,low
296,1.6,157.0,4.4,3200.0,144.0,6.0,1024.0,0.0,16.0,202990.0,0.0,0.0,LED,No,DDR4,nvidia,mid,Asus,Windows,amd,high,high
297,2.6,102.0,2.5,3200.0,120.0,1.0,0.0,500.0,4.0,40676.0,1.0,1.0,LED,No,DDR3,amd,low,Lenovo,DOS,intel,mid,mid
298,2.1,100.0,2.0,2133.0,120.0,0.0,0.0,1024.0,8.0,30570.0,0.0,1.0,LED,No,DDR4,intel,low,HP,DOS,intel,low,low
299,1.89,189.0,5.0,5200.0,120.0,0.0,1024.0,0.0,16.0,80190.0,0.0,1.0,LED,No,LPDDR5,intel,mid,Lenovo,Windows,intel,high,high
300,1.7,210.0,3.0,3200.0,120.0,4.0,1024.0,0.0,16.0,137990.0,0.0,0.0,LED,No,DDR4,nvidia,mid,Asus,Windows,amd,high,high
301,1.25,135.0,1.6,3200.0,120.0,0.0,0.0,500.0,2.0,18688.0,1.0,1.0,LCD,No,DDR3,intel,low,Acer,Windows,intel,low,low
302,1.8,142.0,2.5,3200.0,60.0,4.0,1024.0,0.0,16.0,64990.0,1.0,0.0,LED,No,DDR4,nvidia,mid,Asus,Windows,intel,mid,high
303,1.29,157.0,1.2,3200.0,120.0,0.0,512.0,0.0,16.0,89990.0,1.0,1.0,LED,No,LPDDR4X,intel,mid,MSI,Windows,intel,high,low
304,2.4,100.0,1.1,1600.0,120.0,0.0,0.0,1024.0,4.0,27999.0,0.0,1.0,LED,No,DDR3,intel,low,Acer,Windows,intel,low,low
305,1.34,135.0,2.0,4266.0,120.0,0.0,0.0,0.0,4.0,11990.0,0.0,1.0,LED,No,LPDDR4X,mediatek,low,HP,Google Chrome,mediatek,low,low
306,1.8,142.0,2.5,3200.0,60.0,4.0,512.0,0.0,16.0,59990.0,1.0,0.0,LED,No,DDR4,nvidia,low,Asus,Windows,intel,mid,high
307,1.3,169.0,4.4,3200.0,120.0,4.0,1024.0,0.0,16.0,96000.0,1.0,0.0,LED,No,LPDDR4X,nvidia,low,Asus,Windows,amd,high,high
308,1.59,157.0,2.4,3200.0,120.0,4.0,1024.0,0.0,16.0,78999.0,0.0,1.0,LED,No,DDR4,nvidia,low,HP,Windows,intel,mid,low
309,2.3,100.0,1.7,1600.0,120.0,0.0,0.0,500.0,4.0,35990.0,0.0,1.0,LED,No,DDR3,intel,low,HP,Windows,intel,low,low
310,2.3,188.0,2.5,4800.0,240.0,8.0,1024.0,0.0,32.0,189990.0,0.0,0.0,LED,No,DDR5,nvidia,high,Asus,Windows,intel,high,high
311,2.2,100.0,1.6,1600.0,120.0,0.0,0.0,500.0,4.0,24000.0,0.0,1.0,LED,No,DDR3,intel,low,Asus,DOS,intel,low,low
312,2.2,141.0,2.8,2400.0,120.0,2.0,0.0,1024.0,8.0,73462.0,0.0,1.0,LED,No,DDR4,nvidia,low,MSI,DOS,intel,high,high
314,2.3,141.0,2.9,3200.0,144.0,4.0,512.0,0.0,8.0,85990.0,0.0,0.0,LED,No,DDR4,nvidia,mid,Asus,Windows,amd,high,high
315,2.3,188.0,3.3,3200.0,165.0,16.0,2048.0,0.0,32.0,262990.0,0.0,0.0,LED,No,DDR4,nvidia,high,Asus,Windows,amd,high,high
316,1.7,141.0,2.5,3200.0,60.0,0.0,512.0,0.0,16.0,54490.0,0.0,0.0,LED,No,DDR4,intel,mid,Asus,Windows,intel,mid,high
317,2.2,141.0,5.0,3200.0,144.0,6.0,1024.0,0.0,16.0,116500.0,0.0,0.0,LED,No,DDR4,nvidia,mid,Asus,Windows,intel,high,high
318,2.48,141.0,2.3,3200.0,300.0,8.0,2048.0,0.0,32.0,299890.0,0.0,0.0,LED,No,DDR4,nvidia,high,Asus,Windows,intel,high,high
319,2.99,189.0,5.4,4800.0,240.0,8.0,1024.0,0.0,16.0,149900.0,0.0,0.0,LED,No,DDR5,nvidia,mid,Dell,Windows,intel,high,high
320,1.6,157.0,1.8,2400.0,120.0,0.0,256.0,0.0,8.0,70590.0,0.0,1.0,LED,No,DDR4,intel,low,HP,Windows,intel,mid,low
321,2.3,141.0,2.3,1600.0,120.0,2.0,0.0,1024.0,8.0,69160.0,0.0,1.0,LED,Yes,DDR3,nvidia,low,HP,Windows,intel,mid,low
322,1.9,141.0,1.6,3200.0,120.0,0.0,0.0,1024.0,8.0,44990.0,1.0,1.0,LED,No,DDR4,intel,low,Asus,Windows,intel,mid,low
323,1.75,100.0,2.4,2133.0,120.0,0.0,0.0,1024.0,4.0,24500.0,0.0,1.0,LED,No,DDR4,amd,low,Lenovo,Windows,amd,low,low
324,1.79,112.0,2.0,1600.0,120.0,0.0,0.0,500.0,4.0,25990.0,0.0,1.0,LED,No,DDR3,intel,low,HP,DOS,intel,low,low
325,1.3,111.0,1.1,2400.0,60.0,0.0,128.0,0.0,4.0,16990.0,0.0,0.0,LED,No,LPDDR4,intel,low,Other,Windows,intel,low,low
326,2.26,141.0,3.1,4800.0,120.0,4.0,1024.0,0.0,32.0,108000.0,0.0,1.0,LED,No,DDR5,nvidia,mid,Lenovo,Windows,amd,high,high
327,2.3,141.0,2.9,3200.0,144.0,4.0,1024.0,0.0,8.0,92990.0,0.0,0.0,LCD,No,DDR4,nvidia,mid,Asus,Windows,amd,high,high
328,1.9,141.0,3.1,3200.0,165.0,6.0,1024.0,0.0,16.0,107000.0,0.0,0.0,LED,No,DDR4,nvidia,mid,Asus,Windows,amd,high,high
329,2.3,141.0,2.5,2933.0,120.0,4.0,256.0,1024.0,8.0,132999.0,0.0,1.0,LED,No,DDR4,nvidia,low,Lenovo,Windows,intel,high,high
330,1.65,157.0,1.6,2666.0,120.0,0.0,512.0,0.0,8.0,66990.0,0.0,1.0,LED,Yes,DDR4,intel,low,Lenovo,Windows,intel,mid,low
331,2.5,255.0,2.3,2666.0,60.0,8.0,1024.0,0.0,32.0,65999.0,0.0,0.0,LED,No,DDR4,nvidia,high,MSI,Windows,intel,high,high
332,2.34,157.0,4.3,3200.0,60.0,0.0,512.0,0.0,16.0,43990.0,1.0,0.0,LED,No,DDR5,amd,low,Asus,Windows,amd,mid,low
333,2.3,141.0,2.6,2933.0,120.0,4.0,256.0,1024.0,16.0,134500.0,0.0,1.0,LED,No,DDR4,nvidia,low,Lenovo,Windows,intel,high,high
334,1.88,142.0,4.7,3200.0,60.0,0.0,512.0,0.0,16.0,62990.0,1.0,0.0,LED,No,DDR4,intel,mid,Asus,Windows,intel,mid,high
335,1.6,141.0,3.3,3200.0,60.0,0.0,512.0,0.0,8.0,72490.0,0.0,0.0,LED,Yes,DDR4,intel,mid,HP,Windows,intel,mid,low
336,1.85,189.0,2.0,7500.0,240.0,8.0,2048.0,0.0,32.0,264990.0,0.0,0.0,OLED,No,LPDDR5X,nvidia,high,Asus,Windows,amd,high,high
337,1.34,112.0,2.1,3200.0,120.0,0.0,256.0,0.0,4.0,19990.0,1.0,1.0,LED,No,DDR4,intel,low,Other,Windows,intel,low,low
338,2.8,170.0,4.8,4800.0,240.0,8.0,1024.0,0.0,16.0,174990.0,0.0,0.0,LED,No,DDR5,nvidia,mid,Asus,Windows,amd,high,high
339,2.25,141.0,4.2,3200.0,144.0,6.0,512.0,0.0,16.0,67990.0,1.0,0.0,LED,No,DDR5,nvidia,mid,MSI,Windows,amd,mid,high
340,1.87,142.0,4.2,3200.0,120.0,2.0,512.0,0.0,16.0,76590.0,0.0,1.0,LED,No,DDR4,nvidia,mid,Dell,Windows,intel,mid,mid
342,1.46,157.0,1.2,1600.0,120.0,0.0,512.0,0.0,8.0,64990.0,0.0,1.0,LED,No,DDR3,intel,low,Other,Windows,intel,mid,mid
343,1.53,157.0,2.4,3200.0,120.0,0.0,512.0,0.0,16.0,89990.0,0.0,1.0,LED,No,DDR4,intel,low,Lenovo,Windows,intel,mid,low
344,2.3,141.0,4.7,3200.0,300.0,6.0,1024.0,0.0,16.0,87044.0,1.0,0.0,LED,No,DDR5,nvidia,mid,Asus,Windows,amd,high,high
345,1.6,157.0,2.1,3200.0,120.0,0.0,0.0,1024.0,4.0,39990.0,1.0,1.0,LED,No,DDR4,intel,low,Asus,Windows,intel,low,low
346,2.1,141.0,3.3,3200.0,120.0,4.0,1024.0,0.0,8.0,109990.0,1.0,1.0,LED,No,DDR4,nvidia,mid,Asus,Windows,amd,high,high
347,1.6,157.0,2.3,2133.0,120.0,0.0,0.0,1024.0,4.0,34390.0,0.0,1.0,LED,No,DDR4,amd,low,Lenovo,Windows,amd,low,low
348,1.7,112.0,1.6,3200.0,120.0,0.0,512.0,0.0,8.0,81500.0,1.0,1.0,LED,No,DDR4,intel,low,Lenovo,Windows,intel,mid,low
349,2.1,141.0,3.3,3200.0,144.0,4.0,1024.0,0.0,16.0,108990.0,1.0,0.0,LED,No,DDR4,nvidia,mid,Asus,Windows,amd,high,high
350,4.04,168.0,4.8,4800.0,165.0,16.0,1024.0,0.0,64.0,451099.0,0.0,0.0,LED,No,DDR5,nvidia,high,Dell,Windows,intel,high,high
351,1.17,169.0,4.7,3200.0,120.0,0.0,512.0,0.0,16.0,121990.0,1.0,1.0,LED,No,LPDDR5,intel,mid,Dell,Windows,intel,high,low
352,2.6,127.0,2.3,3200.0,300.0,8.0,1024.0,0.0,32.0,239990.0,0.0,0.0,LED,No,DDR4,nvidia,high,Asus,Windows,intel,high,high
353,1.0,166.0,3.3,2933.0,120.0,0.0,128.0,0.0,4.0,45990.0,0.0,1.0,OLED,Yes,DDR4,intel,low,Asus,Windows,intel,low,low
355,1.3,112.0,2.0,3733.0,120.0,0.0,0.0,0.0,4.0,20490.0,0.0,1.0,LED,No,DDR4,mediatek,low,Lenovo,Google Chrome,mediatek,low,low
356,1.6,162.0,4.9,5200.0,144.0,6.0,512.0,0.0,16.0,70990.0,0.0,0.0,IPS LCD,No,DDR5,nvidia,mid,MSI,Windows,intel,high,high
357,1.38,162.0,4.6,5200.0,120.0,0.0,512.0,0.0,16.0,69990.0,0.0,1.0,LED,No,LPDDR5,intel,mid,HP,Windows,intel,mid,low
358,1.78,142.0,4.5,5200.0,120.0,0.0,512.0,0.0,8.0,32990.0,0.0,1.0,LED,No,LPDDR4X,intel,mid,Other,Windows,intel,low,low
359,1.77,157.0,1.6,3200.0,120.0,0.0,0.0,500.0,4.0,52990.0,1.0,1.0,LED,No,DDR4,intel,low,Lenovo,DOS,intel,mid,low
360,2.5,127.0,2.8,3200.0,144.0,4.0,512.0,0.0,16.0,103990.0,0.0,0.0,LED,No,DDR4,nvidia,mid,Asus,Windows,amd,mid,high
361,2.85,127.0,2.6,3200.0,120.0,6.0,1024.0,0.0,16.0,123500.0,1.0,1.0,LED,No,DDR4,nvidia,mid,Asus,Windows,intel,high,high
362,2.99,189.0,5.4,4800.0,240.0,8.0,1024.0,0.0,16.0,149990.0,0.0,0.0,LED,No,DDR5,nvidia,high,Dell,Windows,intel,high,high
363,1.19,169.0,4.8,7467.0,120.0,0.0,512.0,0.0,16.0,169450.0,0.0,0.0,LED,No,LPDDR5X,intel,mid,Dell,Windows,intel,high,high
364,2.25,141.0,4.7,3200.0,144.0,8.0,1024.0,0.0,16.0,105440.0,1.0,0.0,LED,No,DDR5,nvidia,mid,MSI,Windows,amd,high,high
365,1.45,157.0,2.8,3200.0,120.0,0.0,512.0,0.0,8.0,46000.0,1.0,1.0,TFT LCD,No,DDR4,intel,low,Acer,Windows,intel,low,low
366,1.35,216.0,4.2,3200.0,60.0,0.0,1024.0,0.0,16.0,74990.0,1.0,0.0,LED,No,LPDDR4,amd,low,Asus,Windows,amd,mid,low
367,1.39,243.0,5.0,3200.0,90.0,0.0,512.0,0.0,16.0,94990.0,1.0,0.0,OLED,Yes,LPDDR5,intel,mid,Asus,Windows,intel,high,mid
368,1.92,127.0,2.9,3200.0,144.0,4.0,512.0,0.0,16.0,95990.0,0.0,0.0,LED,No,DDR4,nvidia,mid,Asus,Windows,intel,high,high
369,2.3,141.0,3.0,3200.0,300.0,4.0,1024.0,0.0,16.0,97990.0,0.0,0.0,LED,No,DDR4,nvidia,mid,Asus,Windows,amd,high,high
370,1.7,157.0,3.0,3200.0,120.0,4.0,512.0,0.0,8.0,81990.0,0.0,1.0,LED,No,DDR4,nvidia,low,Asus,Windows,amd,mid,high
371,2.3,141.0,3.3,3200.0,300.0,6.0,1024.0,0.0,16.0,150990.0,0.0,0.0,LED,No,DDR4,nvidia,mid,Asus,Windows,amd,high,high
372,2.1,100.0,1.6,3200.0,120.0,0.0,0.0,500.0,4.0,25900.0,1.0,1.0,LED,No,DDR3,intel,low,Asus,DOS,intel,low,low
373,2.2,100.0,2.0,2133.0,120.0,0.0,0.0,1024.0,4.0,36900.0,0.0,1.0,LED,No,DDR4,intel,low,Lenovo,Windows,intel,low,low
374,1.9,188.0,3.0,3200.0,165.0,6.0,1024.0,0.0,16.0,149000.0,1.0,0.0,LED,No,DDR4,nvidia,mid,Asus,Windows,amd,high,high
375,2.1,100.0,2.0,1600.0,120.0,0.0,0.0,1024.0,8.0,99720.0,0.0,1.0,LED,No,DDR3,intel,low,Lenovo,Windows,intel,high,low
376,2.38,141.0,4.6,4800.0,144.0,6.0,512.0,0.0,24.0,88490.0,0.0,0.0,IPS LCD,No,DDR5,nvidia,mid,Lenovo,Windows,intel,mid,high
378,1.38,157.0,4.6,3200.0,120.0,0.0,512.0,0.0,8.0,86499.0,0.0,1.0,IPS LCD,No,DDR4,intel,mid,HP,Windows,intel,mid,low
379,1.3,338.0,3.0,4266.0,60.0,4.0,1024.0,0.0,16.0,149500.0,0.0,0.0,LED,No,LPDDR4X,nvidia,low,Asus,Windows,amd,high,high
380,1.62,141.0,4.3,3200.0,120.0,0.0,512.0,0.0,16.0,42991.0,0.0,1.0,LED,No,DDR4,amd,low,Lenovo,Windows,amd,mid,low
381,1.18,243.0,4.8,7500.0,120.0,0.0,1024.0,0.0,32.0,178499.0,0.0,1.0,OLED,No,LPDDR5X,intel,mid,HP,Windows,intel,high,high
382,1.15,170.0,4.7,6400.0,60.0,0.0,512.0,0.0,16.0,63990.0,0.0,0.0,LED,No,LPDDR5X,amd,mid,Lenovo,Windows,amd,high,high
383,1.62,141.0,4.3,3200.0,60.0,0.0,512.0,0.0,16.0,42790.0,0.0,0.0,LED,No,DDR4,amd,low,Lenovo,Windows,amd,mid,low
384,1.39,243.0,5.4,8533.0,120.0,0.0,1024.0,0.0,32.0,129991.0,0.0,0.0,OLED,No,LPDDR5X,intel,mid,Lenovo,Windows,intel,high,high
385,1.62,141.0,4.5,3200.0,60.0,0.0,512.0,0.0,16.0,47990.0,0.0,0.0,LED,No,DDR4,amd,low,Lenovo,Windows,amd,high,low
386,1.19,162.0,4.5,8533.0,60.0,0.0,1024.0,0.0,16.0,104991.0,0.0,0.0,OLED,No,LPDDR5X,intel,mid,Lenovo,Windows,intel,mid,low
387,1.39,243.0,4.3,6400.0,120.0,0.0,512.0,0.0,16.0,114999.0,0.0,0.0,OLED,Yes,LPDDR5,intel,mid,HP,Windows,intel,mid,low
388,1.88,142.0,4.6,3200.0,60.0,0.0,512.0,0.0,16.0,56990.0,1.0,0.0,LED,No,DDR4,intel,low,Asus,Windows,intel,mid,high
389,1.39,162.0,4.8,7467.0,60.0,0.0,1024.0,0.0,32.0,89990.0,0.0,0.0,OLED,No,LPDDR5X,intel,mid,Lenovo,Windows,intel,high,high
390,1.6,162.0,5.0,6400.0,60.0,0.0,512.0,0.0,16.0,74990.0,0.0,0.0,LED,Yes,LPDDR5X,amd,mid,Lenovo,Windows,amd,mid,high
391,1.72,212.0,5.4,8533.0,120.0,0.0,1024.0,0.0,32.0,129991.0,0.0,0.0,OLED,No,LPDDR5X,intel,mid,Lenovo,Windows,intel,high,high
392,1.0,227.0,5.0,7500.0,120.0,0.0,512.0,0.0,16.0,96499.0,0.0,1.0,IPS LCD,No,LPDDR5X,amd,mid,HP,Windows,amd,high,high
393,1.75,141.0,4.9,3200.0,165.0,6.0,512.0,0.0,16.0,97999.0,1.0,0.0,TFT LCD,No,DDR5,nvidia,mid,Acer,Windows,intel,high,high
395,1.79,142.0,5.0,7500.0,120.0,0.0,512.0,0.0,16.0,89999.0,0.0,1.0,IPS LCD,Yes,LPDDR5X,amd,mid,HP,Windows,amd,high,high
396,1.38,243.0,4.8,8533.0,120.0,0.0,512.0,0.0,16.0,125999.0,0.0,0.0,OLED,Yes,LPDDR5X,intel,mid,HP,Windows,intel,high,low
397,1.38,243.0,4.8,8533.0,120.0,0.0,1024.0,0.0,32.0,145999.0,0.0,0.0,OLED,Yes,LPDDR5X,intel,mid,HP,Windows,intel,high,low
398,1.62,141.0,4.5,4800.0,120.0,0.0,512.0,0.0,8.0,38490.0,0.0,1.0,LED,No,LPDDR5,intel,low,Lenovo,Windows,intel,low,low
399,1.34,243.0,5.1,8533.0,120.0,0.0,1024.0,0.0,32.0,204999.0,0.0,0.0,OLED,Yes,LPDDR5X,intel,mid,HP,Windows,intel,high,low
400,1.46,157.0,1.6,1600.0,120.0,0.0,256.0,0.0,8.0,34990.0,0.0,1.0,LED,No,DDR3,intel,low,Other,Windows,intel,mid,low
401,1.75,141.0,4.2,3200.0,120.0,0.0,512.0,0.0,8.0,50815.0,0.0,1.0,LED,Yes,DDR4,intel,mid,HP,Windows,intel,mid,low
402,1.77,100.0,2.3,1866.0,120.0,0.0,0.0,1024.0,4.0,20990.0,0.0,1.0,LED,No,DDR4,amd,low,HP,Windows,amd,low,low
403,1.24,157.0,1.2,4266.0,60.0,0.125,512.0,0.0,8.0,38990.0,0.0,0.0,LED,No,DDR4,intel,low,Other,Windows,intel,low,low
404,1.8,141.0,2.9,3200.0,120.0,4.0,512.0,0.0,16.0,71990.0,1.0,1.0,OLED,No,DDR4,nvidia,low,Asus,Windows,amd,high,high
405,2.1,141.0,1.6,2133.0,120.0,2.0,0.0,1024.0,8.0,45990.0,0.0,1.0,LED,No,DDR4,nvidia,low,Asus,Windows,intel,mid,low
406,1.85,141.0,3.3,3200.0,60.0,0.0,512.0,0.0,8.0,35890.0,0.0,0.0,LED,No,LPDDR5,intel,low,Dell,Windows,intel,low,low
407,1.83,141.0,2.6,2400.0,120.0,0.0,256.0,0.0,8.0,33500.0,0.0,1.0,LED,No,DDR4,amd,low,Dell,Windows,amd,low,low
408,1.75,141.0,2.4,5500.0,60.0,0.0,512.0,0.0,8.0,29990.0,0.0,0.0,LED,No,LPDDR5,amd,low,HP,Windows,amd,low,low
409,1.6,157.0,1.0,2666.0,120.0,0.0,512.0,0.0,8.0,58990.0,0.0,1.0,LED,No,DDR4,intel,low,Lenovo,Windows,intel,mid,low
410,2.1,141.0,1.1,1600.0,120.0,0.0,0.0,500.0,4.0,22999.0,0.0,1.0,LED,No,DDR3,intel,low,Acer,Other,intel,low,low
411,1.7,141.0,2.1,3200.0,60.0,0.0,512.0,0.0,8.0,61490.0,1.0,0.0,LED,No,DDR4,intel,low,Lenovo,Windows,intel,low,low
412,2.2,100.0,3.0,2133.0,120.0,0.0,0.0,1024.0,4.0,22341.0,0.0,1.0,LED,No,DDR4,amd,low,Lenovo,DOS,amd,low,low
413,1.86,141.0,2.4,2400.0,120.0,4.0,0.0,1024.0,8.0,53990.0,0.0,1.0,LED,No,DDR4,nvidia,low,MSI,Windows,intel,mid,high
414,1.25,157.0,1.6,3200.0,120.0,0.0,256.0,0.0,8.0,40890.0,1.0,1.0,LED,No,DDR3,intel,low,Other,Windows,intel,mid,low
415,1.96,112.0,2.3,2400.0,120.0,0.0,0.0,1024.0,4.0,30990.0,0.0,1.0,LED,No,DDR4,intel,low,Dell,Windows,intel,low,low
416,1.41,157.0,3.0,3200.0,120.0,0.0,256.0,0.0,8.0,35999.0,0.0,1.0,LED,No,DDR4,intel,low,Lenovo,Windows,intel,low,low
417,1.7,100.0,2.3,2400.0,60.0,0.0,512.0,0.0,8.0,29990.0,0.0,0.0,LED,No,DDR4,amd,low,HP,Windows,amd,low,low
418,1.58,157.0,1.2,2666.0,120.0,0.0,256.0,0.0,4.0,34254.0,0.0,1.0,LED,No,DDR4,intel,low,Dell,Windows,intel,low,low
419,1.8,141.0,4.0,3200.0,60.0,0.0,256.0,0.0,8.0,32800.0,1.0,0.0,LED,No,DDR4,intel,low,Asus,Windows,intel,low,low
420,1.74,141.0,2.1,2400.0,120.0,0.0,0.0,1024.0,8.0,33999.0,0.0,1.0,LED,No,DDR4,intel,low,HP,Windows,intel,low,low
421,1.6,157.0,4.0,3200.0,120.0,0.0,512.0,0.0,16.0,38990.0,1.0,1.0,LED,No,DDR4,amd,low,Asus,Windows,amd,high,low
422,2.5,141.0,2.5,3200.0,144.0,6.0,256.0,1024.0,16.0,95490.0,1.0,0.0,LED,No,DDR4,nvidia,mid,Acer,Windows,intel,mid,high
423,2.2,141.0,3.1,3200.0,144.0,4.0,512.0,0.0,8.0,53990.0,0.0,0.0,LED,No,DDR4,nvidia,low,Lenovo,Windows,intel,mid,high
424,1.4,243.0,3.3,3200.0,90.0,0.0,512.0,0.0,16.0,51999.0,1.0,0.0,OLED,No,LPDDR4X,amd,low,Asus,Windows,amd,mid,high
425,1.4,157.0,2.5,3200.0,60.0,0.0,0.0,0.0,8.0,40630.0,1.0,0.0,LED,No,DDR4,intel,mid,MSI,Windows,intel,mid,low
426,2.3,141.0,2.9,3200.0,144.0,4.0,512.0,0.0,8.0,74990.0,0.0,0.0,LED,No,DDR4,nvidia,mid,Asus,Windows,amd,high,high
427,1.49,157.0,2.5,3200.0,120.0,0.0,512.0,0.0,8.0,31999.0,1.0,1.0,LED,No,DDR4,intel,mid,Acer,Windows,intel,mid,low
429,1.49,157.0,4.5,3200.0,120.0,0.0,512.0,0.0,16.0,44750.0,1.0,1.0,LED,No,DDR4,intel,mid,Acer,Windows,intel,mid,low
430,1.4,112.0,2.0,2133.0,120.0,0.0,0.0,1024.0,4.0,27999.0,0.0,1.0,LED,No,DDR4,intel,low,Dell,Windows,intel,low,low
431,2.3,141.0,2.6,3200.0,144.0,4.0,512.0,0.0,16.0,88990.0,0.0,0.0,LED,No,DDR4,nvidia,low,Asus,Windows,intel,high,high
432,1.86,141.0,2.7,3200.0,60.0,4.0,512.0,0.0,16.0,53990.0,1.0,0.0,LED,No,DDR4,nvidia,low,MSI,Windows,intel,mid,high
433,1.86,141.0,2.6,3200.0,60.0,4.0,256.0,1024.0,8.0,75990.0,1.0,0.0,LED,No,DDR4,nvidia,low,MSI,Windows,intel,high,high
434,2.3,141.0,2.7,3200.0,144.0,4.0,512.0,0.0,8.0,52999.0,0.0,0.0,LED,No,DDR4,nvidia,low,Asus,Windows,intel,mid,high
435,1.7,141.0,2.1,3200.0,120.0,0.0,512.0,0.0,8.0,36990.0,1.0,1.0,LED,No,DDR4,amd,low,Lenovo,Windows,amd,mid,low
436,2.3,141.0,3.0,3200.0,120.0,4.0,512.0,0.0,8.0,67490.0,0.0,0.0,LED,No,DDR4,nvidia,low,Lenovo,Windows,amd,mid,high
437,1.85,141.0,1.2,2666.0,120.0,0.0,256.0,0.0,4.0,33990.0,0.0,1.0,LED,No,DDR4,intel,low,Lenovo,Windows,intel,low,low
438,2.4,141.0,2.3,2400.0,120.0,0.0,0.0,1024.0,4.0,30226.0,0.0,1.0,LED,No,DDR4,intel,low,Dell,Windows,intel,low,low
439,1.24,157.0,1.1,3200.0,120.0,0.0,128.0,0.0,4.0,20490.0,1.0,1.0,LED,No,LPDDR4X,intel,low,Other,Windows,intel,low,low
440,2.29,141.0,4.2,3200.0,120.0,4.0,512.0,0.0,8.0,51090.0,0.0,1.0,LED,No,DDR4,amd,mid,HP,Windows,amd,mid,high
441,1.47,112.0,2.3,1866.0,120.0,0.0,256.0,0.0,4.0,19701.0,0.0,1.0,LED,No,DDR4,amd,low,HP,Windows,amd,low,low
442,1.0,141.0,2.8,3200.0,60.0,0.0,512.0,0.0,8.0,36990.0,1.0,0.0,LED,No,LPDDR5,amd,low,Asus,Windows,amd,mid,low
443,1.49,112.0,2.8,2400.0,120.0,0.0,0.0,0.0,4.0,125648.0,0.0,1.0,LED,Yes,LPDDR4,intel,low,HP,Google Chrome,intel,low,low
444,2.62,141.0,2.8,2133.0,120.0,4.0,0.0,1024.0,8.0,86000.0,0.0,1.0,LED,No,DDR4,nvidia,low,Dell,Windows,intel,high,high
445,1.69,141.0,3.4,3200.0,120.0,0.0,512.0,0.0,8.0,32100.0,0.0,1.0,LED,No,DDR4,amd,low,HP,Windows,amd,low,low
446,2.0,141.0,2.2,1600.0,120.0,0.0,0.0,1024.0,4.0,24999.0,0.0,1.0,LED,No,DDR3,amd,low,Asus,Windows,amd,low,low
448,2.0,141.0,1.8,2400.0,120.0,4.0,256.0,1024.0,8.0,92382.0,0.0,1.0,LED,No,DDR4,nvidia,low,Dell,Windows,intel,high,low
449,2.1,141.0,3.3,3200.0,120.0,4.0,512.0,0.0,16.0,47690.0,1.0,1.0,LED,No,DDR4,nvidia,low,Acer,Windows,intel,mid,mid
450,1.46,112.0,1.1,2400.0,120.0,0.0,64.0,0.0,4.0,27490.0,0.0,1.0,LED,No,LPDDR4,intel,low,HP,Google Chrome,intel,low,low
451,1.8,100.0,2.8,2400.0,120.0,0.0,256.0,0.0,4.0,22439.0,0.0,1.0,LED,No,DDR4,intel,low,Asus,Windows,intel,low,low
452,2.2,141.0,2.5,2933.0,120.0,4.0,512.0,0.0,8.0,53990.0,0.0,0.0,LED,No,DDR4,nvidia,low,Lenovo,Windows,intel,mid,high
453,1.09,135.0,1.3,1600.0,120.0,0.0,32.0,0.0,2.0,12743.0,0.0,1.0,LED,No,DDR3,intel,low,Other,Windows,intel,low,low
454,1.58,157.0,1.2,2666.0,120.0,0.0,256.0,1024.0,4.0,36990.0,0.0,1.0,LED,No,DDR4,intel,low,Dell,Windows,intel,low,low
455,1.49,112.0,2.8,2400.0,120.0,0.0,0.0,0.0,4.0,33000.0,0.0,1.0,LED,Yes,LPDDR4,intel,low,HP,Google Chrome,intel,low,low
456,1.43,100.0,1.1,3200.0,120.0,0.0,64.0,0.0,4.0,18585.0,1.0,1.0,LED,No,LPDDR4X,intel,low,Asus,Google Chrome,intel,low,low
457,1.3,157.0,1.1,1600.0,120.0,0.0,32.0,0.0,4.0,11990.0,0.0,1.0,LED,No,DDR3,intel,low,Other,Windows,intel,low,low
458,1.74,141.0,2.6,2400.0,120.0,0.0,0.0,1024.0,4.0,35274.0,0.0,1.0,LED,No,DDR4,amd,low,HP,Windows,amd,low,low
459,1.7,141.0,1.7,3200.0,120.0,0.0,512.0,0.0,8.0,37700.0,0.0,1.0,LED,No,DDR4,intel,low,HP,Windows,intel,low,low
460,1.41,157.0,4.0,3200.0,120.0,0.0,512.0,0.0,8.0,47999.0,0.0,1.0,LED,No,DDR4,amd,low,HP,Windows,amd,mid,low
461,1.8,141.0,1.0,3200.0,120.0,0.0,0.0,1024.0,8.0,27990.0,1.0,1.0,LED,No,DDR4,intel,low,Asus,Windows,intel,mid,low
462,2.2,100.0,2.0,2133.0,120.0,0.0,0.0,1024.0,4.0,27990.0,0.0,1.0,LED,No,DDR4,intel,low,Lenovo,Windows,intel,low,low
463,1.86,141.0,2.6,2666.0,144.0,6.0,512.0,0.0,16.0,74990.0,0.0,0.0,LED,No,DDR4,nvidia,mid,MSI,Windows,intel,high,high
464,1.25,227.0,1.6,2133.0,120.0,0.0,128.0,0.0,8.0,94990.0,0.0,1.0,LED,No,LPDDR3,intel,low,Apple,macOS,intel,mid,low
465,1.85,100.0,2.3,2400.0,120.0,0.0,0.0,1024.0,4.0,26999.0,0.0,1.0,LED,No,DDR4,amd,low,Lenovo,Windows,amd,low,low
467,1.4,157.0,1.8,2400.0,120.0,2.0,256.0,1024.0,8.0,67999.0,0.0,1.0,LED,No,DDR4,nvidia,low,Asus,Windows,intel,high,low
468,1.25,227.0,1.6,2133.0,120.0,0.0,128.0,0.0,8.0,89990.0,0.0,1.0,LED,No,LPDDR3,intel,low,Apple,macOS,intel,mid,low
469,1.86,141.0,2.8,3200.0,144.0,6.0,1024.0,0.0,16.0,80999.0,1.0,0.0,LED,No,DDR4,nvidia,mid,MSI,Windows,intel,high,high
470,1.4,157.0,4.0,2400.0,120.0,2.0,256.0,1024.0,8.0,81990.0,0.0,1.0,LED,No,DDR4,nvidia,low,Asus,Windows,intel,high,low
471,1.4,157.0,1.8,2400.0,120.0,2.0,256.0,1024.0,8.0,81990.0,0.0,1.0,LED,No,DDR4,nvidia,low,Asus,Windows,intel,high,low
472,1.35,189.0,1.2,4800.0,60.0,0.0,512.0,0.0,16.0,71990.0,0.0,0.0,LED,No,LPDDR5,intel,mid,Lenovo,Windows,intel,mid,mid
473,2.4,141.0,2.4,2400.0,144.0,6.0,256.0,1024.0,16.0,79990.0,0.0,0.0,LED,No,DDR4,nvidia,mid,Acer,Windows,intel,mid,high
474,1.6,141.0,2.1,2400.0,60.0,0.0,512.0,0.0,4.0,38990.0,0.0,0.0,LED,No,DDR4,intel,low,Asus,Windows,intel,low,low
475,1.63,141.0,1.2,3200.0,120.0,0.0,256.0,0.0,8.0,33490.0,1.0,1.0,LED,No,DDR4,intel,low,Lenovo,Windows,intel,low,low
476,2.1,141.0,3.3,3200.0,144.0,4.0,1024.0,0.0,8.0,103990.0,1.0,0.0,LED,No,DDR4,nvidia,mid,Asus,Windows,amd,mid,high
477,1.75,141.0,4.1,3200.0,120.0,0.0,512.0,0.0,8.0,31806.0,1.0,1.0,LED,No,DDR4,intel,low,Acer,Windows,intel,low,low
478,1.77,100.0,2.5,2400.0,120.0,0.0,0.0,1024.0,4.0,27490.0,0.0,1.0,LED,No,DDR4,amd,low,HP,Windows,amd,low,low
479,2.1,100.0,2.4,2133.0,120.0,0.0,0.0,1024.0,8.0,32063.0,0.0,1.0,LED,No,DDR4,intel,low,HP,DOS,intel,low,low
480,1.34,112.0,1.1,3200.0,120.0,0.0,64.0,0.0,4.0,23400.0,1.0,1.0,LED,No,LPDDR4X,intel,low,Asus,Google Chrome,intel,low,low
481,2.2,141.0,3.0,3200.0,120.0,4.0,256.0,1024.0,8.0,69999.0,0.0,0.0,LED,No,DDR4,nvidia,low,Lenovo,Windows,amd,mid,high
482,1.75,100.0,1.5,1866.0,120.0,0.0,0.0,500.0,4.0,22553.0,0.0,1.0,LED,No,DDR4,amd,low,HP,DOS,amd,low,low
483,2.3,141.0,2.4,2666.0,120.0,4.0,256.0,1024.0,8.0,64390.0,0.0,1.0,LED,No,DDR4,nvidia,low,Lenovo,Windows,intel,mid,high
484,2.3,141.0,2.5,2933.0,120.0,4.0,256.0,1024.0,8.0,65190.0,0.0,1.0,LED,No,DDR4,nvidia,low,Acer,Windows,intel,mid,high
485,1.69,141.0,4.0,3200.0,120.0,0.0,512.0,0.0,8.0,41650.0,0.0,1.0,LED,No,DDR4,amd,low,HP,Windows,amd,mid,low
487,1.63,141.0,3.3,3200.0,60.0,0.0,512.0,0.0,8.0,35999.0,0.0,0.0,LED,No,DDR4,intel,low,Lenovo,Windows,intel,low,low
488,1.86,141.0,2.5,3200.0,60.0,4.0,0.0,1024.0,8.0,47990.0,1.0,0.0,LED,No,DDR4,nvidia,low,MSI,Windows,intel,mid,high
489,1.8,141.0,3.0,3200.0,120.0,0.0,512.0,0.0,8.0,38975.0,1.0,1.0,OLED,No,DDR4,intel,low,Asus,Windows,intel,low,low
490,1.25,227.0,1.6,2133.0,120.0,0.0,128.0,0.0,8.0,108990.0,0.0,1.0,LED,No,LPDDR3,intel,low,Apple,macOS,intel,mid,low
491,1.4,157.0,4.2,3200.0,120.0,0.0,512.0,0.0,8.0,44990.0,1.0,1.0,LED,No,DDR4,intel,mid,Asus,Windows,intel,mid,low
492,2.3,141.0,2.5,3200.0,120.0,4.0,512.0,0.0,16.0,66329.0,1.0,1.0,LED,No,DDR4,nvidia,low,Asus,Windows,intel,mid,high
493,2.6,127.0,4.5,3200.0,144.0,4.0,512.0,0.0,8.0,49980.0,0.0,0.0,LED,No,DDR4,nvidia,low,Asus,Windows,intel,mid,high
494,1.57,141.0,4.6,3200.0,120.0,0.0,512.0,0.0,8.0,49990.0,1.0,1.0,LED,No,LPDDR4X,intel,mid,Samsung,Windows,intel,mid,low
495,1.57,141.0,4.6,3200.0,120.0,0.0,512.0,0.0,16.0,66990.0,1.0,1.0,LED,No,LPDDR4X,intel,mid,Samsung,Windows,intel,mid,low
496,1.83,141.0,4.2,2666.0,120.0,0.0,0.0,1024.0,8.0,48999.0,0.0,1.0,LED,No,DDR4,intel,mid,Dell,Windows,intel,mid,low
497,2.0,100.0,1.6,1600.0,120.0,0.0,0.0,1024.0,4.0,22990.0,0.0,1.0,LED,No,DDR3,intel,low,Asus,DOS,intel,low,low
498,2.1,254.0,3.2,3200.0,120.0,0.0,1024.0,0.0,16.0,242990.0,1.0,0.0,LED,No,DDR4,apple,mid,Apple,macOS,apple,high,high
499,2.3,141.0,2.5,2933.0,144.0,4.0,1024.0,0.0,8.0,82990.0,0.0,0.0,LED,No,DDR4,nvidia,low,Asus,Windows,intel,mid,high
500,2.0,100.0,1.1,1600.0,120.0,0.0,0.0,1024.0,4.0,21990.0,0.0,1.0,LED,No,DDR3,intel,low,Asus,Windows,intel,low,low
501,1.86,141.0,3.0,3200.0,144.0,4.0,512.0,0.0,16.0,62999.0,1.0,0.0,LED,No,DDR4,nvidia,mid,MSI,Windows,intel,high,high
502,1.3,157.0,1.6,2400.0,120.0,0.0,256.0,1024.0,8.0,52990.0,0.0,1.0,LED,No,DDR4,intel,low,Asus,Windows,intel,mid,low
503,1.69,141.0,2.8,2666.0,120.0,0.0,512.0,0.0,8.0,38990.0,0.0,1.0,LED,No,DDR4,intel,low,HP,Windows,intel,low,low
504,1.86,141.0,2.3,3200.0,120.0,4.0,512.0,0.0,8.0,95990.0,1.0,1.0,LED,No,DDR4,nvidia,mid,MSI,Windows,intel,high,high
505,1.59,157.0,2.1,2400.0,60.0,0.0,256.0,0.0,8.0,42782.0,0.0,0.0,LED,No,DDR4,amd,low,Dell,Windows,amd,mid,low
506,2.3,141.0,4.0,3200.0,120.0,4.0,512.0,0.0,8.0,54899.0,0.0,1.0,LED,No,DDR4,nvidia,low,Asus,Windows,amd,mid,high
507,1.98,141.0,3.0,3200.0,144.0,4.0,256.0,1024.0,8.0,68990.0,0.0,0.0,LED,No,DDR4,nvidia,low,HP,Windows,amd,mid,high
508,1.77,141.0,2.6,2400.0,120.0,0.0,512.0,0.0,4.0,32990.0,0.0,1.0,LED,No,DDR4,amd,low,HP,Windows,amd,low,low
509,2.2,141.0,2.5,2133.0,120.0,0.0,0.0,0.0,4.0,26990.0,0.0,1.0,LED,No,DDR4,amd,low,Lenovo,Windows,amd,low,low
510,1.25,227.0,1.6,2133.0,120.0,0.0,128.0,0.0,8.0,106990.0,0.0,1.0,LED,No,LPDDR3,intel,low,Apple,macOS,intel,mid,low
511,2.2,147.0,2.5,2933.0,60.0,4.0,256.0,1024.0,8.0,67999.0,0.0,0.0,LED,No,DDR4,nvidia,low,Lenovo,Windows,intel,mid,high
512,1.8,142.0,4.2,3200.0,120.0,0.0,512.0,0.0,8.0,47389.0,0.0,1.0,OLED,No,DDR4,amd,low,Asus,Windows,amd,mid,high
513,1.74,141.0,1.6,2666.0,120.0,0.0,512.0,0.0,4.0,49490.0,0.0,1.0,LED,No,DDR4,intel,low,HP,Windows,intel,mid,low
515,1.75,141.0,4.2,3200.0,120.0,2.0,512.0,0.0,16.0,65500.0,0.0,1.0,LED,No,DDR4,nvidia,mid,HP,Windows,intel,mid,low
516,0.98,135.0,1.1,1600.0,120.0,0.0,32.0,0.0,2.0,13990.0,0.0,1.0,LED,No,DDR3,intel,low,Asus,Windows,intel,low,low
517,2.3,141.0,2.5,3200.0,120.0,4.0,256.0,1024.0,8.0,66990.0,1.0,1.0,LED,No,DDR4,nvidia,low,Acer,Windows,intel,mid,high
518,1.25,227.0,1.6,2133.0,120.0,0.0,128.0,0.0,8.0,106990.0,0.0,1.0,LED,No,LPDDR3,intel,low,Apple,macOS,intel,mid,low
519,2.3,141.0,2.6,2400.0,60.0,4.0,256.0,1024.0,8.0,69990.0,0.0,0.0,LED,No,DDR4,nvidia,low,Acer,Windows,intel,high,high
520,1.2,135.0,1.1,3200.0,120.0,0.0,256.0,0.0,4.0,23250.0,1.0,1.0,LED,No,DDR4,intel,low,Lenovo,Windows,intel,low,low
521,2.19,141.0,2.4,2400.0,120.0,4.0,0.0,1024.0,8.0,54990.0,0.0,1.0,LED,No,DDR4,nvidia,low,Lenovo,Windows,intel,mid,high
522,1.77,141.0,2.2,2400.0,120.0,0.0,0.0,1024.0,8.0,30999.0,0.0,1.0,LED,No,DDR4,intel,low,HP,Windows,intel,low,low
523,1.47,100.0,2.1,3200.0,120.0,0.0,256.0,0.0,4.0,21990.0,1.0,1.0,LED,No,DDR4,amd,low,HP,DOS,amd,low,low
524,0.9,135.0,1.1,3200.0,120.0,0.0,64.0,0.0,4.0,17990.0,1.0,1.0,LED,No,DDR3,intel,low,Asus,Windows,intel,low,low
525,1.77,157.0,2.1,3200.0,120.0,0.0,256.0,0.0,4.0,39990.0,1.0,1.0,LED,No,DDR4,intel,low,Lenovo,Windows,intel,low,low
526,1.6,141.0,2.1,2400.0,120.0,0.0,512.0,0.0,8.0,36490.0,0.0,1.0,LED,No,DDR4,amd,low,Lenovo,Windows,amd,mid,low
527,1.83,141.0,1.2,2666.0,120.0,0.0,256.0,0.0,4.0,39852.0,0.0,1.0,LED,No,DDR4,intel,low,Dell,Windows,intel,low,low
528,1.5,157.0,3.0,3200.0,120.0,0.0,256.0,0.0,8.0,49990.0,1.0,1.0,LED,Yes,DDR4,intel,low,Asus,Windows,intel,low,low
529,2.37,141.0,3.0,3200.0,120.0,4.0,512.0,0.0,8.0,86490.0,0.0,1.0,LED,No,DDR4,nvidia,mid,HP,Windows,amd,mid,high
530,1.12,135.0,2.8,3200.0,120.0,0.0,64.0,0.0,4.0,18990.0,1.0,1.0,LED,No,LPDDR4,intel,low,Lenovo,Google Chrome,intel,low,low
532,1.6,112.0,3.4,3200.0,120.0,0.0,0.0,1024.0,8.0,29489.0,1.0,1.0,LED,No,DDR4,intel,low,Asus,Windows,intel,low,low
533,0.98,135.0,2.4,1600.0,120.0,0.0,32.0,0.0,2.0,13990.0,0.0,1.0,LED,No,DDR3,intel,low,Asus,Windows,intel,low,low
534,1.86,141.0,2.5,2133.0,120.0,0.0,0.0,1024.0,8.0,46989.0,0.0,1.0,LED,No,DDR4,intel,low,HP,Windows,intel,mid,low
535,2.5,100.0,2.3,3200.0,120.0,0.0,256.0,0.0,4.0,23490.0,1.0,1.0,LED,No,DDR4,intel,low,HP,DOS,amd,low,low
536,1.75,141.0,3.3,3200.0,120.0,0.0,512.0,0.0,8.0,50460.0,1.0,1.0,LED,No,DDR4,nvidia,low,Acer,Windows,intel,mid,mid
537,1.3,157.0,1.1,1600.0,120.0,0.0,32.0,0.0,3.0,10990.0,0.0,1.0,LED,No,DDR3,intel,low,Other,Windows,intel,low,low
538,2.7,141.0,2.2,2400.0,120.0,6.0,128.0,1024.0,16.0,99990.0,0.0,1.0,LED,No,DDR4,nvidia,mid,Acer,Windows,intel,high,high
539,2.2,141.0,1.6,1600.0,120.0,0.0,0.0,1024.0,4.0,35924.0,0.0,1.0,LED,No,DDR3,intel,low,Acer,Other,intel,mid,low
540,1.8,141.0,1.6,2133.0,120.0,0.0,0.0,1024.0,8.0,39990.0,0.0,1.0,LED,No,DDR4,intel,low,Acer,Windows,intel,mid,low
541,2.33,141.0,2.6,3200.0,120.0,6.0,256.0,1024.0,16.0,130990.0,1.0,1.0,LED,No,DDR4,nvidia,mid,MSI,Windows,intel,high,high
542,1.7,141.0,2.1,2666.0,120.0,0.0,256.0,0.0,4.0,34990.0,0.0,1.0,LED,No,DDR4,intel,low,Lenovo,Windows,intel,low,low
543,2.1,141.0,3.4,2400.0,120.0,0.0,0.0,1024.0,4.0,21490.0,0.0,1.0,LED,No,DDR4,intel,low,Acer,Windows,intel,low,low
544,1.4,243.0,2.5,3200.0,120.0,0.0,512.0,0.0,8.0,59967.0,1.0,1.0,OLED,No,LPDDR5,intel,mid,Acer,Windows,intel,mid,high
545,1.5,112.0,2.8,3200.0,120.0,0.0,256.0,0.0,4.0,27979.0,1.0,1.0,LED,No,DDR4,intel,low,Lenovo,Windows,intel,low,low
546,1.4,243.0,2.5,3200.0,60.0,0.0,512.0,0.0,16.0,62323.0,1.0,0.0,OLED,No,LPDDR5,intel,mid,Acer,Windows,intel,mid,high
547,2.7,141.0,2.5,2133.0,120.0,2.0,0.0,1024.0,8.0,57386.0,0.0,1.0,LED,No,DDR4,nvidia,low,Acer,Windows,intel,mid,high
548,1.4,157.0,1.0,3200.0,120.0,2.0,512.0,0.0,8.0,57635.0,1.0,1.0,LED,No,DDR4,nvidia,low,Asus,Windows,intel,mid,low
549,1.2,112.0,1.1,3200.0,120.0,0.0,64.0,0.0,4.0,24599.0,1.0,1.0,LED,No,LPDDR4X,intel,low,Asus,Google Chrome,intel,low,low
550,2.14,141.0,2.6,3200.0,120.0,4.0,512.0,0.0,16.0,94990.0,1.0,0.0,LED,No,DDR4,nvidia,low,Asus,Windows,intel,high,high
551,1.85,141.0,2.6,3200.0,120.0,0.0,0.0,1024.0,4.0,27990.0,1.0,1.0,LED,No,DDR4,amd,low,Lenovo,Windows,amd,low,low
552,1.85,141.0,1.2,2666.0,120.0,0.0,256.0,1024.0,8.0,45562.0,0.0,1.0,LED,No,DDR4,intel,low,Dell,Windows,intel,low,low
553,2.2,141.0,2.2,2400.0,120.0,6.0,128.0,1024.0,16.0,96990.0,0.0,1.0,LED,No,DDR4,nvidia,mid,MSI,Windows,intel,high,high
554,1.86,100.0,2.4,2133.0,120.0,0.0,0.0,1024.0,4.0,28990.0,0.0,1.0,LED,No,DDR4,intel,low,HP,DOS,intel,low,low
555,1.7,141.0,4.7,3200.0,120.0,0.0,512.0,0.0,16.0,48490.0,0.0,1.0,LED,No,DDR4,intel,mid,Lenovo,Windows,intel,high,low
557,2.25,141.0,3.3,3200.0,60.0,4.0,512.0,0.0,16.0,72990.0,1.0,0.0,LED,No,DDR4,nvidia,low,Lenovo,Windows,amd,mid,high
558,2.25,141.0,3.3,3200.0,60.0,4.0,512.0,0.0,8.0,52490.0,0.0,0.0,LED,No,DDR4,nvidia,low,Lenovo,Windows,amd,mid,high
559,1.3,112.0,1.1,3200.0,120.0,0.0,256.0,0.0,8.0,24990.0,1.0,1.0,LED,No,DDR4,intel,low,Lenovo,Windows,intel,low,low
560,1.92,157.0,4.2,3200.0,60.0,0.0,512.0,0.0,8.0,59750.0,0.0,0.0,LED,No,DDR4,intel,mid,HP,Windows,intel,mid,mid
561,2.2,141.0,2.2,2400.0,120.0,4.0,128.0,1024.0,8.0,74990.0,0.0,1.0,LED,No,DDR4,nvidia,low,MSI,Windows,intel,high,high
562,1.82,141.0,2.6,2400.0,120.0,0.0,256.0,1024.0,4.0,33900.0,0.0,1.0,LED,No,DDR4,amd,low,HP,Windows,amd,low,low
564,1.86,141.0,2.4,2133.0,120.0,0.0,0.0,1024.0,4.0,28990.0,0.0,1.0,LED,No,DDR4,intel,low,HP,Windows,intel,low,low
565,1.46,157.0,4.0,3200.0,120.0,0.0,512.0,0.0,16.0,45486.0,0.0,1.0,LED,No,DDR4,amd,low,HP,Windows,amd,mid,low
566,1.77,141.0,1.6,2400.0,120.0,2.0,0.0,1024.0,8.0,50990.0,0.0,1.0,LED,No,DDR4,nvidia,low,HP,Windows,intel,mid,low
567,2.3,141.0,2.4,3200.0,120.0,4.0,256.0,1024.0,8.0,67490.0,1.0,1.0,LED,No,DDR4,nvidia,low,Lenovo,Windows,intel,mid,high
568,1.65,141.0,2.8,3200.0,120.0,0.0,256.0,0.0,8.0,34990.0,1.0,1.0,LED,No,DDR4,intel,low,Lenovo,Windows,intel,low,low
569,1.8,141.0,1.2,3200.0,120.0,0.0,256.0,1024.0,8.0,36990.0,1.0,1.0,IPS LCD,No,DDR4,intel,low,Dell,Windows,intel,low,low
570,1.41,157.0,2.1,3200.0,120.0,0.0,512.0,0.0,8.0,47900.0,0.0,1.0,LED,No,DDR4,amd,low,Lenovo,Windows,amd,mid,low
571,1.8,141.0,4.0,2400.0,120.0,0.0,512.0,0.0,16.0,42421.0,0.0,1.0,LED,No,DDR4,amd,low,Asus,Windows,amd,high,low
572,1.83,141.0,2.1,2666.0,120.0,0.0,256.0,0.0,8.0,45890.0,0.0,1.0,LED,No,DDR4,amd,low,Dell,Windows,amd,mid,low
573,2.3,141.0,2.6,2666.0,144.0,6.0,256.0,1024.0,16.0,114990.0,0.0,0.0,LED,No,DDR4,nvidia,mid,MSI,Windows,intel,high,high
574,1.75,141.0,1.6,2400.0,120.0,2.0,0.0,2048.0,8.0,49990.0,0.0,1.0,LED,No,DDR4,amd,low,Dell,Windows,intel,mid,low
575,1.75,141.0,4.7,3200.0,60.0,0.0,512.0,0.0,8.0,52990.0,0.0,0.0,LED,No,DDR4,intel,mid,HP,Windows,intel,mid,mid
576,1.86,141.0,1.6,2400.0,120.0,2.0,0.0,1024.0,8.0,55532.0,0.0,1.0,LED,No,DDR4,amd,low,HP,Windows,intel,mid,low
577,1.47,157.0,4.0,3200.0,120.0,0.0,512.0,0.0,8.0,38995.0,0.0,1.0,LED,No,DDR4,amd,low,HP,Windows,amd,mid,low
578,2.48,137.0,2.7,3200.0,144.0,4.0,512.0,0.0,8.0,60500.0,1.0,0.0,LED,Yes,DDR4,nvidia,low,HP,Windows,intel,mid,high
579,2.2,141.0,2.5,2933.0,120.0,4.0,256.0,1024.0,8.0,59990.0,0.0,0.0,LED,No,DDR4,nvidia,low,Lenovo,Windows,intel,mid,high
580,1.65,141.0,2.4,4800.0,120.0,0.0,512.0,0.0,8.0,25949.0,0.0,1.0,LED,No,LPDDR5,amd,low,Lenovo,Windows,amd,low,low
581,1.24,157.0,1.0,4266.0,120.0,0.125,512.0,0.0,8.0,36999.0,0.0,1.0,LED,No,LPDDR4X,intel,low,Other,Windows,intel,mid,low
582,2.46,137.0,4.2,2933.0,144.0,4.0,512.0,0.0,16.0,60990.0,0.0,0.0,LED,Yes,DDR4,nvidia,low,HP,Windows,intel,mid,high
583,1.9,141.0,2.4,2133.0,120.0,0.0,0.0,1024.0,4.0,26180.0,0.0,1.0,LED,No,DDR4,intel,low,Asus,Windows,intel,low,low
584,2.2,141.0,2.6,2933.0,60.0,4.0,256.0,1024.0,8.0,78990.0,0.0,0.0,LED,No,DDR4,nvidia,low,Lenovo,Windows,intel,high,high
585,1.9,100.0,2.3,1600.0,120.0,0.0,0.0,1024.0,4.0,25790.0,0.0,1.0,LED,No,DDR3,intel,low,Asus,Windows,intel,low,low
586,1.41,157.0,4.2,3200.0,120.0,0.0,512.0,0.0,8.0,52890.0,0.0,1.0,LED,No,DDR4,intel,mid,HP,Windows,intel,mid,low
587,1.65,112.0,1.1,1333.0,120.0,0.0,32.0,0.0,2.0,16800.0,0.0,1.0,LED,No,DDR3,intel,low,Asus,Windows,intel,low,low
588,2.6,142.0,5.0,3200.0,120.0,6.0,1024.0,0.0,16.0,109000.0,1.0,1.0,LED,No,DDR5,nvidia,mid,Acer,Windows,intel,high,high
589,2.6,142.0,2.8,3200.0,165.0,6.0,1024.0,0.0,16.0,109000.0,1.0,0.0,LED,No,DDR5,nvidia,mid,Acer,Windows,intel,high,high
590,1.69,141.0,4.2,3200.0,120.0,0.0,512.0,0.0,16.0,48900.0,0.0,1.0,LED,No,DDR4,amd,low,HP,Windows,amd,high,low
591,1.69,141.0,4.0,3200.0,120.0,0.0,512.0,0.0,16.0,40990.0,0.0,1.0,LED,No,DDR4,amd,low,HP,Windows,amd,mid,low
592,1.41,157.0,2.4,3200.0,120.0,0.0,512.0,0.0,8.0,52990.0,0.0,1.0,LED,No,DDR4,intel,mid,Lenovo,Windows,intel,mid,low
593,2.6,188.0,3.1,3200.0,120.0,8.0,1024.0,0.0,16.0,108000.0,1.0,1.0,LED,No,DDR4,nvidia,high,Acer,Windows,intel,high,high
594,1.5,157.0,2.1,3200.0,120.0,0.0,256.0,0.0,8.0,32999.0,1.0,1.0,LED,No,DDR4,intel,low,Lenovo,Windows,intel,low,low
595,1.9,112.0,2.6,3200.0,120.0,0.0,256.0,0.0,4.0,20990.0,1.0,1.0,LCD,No,DDR4,amd,low,Acer,Windows,amd,low,low
596,1.34,112.0,2.4,3200.0,120.0,0.0,128.0,0.0,4.0,17577.0,1.0,1.0,LED,No,DDR4,amd,low,Other,Windows,amd,low,low
597,2.2,141.0,2.5,2400.0,120.0,4.0,0.0,1024.0,8.0,69990.0,0.0,1.0,LED,No,DDR4,nvidia,low,MSI,DOS,intel,mid,high
598,1.8,141.0,2.5,3200.0,144.0,6.0,512.0,0.0,16.0,75990.0,1.0,0.0,LED,No,DDR4,nvidia,low,MSI,Windows,intel,mid,high
600,1.38,243.0,4.5,8533.0,120.0,0.0,512.0,0.0,16.0,114999.0,0.0,0.0,OLED,Yes,LPDDR5X,intel,mid,HP,Windows,intel,mid,low
601,1.57,189.0,5.1,7500.0,120.0,0.0,1024.0,0.0,32.0,186499.0,0.0,1.0,IPS LCD,Yes,LPDDR5X,amd,mid,HP,Windows,amd,high,high
602,1.43,157.0,4.4,3200.0,120.0,0.0,512.0,0.0,8.0,35500.0,0.0,1.0,LED,No,DDR4,intel,low,Lenovo,Windows,intel,low,low
603,1.7,141.0,4.6,3200.0,60.0,0.0,512.0,0.0,16.0,58990.0,1.0,0.0,LED,No,DDR4,intel,mid,Asus,Windows,intel,mid,low
604,1.19,243.0,4.8,8533.0,120.0,0.0,1024.0,0.0,32.0,212999.0,0.0,0.0,OLED,Yes,LPDDR5X,intel,mid,HP,Windows,intel,high,low
605,2.68,189.0,5.4,5600.0,240.0,16.0,1024.0,0.0,32.0,309999.0,0.0,0.0,LED,No,DDR5,nvidia,high,HP,Windows,intel,high,high
606,1.7,141.0,4.4,3200.0,60.0,0.0,512.0,0.0,8.0,39990.0,1.0,0.0,LED,No,DDR4,intel,mid,MSI,Windows,intel,mid,low
607,1.77,141.0,4.7,4800.0,144.0,6.0,512.0,0.0,12.0,95090.0,0.0,0.0,LED,No,DDR5,nvidia,mid,Lenovo,Windows,intel,high,high
608,1.62,141.0,4.3,3200.0,120.0,0.0,512.0,0.0,16.0,42490.0,0.0,1.0,LED,No,DDR4,amd,low,Lenovo,Windows,amd,mid,low
609,1.75,162.0,3.4,8448.0,60.0,0.0,512.0,0.0,16.0,113344.0,0.0,0.0,LED,No,LPDDR5X,qualcomm,low,Dell,Windows,qualcomm,mid,mid
610,1.39,157.0,4.3,3200.0,120.0,0.0,512.0,0.0,16.0,84000.0,1.0,1.0,TFT LCD,No,DDR4,amd,low,Acer,Windows,amd,mid,low
611,2.29,141.0,5.0,5600.0,144.0,4.0,512.0,0.0,16.0,64969.0,0.0,0.0,LED,No,DDR5,nvidia,low,HP,Windows,amd,mid,high
612,1.19,162.0,4.5,8533.0,60.0,0.0,1024.0,0.0,32.0,109990.0,0.0,0.0,OLED,No,LPDDR5X,intel,mid,Lenovo,Windows,intel,mid,low
613,1.4,157.0,4.5,3200.0,60.0,0.0,512.0,0.0,16.0,39990.0,0.0,0.0,LED,No,DDR4,amd,low,MSI,Windows,amd,mid,low
614,1.19,162.0,4.8,8533.0,60.0,0.0,1024.0,0.0,32.0,149991.0,0.0,0.0,OLED,No,LPDDR5X,intel,mid,Lenovo,Windows,intel,high,low
615,2.8,142.0,5.5,3200.0,165.0,6.0,1024.0,0.0,16.0,114999.0,1.0,0.0,TFT LCD,No,DDR5,nvidia,mid,Acer,Windows,intel,high,high
616,1.39,243.0,4.8,6400.0,120.0,0.0,1024.0,0.0,32.0,141999.0,0.0,0.0,OLED,Yes,LPDDR5,intel,mid,HP,Windows,intel,high,low
617,1.75,162.0,4.6,3200.0,60.0,0.0,512.0,0.0,16.0,66991.0,0.0,0.0,LED,No,DDR4,intel,mid,Lenovo,Windows,intel,mid,low
618,1.4,157.0,4.5,3200.0,60.0,0.0,512.0,0.0,16.0,47990.0,0.0,0.0,LED,No,DDR4,amd,low,MSI,Windows,amd,high,low
619,1.75,162.0,4.5,3200.0,60.0,0.0,512.0,0.0,16.0,67990.0,0.0,0.0,LED,No,DDR4,amd,low,Lenovo,Windows,amd,mid,low
620,1.75,141.0,4.6,3200.0,60.0,0.0,512.0,0.0,8.0,85900.0,0.0,0.0,LED,No,DDR4,intel,low,Lenovo,Windows,intel,mid,high
621,1.59,141.0,4.6,3200.0,120.0,0.0,1024.0,0.0,8.0,65300.0,0.0,1.0,LED,No,DDR4,intel,mid,HP,Windows,intel,mid,low
622,1.59,141.0,4.6,3200.0,120.0,0.0,1024.0,0.0,16.0,69600.0,0.0,1.0,LED,No,DDR4,intel,mid,HP,Windows,intel,mid,low
623,1.75,256.0,5.1,8400.0,120.0,0.0,1024.0,0.0,32.0,159990.0,0.0,0.0,LED,No,LPDDR5X,intel,mid,Lenovo,Windows,intel,high,high
625,1.75,162.0,5.0,6400.0,60.0,0.0,1024.0,0.0,32.0,199991.0,0.0,0.0,OLED,No,LPDDR5,intel,mid,Lenovo,Windows,intel,high,low
626,2.29,141.0,4.9,3200.0,144.0,8.0,1024.0,0.0,16.0,105999.0,0.0,0.0,LED,No,DDR4,nvidia,mid,HP,Windows,intel,high,high
627,1.75,141.0,4.4,3200.0,144.0,4.0,512.0,0.0,16.0,55999.0,1.0,0.0,IPS LCD,No,DDR4,nvidia,low,Acer,Windows,intel,mid,high
628,1.75,141.0,4.5,3200.0,120.0,0.0,512.0,0.0,8.0,39490.0,0.0,1.0,LED,No,DDR4,intel,low,Acer,Windows,intel,low,low
629,1.75,141.0,4.6,3200.0,120.0,0.0,512.0,0.0,16.0,58990.0,0.0,1.0,Other,No,DDR4,intel,low,Acer,Windows,intel,mid,low
630,1.85,189.0,5.1,3200.0,240.0,8.0,1024.0,0.0,16.0,194990.0,1.0,0.0,IPS LCD,No,LPDDR5X,nvidia,mid,Asus,Windows,amd,high,high
631,1.39,162.0,4.6,5600.0,120.0,0.0,1024.0,0.0,16.0,73991.0,0.0,1.0,OLED,No,DDR5,intel,low,Lenovo,Windows,intel,mid,high
632,1.49,243.0,5.0,8533.0,120.0,0.0,1024.0,0.0,32.0,199499.0,0.0,1.0,OLED,Yes,LPDDR5X,amd,mid,HP,Windows,amd,high,high
633,1.55,162.0,4.5,4266.0,60.0,0.0,512.0,0.0,16.0,68991.0,0.0,0.0,LED,Yes,LPDDR4X,amd,low,Lenovo,Windows,amd,high,low
634,1.77,141.0,4.4,4800.0,144.0,4.0,512.0,0.0,12.0,60991.0,0.0,0.0,LED,No,DDR5,nvidia,low,Lenovo,Windows,intel,mid,high
635,2.5,142.0,4.9,4800.0,165.0,8.0,1024.0,0.0,16.0,140990.0,0.0,0.0,IPS LCD,No,DDR5,nvidia,mid,Asus,Windows,intel,high,high
636,1.49,243.0,5.1,8533.0,120.0,0.0,1024.0,0.0,64.0,241999.0,0.0,1.0,OLED,Yes,LPDDR5X,amd,mid,HP,Windows,amd,high,high
637,1.75,141.0,4.6,3200.0,120.0,0.0,512.0,0.0,16.0,52999.0,0.0,1.0,TFT LCD,No,DDR4,intel,low,Acer,Windows,intel,mid,low
638,1.7,141.0,4.6,3200.0,60.0,0.0,512.0,0.0,16.0,53990.0,1.0,0.0,IPS LCD,No,DDR4,intel,mid,Asus,Windows,intel,mid,high
639,1.75,141.0,4.5,3200.0,120.0,6.0,512.0,0.0,16.0,42990.0,1.0,0.0,LED,No,DDR5,nvidia,mid,Lenovo,Windows,amd,mid,high
641,2.2,141.0,4.5,3200.0,144.0,4.0,1024.0,0.0,16.0,73990.0,1.0,0.0,LED,No,DDR4,nvidia,mid,Asus,Windows,intel,mid,high
642,1.75,162.0,4.7,3200.0,60.0,0.0,512.0,0.0,16.0,144990.0,0.0,0.0,LED,No,DDR4,intel,low,Lenovo,Windows,intel,high,low
643,1.51,224.0,4.4,3200.0,60.0,0.0,512.0,0.0,16.0,144900.0,1.0,0.0,LED,No,DDR4,apple,low,Apple,macOS,apple,mid,mid
644,1.35,162.0,4.6,4800.0,60.0,0.0,512.0,0.0,16.0,69991.0,0.0,0.0,OLED,No,LPDDR5,intel,mid,Lenovo,Windows,intel,mid,mid
645,1.75,256.0,4.5,8400.0,120.0,0.0,512.0,0.0,16.0,125991.0,0.0,0.0,LED,No,LPDDR5X,intel,mid,Lenovo,Windows,intel,mid,high
646,1.75,162.0,3.4,3200.0,60.0,0.0,512.0,0.0,16.0,85990.0,0.0,0.0,LED,No,DDR4,intel,low,Lenovo,Windows,intel,mid,high
647,1.75,142.0,3.3,3200.0,60.0,0.0,512.0,0.0,8.0,50491.0,0.0,0.0,LED,No,DDR4,intel,low,Lenovo,Windows,intel,low,low
648,1.75,162.0,4.8,5600.0,60.0,0.0,1024.0,0.0,32.0,179990.0,0.0,0.0,LED,No,DDR5,intel,low,Lenovo,Windows,intel,high,low
649,1.75,170.0,4.8,7500.0,60.0,0.0,1024.0,0.0,32.0,172990.0,0.0,0.0,LED,No,LPDDR5X,intel,low,Lenovo,Windows,intel,high,low
650,1.75,142.0,4.7,4800.0,60.0,0.0,512.0,0.0,16.0,56990.0,0.0,0.0,LED,No,DDR5,amd,mid,Lenovo,Windows,amd,high,high
651,1.75,162.0,4.9,5600.0,60.0,0.0,512.0,0.0,16.0,102990.0,0.0,0.0,LED,No,DDR5,amd,mid,Lenovo,Windows,amd,mid,low
652,1.75,100.0,2.8,3200.0,120.0,0.0,256.0,0.0,8.0,24499.0,1.0,1.0,TFT LCD,No,LPDDR4X,intel,low,Acer,Windows,intel,low,low
653,1.85,189.0,5.1,7467.0,240.0,8.0,1024.0,0.0,16.0,199990.0,0.0,0.0,LED,No,LPDDR5X,nvidia,high,Asus,Windows,intel,high,high
654,1.75,189.0,3.9,5600.0,60.0,0.0,512.0,0.0,16.0,144990.0,0.0,0.0,LED,No,DDR5,intel,low,Lenovo,Windows,intel,high,low
655,1.75,157.0,3.7,3200.0,60.0,0.0,512.0,0.0,16.0,103991.0,0.0,0.0,LED,No,DDR4,intel,mid,Lenovo,Windows,intel,high,low
656,1.75,170.0,4.3,7500.0,60.0,0.0,512.0,0.0,16.0,149991.0,0.0,0.0,LED,No,LPDDR5X,intel,low,Lenovo,Windows,intel,mid,low
657,1.44,216.0,4.5,6400.0,120.0,0.0,512.0,0.0,16.0,102999.0,0.0,0.0,LED,No,LPDDR5X,intel,mid,HP,Windows,intel,mid,high
658,1.75,170.0,4.3,7500.0,60.0,0.0,512.0,0.0,16.0,129991.0,0.0,0.0,LED,Yes,LPDDR5X,intel,low,Lenovo,Windows,intel,mid,low
659,1.75,141.0,4.6,5200.0,165.0,6.0,1024.0,0.0,16.0,85990.0,0.0,0.0,TFT LCD,No,DDR5,nvidia,mid,Acer,Windows,intel,mid,high
660,1.49,170.0,4.7,6400.0,60.0,0.0,512.0,0.0,16.0,62991.0,0.0,0.0,LED,No,LPDDR5X,amd,mid,Lenovo,Windows,amd,high,high
661,1.75,141.0,4.6,5200.0,165.0,6.0,1024.0,0.0,16.0,95999.0,0.0,0.0,TFT LCD,No,DDR5,nvidia,mid,Acer,Windows,intel,mid,high
662,1.75,162.0,5.1,5600.0,60.0,0.0,512.0,0.0,16.0,106991.0,0.0,0.0,LED,No,DDR5,amd,mid,Lenovo,Windows,amd,high,low
663,1.45,157.0,2.8,3200.0,120.0,0.0,0.0,0.0,8.0,24490.0,1.0,1.0,TFT LCD,No,LPDDR4X,intel,low,Acer,Google Chrome,intel,low,low
664,1.75,162.0,4.6,4266.0,60.0,0.0,512.0,0.0,16.0,69991.0,0.0,0.0,LED,Yes,LPDDR4X,intel,mid,Lenovo,Windows,intel,mid,low
665,1.62,141.0,4.5,3200.0,60.0,0.0,512.0,0.0,16.0,47991.0,0.0,0.0,LED,No,DDR4,amd,low,Lenovo,Windows,amd,high,low
666,2.29,141.0,4.9,3200.0,144.0,6.0,512.0,0.0,16.0,87327.0,0.0,0.0,LED,No,DDR4,nvidia,mid,HP,Windows,intel,high,high
667,1.86,141.0,4.6,3200.0,144.0,4.0,512.0,0.0,16.0,79000.0,0.0,0.0,LED,No,DDR4,nvidia,low,MSI,Windows,intel,mid,high
668,1.75,162.0,5.0,5200.0,60.0,0.0,512.0,0.0,16.0,71991.0,0.0,0.0,LED,No,DDR5,intel,low,Lenovo,Windows,intel,high,low
669,1.75,170.0,4.8,7500.0,60.0,0.0,1024.0,0.0,16.0,161990.0,0.0,0.0,LED,Yes,LPDDR5X,intel,low,Lenovo,Windows,intel,high,low
670,1.75,157.0,4.6,3200.0,120.0,0.0,512.0,0.0,16.0,41000.0,1.0,1.0,TFT LCD,No,DDR4,intel,low,Acer,Windows,intel,mid,low
671,1.49,243.0,5.0,8533.0,120.0,0.0,1024.0,0.0,64.0,224999.0,0.0,1.0,OLED,Yes,LPDDR5X,amd,mid,HP,Windows,amd,high,high
672,1.0,135.0,2.8,3200.0,120.0,0.0,256.0,0.0,8.0,17990.0,1.0,1.0,TFT LCD,No,DDR4,intel,low,Acer,Windows,intel,low,low
673,1.18,162.0,5.0,3200.0,120.0,0.0,1024.0,0.0,32.0,228999.0,1.0,1.0,LED,Yes,DDR4,intel,mid,HP,Windows,intel,high,low
674,1.4,162.0,5.0,3200.0,120.0,0.0,1024.0,0.0,32.0,248999.0,1.0,1.0,LED,Yes,DDR4,intel,mid,HP,Windows,intel,high,low
678,1.75,141.0,4.6,4800.0,144.0,6.0,512.0,0.0,24.0,89490.0,0.0,0.0,LED,No,DDR5,nvidia,mid,Lenovo,Windows,intel,mid,high
679,2.38,141.0,4.9,4800.0,144.0,8.0,512.0,0.0,24.0,112491.0,0.0,0.0,LED,No,DDR5,nvidia,mid,Lenovo,Windows,intel,high,high
680,1.48,162.0,4.5,7467.0,60.0,0.0,512.0,0.0,16.0,72990.0,0.0,0.0,OLED,No,LPDDR5X,intel,mid,Lenovo,Windows,intel,mid,high
681,1.59,141.0,4.1,4800.0,120.0,0.0,512.0,0.0,8.0,38723.0,0.0,1.0,LED,No,LPDDR5,amd,low,HP,Windows,amd,low,low
682,1.75,162.0,4.8,5600.0,60.0,0.0,512.0,0.0,16.0,94990.0,0.0,0.0,LED,No,DDR5,intel,low,Lenovo,Windows,intel,high,low
683,2.5,189.0,5.2,5600.0,120.0,8.0,1024.0,0.0,16.0,159990.0,0.0,1.0,LED,No,DDR5,nvidia,mid,Lenovo,Windows,intel,high,high
684,1.59,141.0,4.6,3200.0,120.0,0.0,512.0,0.0,8.0,61751.0,0.0,1.0,LED,No,DDR4,intel,low,HP,Windows,intel,mid,low
685,2.3,189.0,5.1,5600.0,165.0,8.0,1024.0,0.0,16.0,144990.0,0.0,0.0,LED,No,DDR5,nvidia,mid,Lenovo,Windows,amd,high,high
686,2.36,189.0,5.2,5600.0,165.0,8.0,1024.0,0.0,16.0,149991.0,0.0,0.0,LED,No,DDR5,nvidia,mid,Lenovo,Windows,intel,high,high
687,1.79,141.0,4.3,3200.0,120.0,0.0,512.0,0.0,16.0,29990.0,1.0,1.0,LED,No,DDR4,amd,low,Acer,Windows,amd,low,low
688,1.73,142.0,4.8,5600.0,120.0,8.0,1024.0,0.0,32.0,308039.0,0.0,1.0,LED,No,DDR5,nvidia,high,HP,Windows,intel,high,high
689,1.73,142.0,4.8,5600.0,120.0,8.0,1024.0,0.0,32.0,284970.0,0.0,1.0,LED,No,DDR5,nvidia,high,HP,Windows,intel,high,high
690,1.98,141.0,4.4,3200.0,144.0,6.0,512.0,0.0,16.0,61500.0,1.0,0.0,LED,No,DDR5,nvidia,mid,MSI,Windows,intel,mid,high
691,1.73,142.0,4.8,5600.0,120.0,8.0,1024.0,0.0,32.0,274114.0,0.0,1.0,LED,No,DDR5,nvidia,high,HP,Windows,intel,high,high
692,1.73,142.0,5.1,5600.0,120.0,8.0,1024.0,0.0,64.0,332465.0,0.0,1.0,LED,No,DDR5,nvidia,high,HP,Windows,intel,high,high
693,1.73,142.0,5.1,5600.0,120.0,8.0,1024.0,0.0,32.0,325680.0,0.0,1.0,LED,No,DDR5,nvidia,high,HP,Windows,intel,high,high
694,1.73,142.0,4.8,5600.0,120.0,8.0,1024.0,0.0,64.0,301254.0,0.0,1.0,LED,No,DDR5,nvidia,high,HP,Windows,intel,high,high
695,1.73,142.0,5.1,5600.0,120.0,8.0,1024.0,0.0,32.0,317538.0,0.0,1.0,LED,No,DDR5,nvidia,high,HP,Windows,intel,high,high
698,1.75,162.0,4.7,4800.0,60.0,0.0,512.0,0.0,16.0,67990.0,0.0,0.0,LED,No,DDR5,amd,mid,Lenovo,Windows,amd,high,low
699,1.75,162.0,4.3,4800.0,60.0,0.0,512.0,0.0,8.0,42991.0,0.0,0.0,LED,No,DDR5,amd,mid,Lenovo,Windows,amd,low,low
700,2.38,141.0,4.6,4800.0,144.0,6.0,1024.0,0.0,24.0,92491.0,0.0,0.0,LED,No,DDR5,nvidia,mid,Lenovo,Windows,intel,mid,high
701,1.75,162.0,4.5,4800.0,60.0,0.0,512.0,0.0,16.0,52990.0,0.0,0.0,LED,No,DDR5,amd,mid,Lenovo,Windows,amd,mid,low
702,1.75,162.0,4.6,5200.0,60.0,0.0,512.0,0.0,16.0,87990.0,0.0,0.0,LED,No,DDR5,intel,low,Lenovo,Windows,intel,mid,low
703,1.75,142.0,4.3,4800.0,60.0,0.0,512.0,0.0,8.0,42991.0,0.0,0.0,LED,No,DDR5,amd,mid,Lenovo,Windows,amd,low,low
705,1.18,162.0,4.8,7500.0,120.0,0.0,1024.0,0.0,32.0,165999.0,0.0,1.0,LED,Yes,LPDDR5X,intel,mid,HP,Windows,intel,high,high
706,1.75,162.0,4.7,4800.0,60.0,0.0,512.0,0.0,16.0,57991.0,0.0,0.0,LED,No,DDR5,amd,mid,Lenovo,Windows,amd,high,high
707,1.38,243.0,4.8,7500.0,120.0,0.0,1024.0,0.0,32.0,179499.0,0.0,1.0,OLED,Yes,LPDDR5X,intel,mid,HP,Windows,intel,high,high
708,2.38,141.0,4.6,4800.0,144.0,6.0,512.0,0.0,24.0,76990.0,0.0,0.0,LED,No,DDR5,nvidia,mid,Lenovo,Windows,intel,mid,high
709,1.55,162.0,4.3,4266.0,60.0,0.0,512.0,0.0,16.0,63491.0,0.0,0.0,LED,Yes,LPDDR4X,amd,low,Lenovo,Windows,amd,high,low
710,1.38,162.0,4.8,7500.0,120.0,0.0,1024.0,0.0,16.0,172999.0,0.0,1.0,LED,Yes,LPDDR5X,intel,mid,HP,Windows,intel,high,high
711,1.61,141.0,4.3,3200.0,120.0,0.0,512.0,0.0,16.0,39491.0,0.0,1.0,LED,No,DDR4,amd,low,Lenovo,Windows,amd,mid,low
713,2.36,189.0,5.2,5600.0,165.0,6.0,1024.0,0.0,16.0,129840.0,0.0,0.0,LED,No,DDR5,nvidia,mid,Lenovo,Windows,intel,high,high
714,2.24,236.0,5.8,5600.0,165.0,8.0,1024.0,0.0,32.0,212491.0,0.0,0.0,LED,No,DDR5,nvidia,high,Lenovo,Windows,intel,high,high
715,2.38,141.0,4.9,4800.0,144.0,6.0,512.0,0.0,24.0,89490.0,0.0,0.0,LED,No,DDR5,nvidia,mid,Lenovo,Windows,intel,high,high
716,1.31,170.0,4.8,7500.0,120.0,0.0,1024.0,0.0,32.0,174223.0,0.0,1.0,LED,Yes,LPDDR5X,intel,low,HP,Windows,intel,high,low
718,1.31,170.0,4.8,7500.0,120.0,0.0,1024.0,0.0,16.0,134999.0,0.0,1.0,LED,Yes,LPDDR5X,intel,low,HP,Windows,intel,high,low
719,0.99,171.0,5.0,6400.0,120.0,0.0,1024.0,0.0,32.0,185999.0,0.0,1.0,LED,Yes,LPDDR5,intel,mid,HP,Windows,intel,high,low
720,1.76,141.0,4.4,3200.0,120.0,0.0,512.0,0.0,8.0,33990.0,1.0,1.0,TFT LCD,No,DDR4,intel,low,Acer,Windows,intel,low,low
721,1.41,162.0,4.8,5600.0,120.0,0.0,1024.0,0.0,16.0,120499.0,0.0,1.0,LED,No,DDR5,intel,mid,HP,Windows,intel,high,high
722,0.99,255.0,4.8,8533.0,60.0,0.0,1024.0,0.0,32.0,126990.0,0.0,0.0,OLED,No,LPDDR5X,intel,mid,MSI,Windows,intel,high,low
723,1.75,141.0,2.8,3200.0,120.0,0.0,512.0,0.0,16.0,54999.0,1.0,1.0,TFT LCD,No,DDR4,intel,low,Acer,Windows,intel,mid,low
724,1.59,141.0,2.8,3200.0,120.0,0.0,1024.0,0.0,32.0,58999.0,1.0,1.0,TFT LCD,No,DDR4,intel,low,Acer,Windows,intel,high,low
725,1.62,141.0,4.3,5500.0,60.0,0.0,512.0,0.0,16.0,46991.0,0.0,0.0,LED,No,LPDDR5,amd,low,Lenovo,Windows,amd,mid,low
726,1.6,162.0,4.6,5200.0,60.0,0.0,512.0,0.0,16.0,69991.0,0.0,0.0,LED,Yes,LPDDR5X,intel,low,Lenovo,Windows,intel,mid,high
727,1.75,162.0,4.5,7467.0,60.0,0.0,1024.0,0.0,16.0,105991.0,0.0,0.0,OLED,Yes,LPDDR5X,intel,mid,Lenovo,Windows,intel,mid,high
728,1.6,162.0,5.1,6400.0,60.0,0.0,512.0,0.0,16.0,79991.0,0.0,0.0,LED,Yes,LPDDR5X,amd,mid,Lenovo,Windows,amd,high,high
729,1.62,141.0,4.5,4800.0,60.0,0.0,512.0,0.0,8.0,39491.0,0.0,0.0,LED,No,LPDDR5,intel,low,Lenovo,Windows,intel,low,low
730,1.82,142.0,4.5,7467.0,60.0,0.0,1024.0,0.0,16.0,82490.0,0.0,0.0,LED,No,LPDDR5X,intel,mid,Lenovo,Windows,intel,mid,high
731,1.82,142.0,4.8,7467.0,60.0,0.0,1024.0,0.0,16.0,87491.0,0.0,0.0,LED,No,LPDDR5X,intel,mid,Lenovo,Windows,intel,high,high
732,1.75,162.0,4.8,7467.0,60.0,0.0,1024.0,0.0,16.0,123991.0,0.0,0.0,OLED,Yes,LPDDR5X,intel,mid,Lenovo,Windows,intel,high,high
733,1.48,162.0,4.5,7467.0,60.0,0.0,1024.0,0.0,16.0,83990.0,0.0,0.0,OLED,No,LPDDR5X,intel,mid,Lenovo,Windows,intel,mid,high
734,1.46,243.0,5.1,7467.0,120.0,0.0,1024.0,0.0,32.0,112491.0,0.0,0.0,OLED,No,LPDDR5X,intel,mid,Lenovo,Windows,intel,high,high
735,2.39,162.0,4.8,5600.0,60.0,0.0,512.0,0.0,16.0,135000.0,0.0,0.0,LED,No,DDR5,intel,low,Lenovo,Windows,intel,high,low
736,1.75,157.0,2.8,3200.0,120.0,0.0,512.0,0.0,16.0,79999.0,1.0,1.0,LED,No,LPDDR4X,amd,low,Acer,Windows,amd,high,low
737,1.75,162.0,3.4,3200.0,60.0,0.0,1024.0,0.0,16.0,90991.0,1.0,0.0,LED,No,LPDDR5X,qualcomm,low,Lenovo,Windows,qualcomm,mid,mid
738,2.45,162.0,4.9,5600.0,60.0,0.0,512.0,0.0,32.0,135000.0,0.0,0.0,LED,Yes,DDR5,intel,low,Lenovo,Windows,intel,high,low
739,1.8,142.0,4.4,4800.0,120.0,0.0,512.0,0.0,16.0,156125.0,0.0,1.0,LED,No,DDR5,intel,mid,HP,Windows,intel,mid,low
740,2.22,142.0,5.1,5600.0,120.0,8.0,1024.0,0.0,32.0,299999.0,0.0,1.0,LED,No,DDR5,nvidia,high,Lenovo,Windows,intel,high,high
742,1.39,162.0,4.8,7467.0,60.0,0.0,1024.0,0.0,32.0,115990.0,0.0,0.0,OLED,No,LPDDR5X,intel,mid,Lenovo,Windows,intel,high,high
743,2.0,236.0,5.4,5200.0,165.0,8.0,1024.0,0.0,32.0,61999.0,0.0,0.0,LED,No,DDR5,nvidia,high,Lenovo,Windows,intel,high,high
744,1.7,141.0,3.8,3200.0,120.0,0.0,256.0,0.0,8.0,35990.0,0.0,1.0,LED,No,DDR4,amd,low,Lenovo,Windows,amd,low,low
745,1.75,157.0,4.4,3200.0,120.0,0.0,512.0,0.0,8.0,41990.0,0.0,1.0,LED,No,DDR4,intel,low,Lenovo,Windows,intel,low,low
746,1.75,222.0,4.8,8533.0,120.0,0.0,1024.0,0.0,32.0,149991.0,0.0,0.0,LED,Yes,LPDDR5X,intel,mid,Lenovo,Windows,intel,high,low
747,2.29,141.0,4.2,3200.0,144.0,4.0,512.0,0.0,8.0,55379.0,0.0,0.0,LED,No,DDR4,amd,mid,HP,Windows,amd,mid,high
748,1.24,225.0,4.1,3200.0,60.0,0.0,512.0,0.0,16.0,134900.0,1.0,0.0,LED,No,DDR4,intel,low,Apple,macOS,apple,mid,mid
749,1.49,157.0,4.4,3200.0,60.0,0.0,512.0,0.0,16.0,50990.0,1.0,0.0,LED,No,DDR4,intel,low,Asus,Windows,intel,high,low
750,1.78,141.0,4.6,3200.0,144.0,4.0,512.0,0.0,16.0,54990.0,1.0,0.0,LED,No,DDR4,nvidia,low,Acer,Windows,intel,mid,high
751,1.75,141.0,2.8,3200.0,120.0,0.0,512.0,0.0,64.0,33990.0,1.0,0.0,LED,No,DDR4,amd,low,Dell,Windows,amd,low,low
752,2.29,141.0,4.2,3200.0,144.0,4.0,512.0,0.0,8.0,52716.0,0.0,0.0,IPS LCD,No,DDR4,amd,mid,HP,Windows,amd,mid,high
753,1.75,135.0,2.8,3200.0,120.0,0.0,0.0,0.0,4.0,36999.0,1.0,1.0,TFT LCD,No,LPDDR4X,intel,low,Acer,Google Chrome,intel,low,low
754,1.75,142.0,4.6,4266.0,60.0,0.0,1024.0,0.0,16.0,74990.0,0.0,0.0,LED,Yes,LPDDR4X,intel,mid,Lenovo,Windows,intel,mid,low
755,1.32,156.0,3.4,3200.0,120.0,0.0,512.0,0.0,16.0,89990.0,1.0,0.0,TFT LCD,No,LPDDR5X,qualcomm,low,Acer,Windows,qualcomm,mid,mid
756,2.29,141.0,4.4,3200.0,144.0,4.0,512.0,0.0,16.0,67490.0,0.0,0.0,LED,No,DDR4,nvidia,mid,HP,Windows,intel,mid,high
757,1.63,141.0,3.3,3200.0,60.0,0.0,512.0,0.0,8.0,35990.0,0.0,0.0,LED,No,DDR4,intel,low,Lenovo,Windows,intel,low,low
758,1.51,224.0,4.1,3200.0,120.0,0.0,512.0,0.0,16.0,139990.0,1.0,1.0,Other,No,Other,intel,low,Apple,macOS,apple,mid,mid
759,1.6,141.0,1.1,3200.0,120.0,0.0,128.0,0.0,8.0,16490.0,1.0,1.0,LCD,No,LPDDR4X,intel,low,Acer,Google Chrome,intel,low,low
760,2.33,141.0,2.8,5600.0,165.0,8.0,1024.0,0.0,32.0,159999.0,0.0,0.0,LED,No,DDR5,nvidia,high,HP,Windows,amd,high,high
762,2.39,182.0,5.5,5600.0,240.0,8.0,1024.0,0.0,32.0,174999.0,0.0,0.0,LED,No,DDR5,nvidia,mid,HP,Windows,intel,high,high
763,1.3,243.0,4.8,3200.0,120.0,0.0,1024.0,0.0,16.0,94999.0,1.0,1.0,OLED,No,LPDDR5X,intel,mid,Acer,Windows,intel,high,high
764,1.75,157.0,3.3,3200.0,120.0,0.0,512.0,0.0,8.0,34991.0,0.0,1.0,LED,No,DDR4,intel,low,Lenovo,Windows,intel,low,low
765,1.75,189.0,5.0,6400.0,60.0,0.0,512.0,0.0,16.0,199991.0,0.0,0.0,LED,No,LPDDR5,intel,mid,Lenovo,Windows,intel,high,low
766,1.59,141.0,2.8,3200.0,120.0,0.0,512.0,0.0,16.0,32990.0,1.0,1.0,TFT LCD,No,DDR4,amd,low,Acer,Windows,amd,mid,low
767,1.59,141.0,2.8,3200.0,120.0,0.0,512.0,0.0,8.0,34990.0,1.0,1.0,TFT LCD,No,DDR4,intel,low,Acer,DOS,intel,mid,low
768,1.54,162.0,3.8,3200.0,120.0,0.0,512.0,0.0,8.0,39990.0,1.0,1.0,TFT LCD,Yes,LPDDR5,intel,low,Acer,Windows,intel,low,low
769,1.5,112.0,2.8,3200.0,120.0,0.0,256.0,0.0,8.0,22990.0,1.0,1.0,TFT LCD,No,DDR4,amd,low,Acer,DOS,amd,low,low
770,2.1,141.0,2.8,3200.0,165.0,6.0,512.0,0.0,16.0,79999.0,1.0,0.0,TFT LCD,No,DDR5,nvidia,mid,Acer,Windows,intel,high,high
771,1.41,157.0,5.0,3200.0,120.0,0.0,512.0,0.0,16.0,99490.0,1.0,1.0,OLED,No,LPDDR5,intel,mid,HP,Windows,intel,high,high
772,1.74,141.0,4.5,3200.0,120.0,0.0,256.0,0.0,8.0,61990.0,1.0,1.0,LED,No,DDR4,intel,low,HP,Windows,intel,mid,low
773,1.75,142.0,5.0,5600.0,60.0,6.0,1024.0,0.0,16.0,174990.0,0.0,0.0,LED,No,DDR5,nvidia,high,Lenovo,Windows,intel,high,high
774,1.59,141.0,2.8,3200.0,120.0,0.0,512.0,0.0,8.0,29990.0,1.0,1.0,TFT LCD,No,DDR4,amd,low,Acer,DOS,amd,mid,low
775,1.75,162.0,4.7,4800.0,60.0,0.0,512.0,0.0,16.0,82991.0,0.0,0.0,LED,No,DDR5,amd,mid,Lenovo,Windows,amd,high,low
777,1.75,162.0,2.9,4800.0,60.0,0.0,512.0,0.0,16.0,68991.0,0.0,0.0,LED,No,DDR5,amd,mid,Lenovo,Windows,amd,mid,low
778,1.59,141.0,2.8,3200.0,120.0,0.0,512.0,0.0,16.0,36990.0,1.0,1.0,TFT LCD,No,DDR4,amd,low,Acer,Windows,amd,high,low
779,1.59,141.0,2.8,3200.0,120.0,0.0,512.0,0.0,16.0,29990.0,1.0,1.0,TFT LCD,No,DDR4,intel,low,Acer,DOS,intel,low,low
780,1.32,162.0,4.5,3200.0,120.0,0.0,512.0,0.0,16.0,74990.0,1.0,1.0,TFT LCD,No,LPDDR5X,intel,mid,Acer,Windows,intel,mid,high
782,1.62,141.0,3.3,4800.0,60.0,0.0,512.0,0.0,16.0,56990.0,0.0,0.0,LED,No,LPDDR5,intel,low,Lenovo,Windows,intel,mid,high
783,1.59,141.0,2.8,3200.0,120.0,0.0,512.0,0.0,16.0,38990.0,1.0,1.0,TFT LCD,No,DDR4,amd,low,Acer,Windows,amd,mid,low
784,1.49,157.0,2.8,3200.0,120.0,0.0,512.0,0.0,8.0,32990.0,1.0,1.0,LCD,No,DDR4,intel,mid,Acer,Windows,intel,mid,low
785,1.75,141.0,4.6,4800.0,60.0,0.0,512.0,0.0,16.0,59990.0,0.0,0.0,IPS LCD,No,LPDDR5,intel,low,Lenovo,Windows,intel,mid,high
786,1.59,141.0,2.8,3200.0,120.0,0.0,512.0,0.0,16.0,34990.0,1.0,1.0,TFT LCD,No,DDR4,amd,low,Acer,DOS,amd,mid,low
788,1.75,162.0,3.3,6400.0,60.0,0.0,1024.0,0.0,16.0,94990.0,0.0,0.0,OLED,Yes,LPDDR5X,amd,mid,Lenovo,Windows,amd,high,high
791,1.45,166.0,4.5,3200.0,120.0,0.0,1024.0,0.0,16.0,107999.0,0.0,1.0,LED,Yes,DDR4,amd,low,HP,Windows,amd,mid,low
792,1.86,141.0,1.5,3200.0,144.0,6.0,1024.0,0.0,16.0,80990.0,0.0,0.0,LED,No,DDR4,nvidia,mid,MSI,Windows,intel,mid,high
793,1.94,151.0,5.1,7467.0,120.0,6.0,1024.0,0.0,32.0,151491.0,0.0,0.0,OLED,Yes,LPDDR5X,nvidia,mid,Lenovo,Windows,intel,high,high
794,1.75,162.0,3.3,5600.0,60.0,0.0,512.0,0.0,32.0,112991.0,0.0,0.0,LED,No,DDR5,amd,mid,Lenovo,Windows,amd,high,high
795,1.75,156.0,4.8,5600.0,60.0,0.0,1024.0,0.0,16.0,129991.0,0.0,0.0,LED,No,DDR5,intel,mid,Lenovo,Windows,intel,high,high
796,1.37,157.0,2.8,3200.0,120.0,0.0,512.0,0.0,16.0,93999.0,1.0,1.0,LCD,No,DDR4,intel,low,HP,Windows,intel,mid,low
797,1.58,141.0,2.8,5500.0,120.0,0.0,512.0,0.0,8.0,32990.0,0.0,1.0,LED,No,LPDDR5,amd,low,Lenovo,Windows,amd,mid,low
798,1.75,142.0,4.8,5600.0,60.0,0.0,1024.0,0.0,16.0,129991.0,0.0,0.0,LED,No,DDR5,intel,mid,Lenovo,Windows,intel,high,high
799,1.8,100.0,2.6,2400.0,120.0,0.0,0.0,1024.0,4.0,27990.0,0.0,1.0,LED,No,DDR4,amd,low,HP,Windows,amd,low,low
800,2.2,100.0,2.0,2400.0,120.0,0.0,0.0,1024.0,8.0,29877.0,0.0,1.0,LED,No,DDR4,amd,low,Lenovo,DOS,amd,mid,low
801,1.75,141.0,2.1,2666.0,120.0,0.0,256.0,1024.0,8.0,37990.0,0.0,1.0,LED,No,DDR4,intel,low,HP,Windows,intel,low,low
802,1.77,100.0,1.1,2400.0,120.0,0.0,0.0,1024.0,4.0,21999.0,0.0,1.0,LED,No,DDR4,intel,low,HP,Windows,intel,low,low
803,2.35,141.0,3.3,3200.0,144.0,0.0,512.0,0.0,8.0,69340.0,1.0,0.0,LED,No,DDR4,amd,mid,MSI,Windows,amd,mid,high
804,2.2,141.0,2.2,2133.0,120.0,0.0,0.0,1024.0,4.0,29990.0,0.0,1.0,LED,No,DDR4,amd,low,Lenovo,Windows,amd,mid,low
805,1.75,141.0,2.8,3200.0,120.0,0.0,512.0,0.0,8.0,33990.0,1.0,1.0,LED,No,DDR4,intel,low,HP,Windows,intel,low,low
806,1.76,141.0,1.1,3200.0,120.0,0.0,256.0,0.0,8.0,19999.0,1.0,1.0,LED,No,LPDDR4X,intel,low,Other,Windows,intel,low,low
807,1.55,157.0,4.1,3200.0,60.0,0.0,512.0,0.0,8.0,31999.0,0.0,0.0,LED,No,DDR4,intel,low,Asus,Windows,intel,low,low
808,1.76,141.0,1.1,3200.0,120.0,0.0,512.0,0.0,8.0,24990.0,1.0,1.0,LED,No,LPDDR4X,intel,low,Other,Windows,intel,low,low
809,1.7,100.0,2.3,2400.0,120.0,0.0,512.0,0.0,8.0,28990.0,0.0,1.0,LED,No,DDR4,amd,low,HP,Windows,amd,low,low
810,1.41,112.0,2.3,2400.0,120.0,0.0,256.0,0.0,8.0,26591.0,0.0,1.0,LED,No,DDR4,amd,low,HP,Windows,amd,low,low
811,2.15,141.0,4.1,3200.0,120.0,4.0,512.0,0.0,8.0,57090.0,1.0,1.0,LED,No,DDR4,nvidia,low,Acer,Windows,intel,mid,high
812,1.4,157.0,4.2,3200.0,120.0,0.0,512.0,0.0,8.0,59990.0,1.0,1.0,LED,No,DDR4,intel,mid,Asus,Windows,intel,mid,low
813,1.4,157.0,3.0,3200.0,120.0,0.0,512.0,0.0,8.0,31990.0,1.0,1.0,LED,No,DDR4,intel,low,Asus,Windows,intel,low,low
814,1.7,141.0,4.4,3200.0,60.0,0.0,512.0,0.0,16.0,34990.0,1.0,0.0,LED,No,DDR4,intel,low,Asus,Windows,intel,low,low
815,2.1,141.0,3.3,3200.0,120.0,4.0,512.0,0.0,8.0,45999.0,1.0,1.0,LED,No,DDR4,nvidia,low,Acer,Windows,intel,mid,mid
817,1.4,157.0,4.2,3200.0,120.0,0.0,512.0,0.0,8.0,44890.0,1.0,1.0,LED,No,DDR4,intel,mid,Asus,Windows,intel,mid,low
818,2.0,100.0,1.1,2133.0,120.0,0.0,0.0,1024.0,4.0,18999.0,0.0,1.0,LED,No,DDR4,intel,low,Asus,Windows,intel,low,low
819,2.3,141.0,2.7,3200.0,144.0,4.0,512.0,0.0,16.0,66980.0,0.0,0.0,LED,No,DDR4,nvidia,mid,Asus,Windows,intel,mid,high
820,1.69,141.0,4.0,3200.0,60.0,0.0,512.0,0.0,16.0,42490.0,0.0,0.0,LED,No,DDR4,amd,low,HP,Windows,amd,mid,low
821,1.77,141.0,1.2,2666.0,120.0,0.0,0.0,1024.0,4.0,38210.0,0.0,1.0,LED,No,DDR4,intel,low,HP,Windows,intel,low,low
822,1.69,141.0,2.1,3200.0,120.0,0.0,512.0,0.0,8.0,36190.0,0.0,1.0,LED,No,DDR4,amd,low,HP,Windows,amd,mid,low
823,1.8,141.0,2.6,3200.0,120.0,0.0,256.0,0.0,8.0,33999.0,1.0,1.0,LED,No,DDR4,amd,low,Asus,Windows,amd,low,low
824,1.77,141.0,1.6,2400.0,120.0,0.0,0.0,1024.0,8.0,47790.0,0.0,1.0,LED,No,DDR4,intel,low,HP,Windows,intel,mid,low
825,1.69,141.0,3.4,2666.0,120.0,0.0,512.0,0.0,8.0,42990.0,0.0,1.0,LED,No,DDR4,intel,low,HP,Windows,intel,low,low
826,1.9,100.0,1.1,3200.0,120.0,0.0,0.0,1024.0,4.0,21500.0,1.0,1.0,LED,No,DDR4,intel,low,Asus,Windows,intel,low,low
828,1.77,141.0,1.6,2400.0,120.0,0.0,0.0,1024.0,8.0,40990.0,0.0,1.0,LED,No,DDR4,intel,low,HP,Windows,intel,mid,low
829,1.8,100.0,3.4,2400.0,60.0,0.0,256.0,0.0,8.0,21999.0,0.0,0.0,LED,No,DDR4,amd,low,Asus,Windows,amd,low,low
830,1.74,141.0,2.1,2666.0,120.0,0.0,512.0,0.0,8.0,41900.0,0.0,1.0,LED,No,DDR4,intel,low,HP,Windows,intel,low,low
831,2.2,100.0,2.3,3200.0,120.0,2.0,0.0,1024.0,8.0,39999.0,1.0,1.0,LED,No,DDR4,nvidia,low,Lenovo,DOS,intel,mid,low
832,1.65,141.0,4.8,3200.0,120.0,0.0,256.0,0.0,8.0,34960.0,0.0,1.0,LED,No,DDR4,intel,low,Lenovo,Windows,intel,low,low
833,2.1,112.0,2.0,2133.0,120.0,0.0,0.0,1024.0,4.0,27884.0,0.0,1.0,LED,No,DDR4,intel,low,Dell,Windows,intel,low,low
834,1.9,112.0,2.3,2400.0,120.0,0.0,0.0,1024.0,4.0,26490.0,0.0,1.0,LED,No,DDR4,intel,low,Dell,Other,intel,low,low
835,1.9,112.0,2.0,2400.0,120.0,0.0,0.0,1024.0,4.0,30999.0,0.0,1.0,LED,No,DDR4,intel,low,Dell,Windows,intel,low,low
836,1.8,141.0,1.2,3200.0,120.0,0.0,512.0,0.0,4.0,33990.0,1.0,1.0,LED,No,DDR4,intel,low,Asus,Windows,intel,low,low
837,1.69,141.0,1.3,3200.0,60.0,0.0,512.0,0.0,8.0,45900.0,0.0,0.0,LED,No,DDR4,intel,mid,HP,Windows,intel,mid,low
838,1.79,112.0,3.9,2133.0,120.0,2.0,0.0,1024.0,8.0,41999.0,0.0,1.0,LED,No,DDR4,amd,low,Dell,Other,intel,mid,low
839,1.4,157.0,1.7,3200.0,60.0,0.0,512.0,0.0,8.0,31999.0,0.0,0.0,LED,No,DDR4,intel,low,MSI,Windows,intel,low,low
840,1.69,141.0,0.8,3200.0,120.0,0.0,512.0,0.0,8.0,33990.0,0.0,1.0,LED,No,DDR4,intel,low,HP,Windows,intel,low,low
841,1.98,141.0,3.0,3200.0,120.0,4.0,512.0,0.0,8.0,62990.0,0.0,1.0,LED,No,DDR4,nvidia,low,HP,Windows,amd,mid,high
843,1.77,141.0,2.4,2133.0,120.0,0.0,0.0,1024.0,4.0,30490.0,0.0,1.0,LED,No,DDR4,intel,low,HP,Windows,intel,low,low
844,2.0,141.0,1.6,2133.0,120.0,2.0,0.0,1024.0,8.0,45990.0,0.0,1.0,LED,No,DDR4,nvidia,low,Asus,Windows,intel,mid,low
845,2.1,100.0,2.0,2133.0,120.0,0.0,0.0,1024.0,4.0,27890.0,0.0,1.0,LED,No,DDR4,intel,low,HP,DOS,intel,low,low
846,1.86,141.0,2.8,3200.0,144.0,4.0,512.0,0.0,8.0,68999.0,1.0,0.0,LED,No,DDR4,nvidia,mid,MSI,Windows,intel,mid,mid
847,1.77,141.0,2.4,2133.0,120.0,0.0,0.0,1024.0,4.0,30999.0,0.0,1.0,LED,No,DDR4,intel,low,HP,Windows,intel,low,low
848,1.47,112.0,2.2,2400.0,120.0,0.0,256.0,0.0,8.0,33990.0,0.0,1.0,LED,No,DDR4,intel,low,HP,Windows,intel,low,low
849,2.0,100.0,2.3,2133.0,120.0,0.0,0.0,1024.0,4.0,26990.0,0.0,1.0,LED,No,DDR4,intel,low,Asus,Windows,intel,low,low
850,1.0,141.0,2.5,2133.0,120.0,0.0,0.0,1024.0,8.0,37999.0,0.0,1.0,LED,No,DDR4,intel,low,HP,Windows,intel,mid,low
851,1.06,135.0,2.0,3200.0,120.0,0.0,0.0,0.0,4.0,12990.0,1.0,1.0,LED,No,LPDDR4,mediatek,low,Other,Other,mediatek,low,low
852,1.2,135.0,1.1,3200.0,120.0,0.0,64.0,0.0,4.0,21990.0,1.0,1.0,LED,No,LPDDR4X,intel,low,Asus,Google Chrome,intel,low,low
853,2.19,100.0,1.6,1600.0,120.0,0.0,0.0,1024.0,4.0,24943.0,0.0,1.0,LED,No,DDR3,intel,low,HP,DOS,intel,low,low
854,1.6,112.0,1.1,2400.0,120.0,0.0,256.0,0.0,4.0,25039.0,0.0,1.0,LED,No,DDR4,intel,low,Asus,Windows,intel,low,low
855,1.4,227.0,3.2,3200.0,120.0,0.0,256.0,0.0,8.0,116990.0,1.0,1.0,LED,No,DDR4,intel,low,Apple,macOS,apple,mid,mid
856,1.0,100.0,1.2,3200.0,120.0,0.0,0.0,1024.0,4.0,27990.0,1.0,1.0,LED,No,DDR4,intel,low,Asus,Windows,intel,low,low
858,1.74,141.0,2.1,2666.0,120.0,0.0,0.0,1024.0,8.0,38990.0,0.0,1.0,LED,No,DDR4,intel,low,HP,Windows,intel,low,low
860,1.86,100.0,3.0,2133.0,120.0,0.0,0.0,1024.0,4.0,24990.0,0.0,1.0,LED,No,DDR4,amd,low,HP,Windows,amd,low,low
861,1.47,157.0,2.1,2400.0,120.0,0.0,256.0,1024.0,8.0,49290.0,0.0,1.0,LED,No,DDR4,amd,low,HP,Windows,amd,mid,low
862,1.7,100.0,1.1,2400.0,60.0,0.0,256.0,0.0,8.0,25874.0,0.0,0.0,LED,No,DDR4,intel,low,Lenovo,Windows,intel,low,low
863,2.1,100.0,1.6,1600.0,120.0,0.0,0.0,500.0,2.0,15990.0,0.0,1.0,LED,No,DDR3,intel,low,Acer,Other,intel,low,low
864,2.6,127.0,4.0,3200.0,144.0,4.0,512.0,0.0,8.0,46890.0,0.0,0.0,LED,No,DDR4,nvidia,low,Asus,Windows,amd,mid,high
865,1.98,141.0,2.1,2400.0,120.0,4.0,512.0,0.0,8.0,55490.0,0.0,1.0,LED,No,DDR4,nvidia,low,HP,Windows,amd,mid,high
866,2.5,141.0,5.0,3200.0,144.0,6.0,256.0,1024.0,16.0,114106.0,1.0,0.0,LED,No,DDR4,nvidia,mid,Acer,Windows,intel,high,high
868,1.41,157.0,2.8,3200.0,120.0,0.0,512.0,0.0,16.0,65300.0,0.0,1.0,LED,No,DDR4,intel,mid,HP,Windows,intel,mid,low
869,1.5,157.0,1.6,2400.0,120.0,0.0,512.0,0.0,8.0,54990.0,0.0,1.0,LED,No,DDR4,intel,low,Asus,Windows,intel,mid,low
870,1.41,157.0,4.4,3200.0,120.0,0.0,512.0,0.0,16.0,63990.0,0.0,1.0,LED,No,DDR4,intel,mid,HP,Windows,intel,mid,low
871,1.79,242.0,3.1,3200.0,90.0,0.0,512.0,0.0,8.0,52990.0,0.0,0.0,LED,No,DDR4,intel,mid,Other,Windows,intel,mid,high
872,2.2,141.0,2.3,2400.0,120.0,4.0,0.0,1024.0,8.0,54990.0,0.0,1.0,LED,No,DDR4,nvidia,low,HP,Windows,intel,mid,high
873,1.7,141.0,1.1,2933.0,120.0,0.0,256.0,0.0,8.0,21980.0,0.0,1.0,LED,No,DDR4,intel,low,Lenovo,Windows,intel,low,low
875,2.2,100.0,2.7,2133.0,120.0,0.0,0.0,500.0,4.0,31406.0,0.0,1.0,LED,No,DDR4,intel,low,Acer,Windows,intel,low,low
876,1.8,141.0,2.9,3200.0,144.0,4.0,512.0,0.0,8.0,66990.0,1.0,0.0,LED,No,DDR4,nvidia,low,Asus,Windows,amd,high,high
877,1.8,141.0,4.1,2666.0,120.0,0.0,1024.0,1024.0,8.0,46299.0,0.0,1.0,LED,No,DDR4,intel,low,Dell,Windows,intel,low,low
878,1.69,141.0,2.1,2400.0,120.0,0.0,512.0,0.0,8.0,36990.0,0.0,1.0,LED,No,DDR4,amd,low,HP,Windows,amd,mid,low
879,1.86,100.0,2.5,2133.0,120.0,0.0,0.0,1024.0,4.0,26990.0,0.0,1.0,LED,No,DDR4,amd,low,HP,Windows,amd,low,low
880,2.1,100.0,2.7,3200.0,120.0,0.0,0.0,500.0,4.0,28990.0,1.0,1.0,LED,No,DDR4,intel,low,Acer,Other,intel,low,low
881,2.0,141.0,2.5,2133.0,120.0,2.0,0.0,1024.0,8.0,56666.0,0.0,1.0,LED,No,DDR4,nvidia,low,Acer,Windows,intel,mid,low
882,1.75,100.0,3.7,3200.0,120.0,0.0,512.0,0.0,8.0,33900.0,0.0,1.0,LED,No,DDR4,intel,low,HP,Windows,intel,low,low
884,1.41,157.0,2.4,3200.0,120.0,0.0,512.0,0.0,16.0,65628.0,1.0,1.0,LED,No,DDR4,amd,low,HP,Windows,amd,mid,low
885,2.2,141.0,2.4,2666.0,144.0,4.0,512.0,0.0,8.0,64990.0,0.0,0.0,LED,No,DDR4,nvidia,low,Asus,Windows,intel,mid,high
886,1.7,141.0,2.1,2666.0,120.0,0.0,0.0,1024.0,8.0,33490.0,0.0,1.0,LED,No,DDR4,intel,low,Lenovo,Windows,intel,low,low
887,1.25,157.0,2.1,3200.0,120.0,0.0,512.0,0.0,8.0,38956.0,1.0,1.0,LED,No,DDR4,amd,low,Other,Windows,amd,mid,low
888,1.86,100.0,2.0,2133.0,120.0,0.0,0.0,1024.0,4.0,34881.0,0.0,1.0,LED,No,DDR4,intel,low,HP,Windows,intel,low,low
889,2.4,141.0,2.4,2666.0,60.0,4.0,512.0,0.0,8.0,77740.0,0.0,0.0,LED,No,DDR4,nvidia,low,Asus,Windows,intel,mid,high
890,2.2,100.0,2.0,2133.0,120.0,0.0,0.0,1024.0,4.0,30990.0,0.0,1.0,LED,No,DDR4,intel,low,Lenovo,Windows,intel,low,low
891,1.8,141.0,2.1,3200.0,120.0,0.0,512.0,0.0,16.0,64990.0,1.0,1.0,OLED,No,DDR4,amd,low,Asus,Windows,amd,mid,low
892,2.2,141.0,3.0,3200.0,60.0,4.0,256.0,1024.0,8.0,62490.0,0.0,0.0,LED,No,DDR4,nvidia,low,Lenovo,Windows,amd,mid,high
893,1.41,157.0,4.2,3200.0,60.0,0.0,512.0,0.0,8.0,52500.0,0.0,0.0,LED,No,DDR4,amd,low,HP,Windows,amd,mid,low
894,1.85,141.0,1.2,2666.0,120.0,0.0,0.0,1024.0,4.0,30990.0,0.0,1.0,LED,No,DDR4,intel,low,Lenovo,Windows,intel,low,low
895,2.1,100.0,1.6,1600.0,120.0,0.0,0.0,500.0,4.0,18999.0,0.0,1.0,LED,No,DDR3,intel,low,Dell,Other,intel,low,low
896,1.7,141.0,3.0,2666.0,120.0,0.0,256.0,0.0,8.0,39643.0,0.0,1.0,LED,No,DDR4,intel,low,Lenovo,Windows,intel,low,low
897,1.63,141.0,4.1,5500.0,60.0,0.0,512.0,0.0,8.0,39990.0,0.0,0.0,OLED,No,LPDDR5,amd,low,Asus,Windows,amd,low,low
898,1.41,157.0,4.4,3200.0,60.0,0.0,1024.0,0.0,16.0,67490.0,0.0,0.0,LED,No,DDR4,intel,mid,HP,Windows,intel,mid,low
899,2.37,141.0,2.0,3200.0,144.0,4.0,512.0,0.0,8.0,71990.0,0.0,0.0,LED,No,DDR4,nvidia,low,HP,Windows,intel,mid,high
901,1.41,157.0,4.2,3200.0,120.0,0.0,512.0,0.0,16.0,55890.0,0.0,1.0,OLED,Yes,DDR4,intel,mid,HP,Windows,intel,mid,low
902,1.85,141.0,2.1,2400.0,120.0,0.0,512.0,0.0,8.0,38999.0,0.0,1.0,LED,No,DDR4,amd,low,Lenovo,Windows,amd,mid,low
903,1.85,147.0,1.0,2666.0,120.0,0.0,0.0,1024.0,8.0,39999.0,0.0,1.0,LED,No,DDR4,intel,low,Lenovo,Windows,intel,mid,low
904,1.5,135.0,1.6,1600.0,120.0,0.0,0.0,500.0,4.0,28999.0,0.0,1.0,LED,Yes,DDR3,intel,low,Acer,Windows,intel,low,low
905,1.85,141.0,1.1,2666.0,120.0,0.0,0.0,1024.0,8.0,44990.0,0.0,1.0,LED,No,DDR4,intel,low,Lenovo,Windows,intel,mid,low
906,1.47,157.0,2.7,2666.0,120.0,0.0,512.0,0.0,8.0,41550.0,0.0,1.0,LED,No,DDR4,amd,low,HP,Windows,amd,low,low
907,1.74,141.0,1.6,2666.0,120.0,0.0,0.0,1024.0,8.0,54990.0,0.0,1.0,LED,No,DDR4,intel,low,HP,Windows,intel,mid,low
908,1.7,141.0,4.0,3200.0,120.0,0.0,512.0,0.0,8.0,48419.0,1.0,1.0,LED,No,DDR4,intel,low,HP,Windows,intel,low,low
909,1.58,157.0,1.7,2666.0,120.0,0.0,0.0,1024.0,8.0,33990.0,0.0,1.0,LED,No,DDR4,intel,low,Dell,Windows,intel,low,low
910,1.69,100.0,2.8,2933.0,120.0,0.0,0.0,0.0,4.0,19990.0,0.0,1.0,LED,No,LPDDR4X,intel,low,HP,Google Chrome,intel,low,low
911,1.46,112.0,2.8,2666.0,120.0,0.0,256.0,0.0,8.0,34990.0,0.0,1.0,LED,No,DDR4,intel,low,HP,Windows,intel,low,low
912,1.69,100.0,2.8,2933.0,120.0,0.0,0.0,0.0,4.0,17799.0,0.0,1.0,LED,No,LPDDR4X,intel,low,HP,Google Chrome,intel,low,low
913,1.46,112.0,2.8,2933.0,120.0,0.0,256.0,0.0,8.0,27730.0,0.0,1.0,LED,No,DDR4,intel,low,HP,Windows,intel,low,low
914,1.14,176.0,1.1,1600.0,120.0,0.0,64.0,0.0,4.0,15871.0,0.0,1.0,LED,No,DDR3,intel,low,Other,Windows,intel,low,low
916,2.2,100.0,2.3,2133.0,120.0,0.0,0.0,1024.0,4.0,30998.0,0.0,1.0,LED,No,DDR4,intel,low,Dell,Windows,intel,low,low
917,2.3,141.0,2.4,2400.0,120.0,4.0,256.0,1024.0,8.0,62990.0,0.0,1.0,LED,No,DDR4,nvidia,low,Acer,Windows,intel,mid,high
918,1.58,157.0,1.6,2666.0,120.0,0.0,512.0,0.0,8.0,61990.0,0.0,1.0,LED,Yes,DDR4,intel,low,HP,Windows,intel,mid,low
919,1.63,141.0,3.3,3200.0,120.0,0.0,512.0,0.0,8.0,47490.0,0.0,1.0,LED,No,DDR4,intel,mid,Lenovo,Windows,intel,mid,low
920,1.07,135.0,2.0,3733.0,120.0,0.0,0.0,0.0,4.0,17999.0,0.0,1.0,LED,Yes,LPDDR4,mediatek,low,HP,Google Chrome,mediatek,low,low
921,1.07,135.0,2.0,3733.0,120.0,0.0,0.0,0.0,4.0,18990.0,0.0,1.0,LED,Yes,LPDDR4,mediatek,low,HP,Google Chrome,mediatek,low,low
922,1.0,141.0,2.8,2666.0,120.0,0.0,512.0,0.0,8.0,47899.0,0.0,1.0,LED,No,DDR4,intel,mid,HP,Windows,intel,mid,low
923,2.18,100.0,2.0,1600.0,120.0,0.0,0.0,1024.0,4.0,23999.0,0.0,1.0,LED,No,DDR4,intel,low,Dell,Other,intel,low,low
924,1.55,157.0,1.0,2666.0,120.0,0.0,256.0,1024.0,8.0,46999.0,0.0,1.0,LED,No,DDR4,intel,low,Lenovo,Windows,intel,mid,low
925,1.63,141.0,3.3,3200.0,120.0,0.0,512.0,0.0,16.0,52750.0,0.0,1.0,LED,No,DDR4,intel,mid,Lenovo,Windows,intel,mid,low
926,1.24,157.0,4.0,3200.0,60.0,0.0,512.0,0.0,8.0,25999.0,1.0,0.0,IPS LCD,No,LPDDR4X,intel,low,Other,Windows,intel,low,low
927,2.19,141.0,2.4,3200.0,120.0,3.0,0.0,1024.0,8.0,54590.0,1.0,1.0,LED,No,DDR4,nvidia,low,Lenovo,Windows,intel,mid,high
928,2.6,127.0,2.9,3200.0,144.0,4.0,512.0,0.0,16.0,67990.0,1.0,0.0,LED,No,DDR4,nvidia,mid,Asus,Windows,amd,high,high
929,1.78,141.0,2.8,3200.0,120.0,0.0,512.0,0.0,8.0,33999.0,1.0,1.0,LED,No,LPDDR5,amd,low,Acer,Windows,amd,mid,low
930,1.7,141.0,2.1,2666.0,120.0,0.0,256.0,0.0,4.0,35690.0,0.0,1.0,LED,No,DDR4,intel,low,Lenovo,Windows,intel,low,low
931,2.4,100.0,2.3,1600.0,120.0,0.0,0.0,500.0,4.0,28499.0,0.0,1.0,LED,No,DDR3,intel,low,Acer,Other,intel,low,low
932,1.77,141.0,2.5,2133.0,120.0,0.0,0.0,1024.0,4.0,38990.0,0.0,1.0,LED,No,DDR4,intel,low,HP,Windows,intel,mid,low
933,1.47,112.0,3.4,2933.0,120.0,0.0,256.0,0.0,8.0,27999.0,0.0,1.0,LED,No,DDR4,intel,low,HP,Windows,intel,low,low
934,1.06,135.0,2.0,3200.0,120.0,0.0,0.0,0.0,4.0,15999.0,1.0,1.0,LED,No,LPDDR4,mediatek,low,Other,Other,mediatek,low,low
935,1.41,157.0,1.7,3200.0,120.0,0.0,512.0,0.0,8.0,36990.0,0.0,1.0,LED,No,DDR4,intel,low,Lenovo,Windows,intel,low,low
936,1.8,141.0,4.3,3200.0,120.0,0.0,512.0,0.0,16.0,46990.0,1.0,1.0,LED,No,DDR4,amd,low,Asus,Windows,amd,high,low
937,2.3,141.0,2.5,2933.0,144.0,4.0,512.0,0.0,8.0,75990.0,0.0,0.0,LED,No,DDR4,nvidia,low,Asus,Windows,intel,mid,high
938,1.4,157.0,2.3,3200.0,120.0,0.0,512.0,0.0,8.0,49990.0,0.0,1.0,LED,No,DDR4,amd,low,Asus,Windows,amd,mid,low
939,1.7,157.0,2.0,2133.0,120.0,0.0,0.0,1024.0,4.0,42275.0,0.0,1.0,LED,Yes,DDR4,intel,low,Lenovo,Windows,intel,low,low
940,2.19,100.0,1.8,3200.0,120.0,0.0,0.0,500.0,4.0,22746.0,1.0,1.0,LED,No,DDR3,amd,low,HP,DOS,amd,low,low
941,2.4,141.0,4.1,2666.0,60.0,4.0,0.0,1024.0,8.0,52990.0,0.0,0.0,LED,No,DDR4,nvidia,low,Asus,Windows,intel,mid,high
942,2.19,141.0,2.9,3200.0,144.0,4.0,256.0,1024.0,16.0,77990.0,0.0,0.0,LED,No,DDR4,nvidia,low,HP,Windows,amd,high,high
943,2.53,141.0,2.3,2666.0,120.0,4.0,128.0,1024.0,8.0,57999.0,0.0,1.0,LED,No,DDR4,nvidia,low,Dell,Windows,intel,mid,high
944,2.48,137.0,3.3,3200.0,60.0,4.0,512.0,0.0,8.0,53666.0,0.0,0.0,LED,No,DDR4,amd,mid,HP,Windows,amd,mid,high
945,1.7,141.0,4.2,3200.0,60.0,0.0,512.0,0.0,16.0,39590.0,1.0,0.0,LED,No,DDR4,amd,low,MSI,Windows,amd,mid,low
946,1.77,141.0,2.3,2133.0,120.0,0.0,0.0,1024.0,8.0,33990.0,0.0,1.0,LED,No,DDR4,intel,low,HP,Windows,intel,low,low
947,1.13,135.0,1.3,3200.0,120.0,0.0,32.0,0.0,2.0,11100.0,1.0,1.0,LED,No,DDR3,intel,low,Other,Windows,intel,low,low
948,1.5,157.0,4.2,2666.0,120.0,0.0,256.0,0.0,8.0,37990.0,0.0,1.0,LED,No,DDR4,intel,low,Lenovo,Windows,intel,low,low
949,1.41,157.0,4.2,3200.0,120.0,0.0,512.0,0.0,16.0,56990.0,0.0,1.0,LED,No,DDR4,amd,low,HP,Windows,amd,mid,low
950,1.78,141.0,1.1,2400.0,120.0,0.0,0.0,1024.0,4.0,23990.0,0.0,1.0,LED,No,DDR4,intel,low,HP,Windows,intel,low,low
951,1.3,157.0,2.8,3200.0,60.0,0.0,512.0,0.0,8.0,39999.0,1.0,0.0,LED,No,DDR4,amd,low,MSI,Windows,amd,mid,low
952,1.48,157.0,1.0,3200.0,120.0,0.0,512.0,0.0,8.0,47999.0,1.0,1.0,LCD,No,LPDDR4X,intel,low,Other,Windows,intel,mid,low
953,2.1,141.0,4.2,3200.0,144.0,4.0,512.0,0.0,8.0,87990.0,1.0,0.0,LED,No,DDR4,nvidia,mid,Asus,Windows,amd,high,high
954,2.3,141.0,4.7,2933.0,144.0,4.0,512.0,0.0,8.0,48999.0,0.0,0.0,LED,No,DDR4,nvidia,low,Asus,Windows,intel,mid,high
955,1.48,157.0,1.0,3200.0,120.0,0.0,512.0,0.0,8.0,39697.0,1.0,1.0,LCD,No,LPDDR4X,intel,low,Other,Windows,intel,mid,low
956,1.47,157.0,3.4,3200.0,120.0,0.0,512.0,0.0,8.0,38990.0,0.0,1.0,LED,No,DDR4,amd,low,HP,Windows,amd,low,low
957,2.1,141.0,2.0,2133.0,120.0,0.0,0.0,1024.0,8.0,41990.0,0.0,1.0,LED,No,DDR4,amd,low,Acer,Windows,amd,mid,low
958,2.1,141.0,3.3,3200.0,144.0,4.0,512.0,0.0,8.0,51990.0,1.0,0.0,TFT LCD,No,DDR4,nvidia,low,Acer,Windows,intel,mid,high
959,2.2,141.0,2.0,2133.0,120.0,0.0,0.0,1024.0,8.0,43990.0,0.0,1.0,LED,No,DDR4,amd,low,Acer,Other,amd,mid,low
960,1.61,157.0,4.0,3200.0,120.0,0.0,256.0,0.0,8.0,52185.0,0.0,1.0,LED,Yes,DDR4,intel,low,HP,Windows,intel,low,low
961,1.69,141.0,4.2,3200.0,120.0,0.0,1024.0,0.0,8.0,59800.0,0.0,1.0,LED,No,DDR4,intel,mid,HP,Windows,intel,mid,low
962,2.1,141.0,3.3,3200.0,144.0,4.0,512.0,0.0,16.0,53990.0,1.0,0.0,TFT LCD,No,DDR4,nvidia,low,Acer,Windows,intel,mid,high
963,1.75,141.0,4.2,3200.0,120.0,0.0,512.0,0.0,16.0,59100.0,0.0,1.0,LED,No,DDR4,amd,low,HP,Windows,amd,mid,low
964,1.0,141.0,2.8,2666.0,120.0,0.0,512.0,0.0,8.0,33600.0,0.0,1.0,LED,No,DDR4,intel,low,Dell,Windows,intel,low,low
965,2.15,141.0,2.1,3200.0,120.0,4.0,512.0,0.0,8.0,46999.0,1.0,1.0,LED,No,DDR4,nvidia,low,Acer,Windows,amd,mid,high
966,2.0,141.0,1.6,2133.0,120.0,0.0,0.0,1024.0,8.0,42990.0,0.0,1.0,LED,No,DDR4,intel,low,Asus,Windows,intel,mid,low
967,2.1,141.0,3.3,3200.0,144.0,4.0,512.0,0.0,16.0,56990.0,1.0,0.0,LED,No,DDR4,nvidia,low,Acer,Windows,intel,mid,high
968,1.6,255.0,3.2,3200.0,120.0,0.0,1024.0,0.0,16.0,219990.0,1.0,0.0,LED,No,DDR4,apple,mid,Apple,macOS,apple,high,high
969,1.7,141.0,3.0,2666.0,120.0,0.0,512.0,0.0,8.0,34500.0,0.0,1.0,LED,No,DDR4,intel,low,Lenovo,Windows,intel,low,low
970,1.8,141.0,3.0,2666.0,60.0,0.0,512.0,0.0,8.0,36440.0,0.0,0.0,LED,No,DDR4,intel,low,Dell,Windows,intel,low,low
971,1.85,100.0,1.2,2666.0,120.0,0.0,0.0,1024.0,4.0,27999.0,0.0,1.0,LED,No,DDR4,intel,low,Lenovo,DOS,intel,low,low
972,2.1,141.0,3.3,3200.0,120.0,4.0,512.0,0.0,8.0,54990.0,1.0,1.0,LED,No,DDR4,nvidia,low,Acer,Windows,intel,mid,high
973,1.65,141.0,3.0,3200.0,120.0,0.0,512.0,0.0,8.0,39999.0,1.0,1.0,LED,No,DDR4,intel,low,Lenovo,Windows,intel,low,low
974,1.83,100.0,1.1,2666.0,120.0,0.0,256.0,0.0,4.0,30744.0,0.0,1.0,LED,No,DDR4,intel,low,Dell,Windows,intel,low,low
975,1.85,100.0,1.2,2666.0,120.0,0.0,0.0,1024.0,4.0,31039.0,0.0,1.0,LED,No,DDR4,intel,low,Lenovo,DOS,intel,low,low
976,1.8,141.0,1.2,3200.0,120.0,0.0,0.0,1024.0,8.0,37990.0,1.0,1.0,LED,No,DDR4,intel,low,Asus,Windows,intel,low,low
979,1.58,141.0,3.5,5500.0,120.0,0.0,512.0,0.0,8.0,31990.0,0.0,1.0,LED,No,LPDDR5,amd,low,Lenovo,Windows,amd,low,low
980,1.98,141.0,3.0,3200.0,120.0,4.0,512.0,0.0,8.0,57900.0,1.0,1.0,LED,No,DDR4,nvidia,low,HP,Windows,amd,mid,high
981,2.3,100.0,2.4,2400.0,120.0,0.0,0.0,1024.0,8.0,32656.0,0.0,1.0,LED,No,DDR4,amd,low,Dell,Windows,amd,low,low
982,1.65,141.0,4.4,2666.0,120.0,0.0,512.0,0.0,8.0,33365.0,0.0,0.0,LED,No,DDR4,intel,low,Dell,Windows,intel,low,low
983,2.19,100.0,2.3,2133.0,120.0,4.0,0.0,1024.0,8.0,50176.0,0.0,1.0,LED,No,DDR4,amd,low,HP,Windows,intel,mid,low
984,2.1,100.0,2.3,2133.0,120.0,2.0,0.0,1024.0,8.0,45990.0,0.0,1.0,LED,No,DDR3,amd,low,HP,DOS,intel,mid,low
985,1.69,141.0,3.3,3200.0,120.0,0.0,512.0,0.0,8.0,43990.0,1.0,1.0,LED,No,DDR4,intel,low,HP,Windows,intel,mid,low
986,1.68,141.0,3.2,2666.0,120.0,0.0,256.0,0.0,8.0,31825.0,0.0,1.0,LED,No,DDR4,amd,low,Dell,Windows,amd,low,low
987,1.4,157.0,2.0,3200.0,120.0,0.0,512.0,0.0,8.0,56990.0,0.0,1.0,LED,No,DDR4,amd,low,Asus,Windows,amd,high,low
988,2.7,127.0,2.1,2400.0,120.0,4.0,512.0,0.0,8.0,59990.0,0.0,1.0,LED,No,DDR4,nvidia,low,Asus,Windows,amd,mid,high
989,2.04,141.0,3.0,3200.0,120.0,4.0,0.0,1024.0,8.0,59990.0,0.0,1.0,LED,No,DDR4,nvidia,low,HP,Windows,amd,mid,high
990,1.86,141.0,2.7,3200.0,144.0,4.0,512.0,0.0,8.0,50990.0,0.0,0.0,LED,No,DDR4,nvidia,low,MSI,Windows,intel,mid,high
991,2.37,141.0,3.0,3200.0,120.0,4.0,512.0,0.0,8.0,75990.0,0.0,1.0,LED,No,DDR4,nvidia,low,HP,Windows,amd,mid,high
992,1.55,157.0,1.0,2666.0,120.0,0.0,256.0,1024.0,8.0,58990.0,0.0,1.0,LED,No,DDR4,intel,low,Lenovo,Windows,intel,mid,low
993,1.58,157.0,1.2,2666.0,120.0,0.0,256.0,0.0,8.0,36090.0,0.0,1.0,LED,No,DDR4,intel,low,Dell,Windows,intel,low,low
994,1.86,141.0,2.6,2666.0,144.0,6.0,512.0,0.0,16.0,99990.0,0.0,0.0,LED,No,DDR4,nvidia,mid,MSI,Windows,intel,high,high
995,1.37,166.0,1.6,1600.0,120.0,0.0,256.0,0.0,8.0,38990.0,0.0,1.0,LED,No,DDR3,intel,low,Other,Windows,intel,mid,low
996,1.69,141.0,2.4,3200.0,120.0,0.0,64.0,0.0,4.0,27777.0,1.0,1.0,LED,No,LPDDR4X,intel,low,Asus,Google Chrome,intel,low,low
997,2.35,141.0,3.1,3200.0,144.0,4.0,512.0,0.0,16.0,72990.0,1.0,0.0,LED,No,DDR4,amd,mid,MSI,Windows,amd,high,high
998,1.75,100.0,1.0,2666.0,120.0,0.0,512.0,0.0,8.0,51919.0,0.0,1.0,LED,No,DDR4,intel,low,HP,Windows,intel,mid,low
999,1.1,135.0,1.1,3200.0,120.0,0.0,256.0,0.0,8.0,18990.0,1.0,1.0,TFT LCD,No,DDR4,intel,low,Acer,Windows,intel,low,low
1000,1.59,141.0,2.6,3200.0,120.0,0.0,512.0,0.0,8.0,27990.0,0.0,1.0,TFT LCD,No,DDR4,amd,low,Acer,Windows,amd,low,low
1001,1.75,156.0,4.8,5600.0,60.0,4.0,1024.0,0.0,16.0,149991.0,0.0,0.0,LED,No,DDR5,nvidia,high,Lenovo,Windows,intel,high,high
1002,1.47,112.0,4.5,3200.0,120.0,0.0,512.0,0.0,8.0,38499.0,0.0,1.0,LED,No,DDR4,intel,low,HP,DOS,intel,low,low
1005,1.12,161.0,2.6,6400.0,120.0,0.0,1024.0,0.0,32.0,235000.0,0.0,1.0,LED,No,LPDDR5,intel,mid,Lenovo,Windows,intel,high,low
1006,2.29,141.0,4.2,3200.0,144.0,4.0,512.0,0.0,16.0,57990.0,0.0,0.0,IPS LCD,No,DDR4,nvidia,mid,HP,Windows,amd,mid,high
1007,2.3,142.0,5.2,5600.0,144.0,8.0,512.0,0.0,16.0,120021.0,0.0,0.0,LED,No,DDR5,nvidia,mid,MSI,Windows,intel,high,high
1008,1.78,141.0,2.8,3200.0,120.0,0.0,512.0,0.0,8.0,34990.0,1.0,1.0,TFT LCD,No,LPDDR5,amd,low,Acer,Windows,amd,mid,low
1009,1.75,142.0,2.3,3200.0,60.0,0.0,512.0,0.0,16.0,52990.0,0.0,0.0,LED,No,DDR4,amd,low,Lenovo,Windows,amd,mid,low
1010,1.75,141.0,2.3,3200.0,120.0,0.0,512.0,0.0,8.0,29900.0,1.0,1.0,LED,No,DDR4,amd,low,Lenovo,DOS,amd,low,low
1011,1.4,157.0,4.4,5600.0,60.0,0.0,512.0,0.0,16.0,116279.0,0.0,0.0,LED,No,DDR5,intel,low,Dell,Windows,intel,mid,low
1012,1.75,162.0,2.3,3200.0,60.0,0.0,512.0,0.0,16.0,42991.0,0.0,0.0,LED,No,DDR4,amd,low,Lenovo,Windows,amd,mid,low
1013,1.24,225.0,4.1,3200.0,120.0,0.0,512.0,0.0,16.0,116990.0,1.0,1.0,LED,No,DDR4,intel,low,Apple,macOS,apple,mid,mid
1014,2.81,141.0,5.0,4800.0,120.0,6.0,512.0,0.0,16.0,69990.0,0.0,0.0,LED,No,DDR5,nvidia,mid,Dell,Windows,amd,mid,high
1015,2.81,141.0,4.9,4800.0,120.0,6.0,1024.0,0.0,16.0,100489.0,0.0,0.0,LED,No,DDR5,nvidia,mid,Dell,Windows,intel,high,high
1016,1.75,142.0,4.8,5600.0,60.0,0.0,512.0,0.0,16.0,91990.0,0.0,0.0,LED,No,DDR5,intel,low,Lenovo,Windows,intel,high,low
1017,2.81,141.0,4.6,4800.0,120.0,6.0,1024.0,0.0,16.0,79298.0,0.0,0.0,LED,No,DDR5,nvidia,mid,Dell,Windows,intel,mid,high
1018,2.81,141.0,5.1,4800.0,165.0,8.0,512.0,0.0,16.0,114989.0,0.0,0.0,LED,No,DDR5,nvidia,mid,Dell,Windows,amd,high,high
1019,2.81,141.0,5.4,4800.0,165.0,8.0,1024.0,0.0,16.0,142898.0,0.0,0.0,LED,No,DDR5,nvidia,mid,Dell,Windows,intel,high,high
1020,1.75,142.0,4.3,5600.0,60.0,0.0,512.0,0.0,16.0,74990.0,0.0,0.0,LED,No,DDR5,intel,low,Lenovo,Windows,intel,mid,low
1021,1.75,142.0,2.7,4800.0,60.0,0.0,512.0,0.0,16.0,67990.0,0.0,0.0,LED,No,DDR5,amd,mid,Lenovo,Windows,amd,high,low
1022,1.75,162.0,4.8,7500.0,60.0,0.0,1024.0,0.0,32.0,219991.0,0.0,0.0,LED,Yes,LPDDR5X,intel,low,Lenovo,Windows,intel,high,low
1023,1.75,142.0,2.9,4800.0,60.0,0.0,512.0,0.0,16.0,52990.0,0.0,0.0,LED,No,DDR5,amd,mid,Lenovo,Windows,amd,mid,low
1024,1.37,170.0,1.8,4266.0,60.0,0.0,512.0,0.0,16.0,65990.0,0.0,0.0,LED,Yes,LPDDR4X,amd,low,Lenovo,Windows,amd,high,low
1025,1.75,162.0,4.8,7500.0,60.0,0.0,512.0,0.0,32.0,219991.0,0.0,0.0,LED,No,LPDDR5X,intel,low,Lenovo,Windows,intel,high,low
1026,1.75,162.0,4.3,5600.0,60.0,0.0,512.0,0.0,16.0,92991.0,0.0,0.0,LED,No,DDR5,intel,low,Lenovo,Windows,intel,mid,low
1027,1.75,162.0,3.7,5600.0,60.0,0.0,512.0,0.0,16.0,146990.0,0.0,0.0,LED,No,DDR5,intel,low,Lenovo,Windows,intel,high,low
1028,1.36,112.0,4.3,3200.0,120.0,0.0,512.0,0.0,8.0,37999.0,0.0,1.0,LED,No,DDR4,amd,low,HP,DOS,amd,mid,low
1029,1.55,162.0,2.0,4266.0,60.0,0.0,512.0,0.0,16.0,69890.0,0.0,0.0,LED,Yes,LPDDR4X,amd,low,Lenovo,Windows,amd,high,low
1030,1.75,256.0,5.1,8400.0,120.0,0.0,512.0,0.0,32.0,145990.0,0.0,0.0,LED,No,LPDDR5X,intel,mid,Lenovo,Windows,intel,high,high
1031,1.52,100.0,4.5,3200.0,120.0,0.0,512.0,0.0,16.0,44499.0,0.0,1.0,LED,No,DDR4,intel,low,HP,DOS,intel,low,low
1032,2.38,141.0,5.5,5600.0,144.0,8.0,1024.0,0.0,16.0,126990.0,0.0,0.0,LED,No,DDR5,nvidia,mid,Lenovo,Windows,intel,high,high
1033,1.75,162.0,4.8,5600.0,60.0,0.0,512.0,0.0,16.0,107990.0,0.0,0.0,LED,No,DDR5,intel,low,Lenovo,Windows,intel,high,low
1034,1.75,256.0,4.5,8400.0,120.0,0.0,512.0,0.0,16.0,114990.0,0.0,0.0,LED,No,LPDDR5X,intel,mid,Lenovo,Windows,intel,mid,high
1035,1.75,162.0,4.3,5600.0,60.0,0.0,512.0,0.0,16.0,89990.0,0.0,0.0,LED,No,DDR5,intel,low,Lenovo,Windows,intel,mid,low
1036,1.74,100.0,4.6,3200.0,120.0,0.0,512.0,0.0,8.0,52999.0,0.0,1.0,LED,No,DDR4,intel,mid,HP,DOS,intel,mid,low
1037,1.38,157.0,4.6,3200.0,120.0,0.0,512.0,0.0,8.0,68999.0,0.0,1.0,LED,No,DDR4,intel,mid,HP,DOS,intel,mid,low
1038,1.38,157.0,4.6,3200.0,120.0,0.0,512.0,0.0,16.0,89999.0,0.0,1.0,LED,No,DDR4,intel,mid,HP,Windows,intel,mid,low
1040,1.79,141.0,4.6,3200.0,120.0,0.0,512.0,0.0,16.0,89999.0,0.0,1.0,LED,No,DDR4,intel,mid,HP,Windows,intel,mid,low
1042,1.38,157.0,4.6,3200.0,120.0,0.0,512.0,0.0,16.0,72999.0,0.0,1.0,LED,No,DDR4,intel,mid,HP,DOS,intel,mid,low
1043,1.75,162.0,4.3,5600.0,60.0,0.0,512.0,0.0,16.0,122990.0,0.0,0.0,LED,No,DDR4,intel,low,Lenovo,Windows,intel,mid,low
1044,1.19,162.0,5.0,5200.0,120.0,0.0,512.0,0.0,16.0,140999.0,0.0,1.0,LED,No,DDR5,intel,mid,HP,Windows,intel,high,mid
1045,1.36,157.0,4.5,3200.0,120.0,0.0,512.0,0.0,16.0,60999.0,0.0,1.0,LED,No,DDR4,amd,low,HP,Windows,amd,mid,low
1046,1.79,141.0,4.6,3200.0,120.0,0.0,512.0,0.0,16.0,73999.0,0.0,1.0,LED,No,DDR4,intel,mid,HP,DOS,intel,mid,low
1047,1.36,157.0,4.6,3200.0,120.0,0.0,512.0,0.0,16.0,59999.0,0.0,1.0,LED,No,DDR4,intel,low,HP,DOS,intel,mid,low
1048,1.36,112.0,4.6,3200.0,120.0,0.0,512.0,0.0,8.0,55499.0,0.0,1.0,LED,No,DDR4,intel,low,HP,DOS,intel,mid,low
1049,1.59,145.0,2.8,3200.0,120.0,0.0,512.0,0.0,16.0,39999.0,1.0,1.0,TFT LCD,No,DDR4,amd,low,Acer,Windows,amd,mid,low
1050,1.47,112.0,4.6,3200.0,120.0,0.0,512.0,0.0,8.0,57199.0,0.0,1.0,LED,No,DDR4,intel,mid,HP,Windows,intel,mid,low
1051,1.39,162.0,5.1,6400.0,120.0,0.0,1024.0,0.0,32.0,119999.0,0.0,1.0,LED,Yes,LPDDR5,amd,low,HP,Windows,amd,high,high
1052,1.47,112.0,4.5,3200.0,120.0,0.0,512.0,0.0,16.0,41499.0,0.0,1.0,LED,No,DDR4,intel,low,HP,DOS,intel,low,low
1053,1.47,112.0,4.5,3200.0,120.0,0.0,512.0,0.0,8.0,50999.0,0.0,1.0,LED,No,DDR4,intel,low,HP,Windows,intel,low,low
1054,1.59,141.0,2.8,3200.0,120.0,0.0,1024.0,0.0,16.0,37999.0,1.0,1.0,TFT LCD,No,DDR4,amd,low,Acer,Windows,amd,mid,low
1055,1.47,112.0,4.6,3200.0,120.0,0.0,512.0,0.0,16.0,57999.0,0.0,1.0,LED,No,DDR4,intel,mid,HP,DOS,intel,mid,low
1056,1.39,243.0,5.1,6400.0,120.0,0.0,1024.0,2048.0,32.0,130999.0,0.0,0.0,OLED,Yes,LPDDR5,amd,low,HP,Windows,amd,high,high
1057,1.56,162.0,5.4,5200.0,60.0,0.0,1024.0,0.0,16.0,88689.0,0.0,0.0,LED,No,DDR5,intel,low,Dell,Windows,intel,high,low
1058,1.44,243.0,4.8,7467.0,120.0,0.0,1024.0,0.0,32.0,165999.0,0.0,0.0,OLED,Yes,LPDDR5X,intel,mid,HP,Windows,intel,high,high
1060,1.56,162.0,5.0,5200.0,60.0,0.0,512.0,0.0,16.0,70289.0,0.0,0.0,LED,No,DDR5,intel,low,Dell,Windows,intel,mid,low
1061,1.75,162.0,5.0,5200.0,60.0,0.0,512.0,0.0,16.0,79989.0,0.0,0.0,LED,Yes,DDR5,intel,low,Dell,Windows,intel,mid,low
1062,2.29,141.0,4.4,3200.0,144.0,4.0,512.0,0.0,16.0,56899.0,0.0,0.0,LED,No,DDR4,nvidia,low,HP,Windows,intel,mid,high
1063,1.38,162.0,3.4,5200.0,60.0,0.0,512.0,0.0,8.0,75991.0,0.0,0.0,LED,No,DDR5,intel,low,Lenovo,Windows,intel,mid,low
1064,2.0,141.0,3.7,3200.0,144.0,4.0,1024.0,0.0,16.0,75490.0,0.0,0.0,LED,No,DDR4,nvidia,mid,HP,Windows,intel,high,high
1066,2.29,141.0,4.6,3200.0,144.0,4.0,512.0,0.0,16.0,66779.0,0.0,0.0,LED,No,DDR4,nvidia,low,HP,Windows,intel,mid,high
1067,1.2,243.0,4.8,3200.0,120.0,0.0,512.0,0.0,16.0,142990.0,1.0,0.0,OLED,No,LPDDR5X,intel,mid,Asus,Windows,intel,high,low
1068,1.7,141.0,2.8,3200.0,120.0,0.0,512.0,0.0,12.0,47990.0,1.0,1.0,TFT LCD,No,LPDDR5,intel,low,Acer,Windows,intel,mid,high
1069,1.65,141.0,2.0,3200.0,120.0,0.0,512.0,0.0,16.0,39490.0,0.0,1.0,LED,No,DDR4,amd,low,Lenovo,Windows,amd,high,low
1070,1.75,142.0,4.8,3200.0,60.0,0.0,1024.0,0.0,16.0,150990.0,1.0,0.0,LED,No,LPDDR5X,intel,low,Lenovo,Windows,intel,high,low
1071,1.59,141.0,2.8,3200.0,120.0,0.0,512.0,0.0,8.0,43999.0,1.0,1.0,TFT LCD,No,DDR4,intel,mid,Acer,Windows,intel,mid,low
1072,1.5,112.0,2.8,3200.0,120.0,0.0,256.0,0.0,8.0,25999.0,1.0,1.0,TFT LCD,No,DDR4,amd,low,Acer,Windows,amd,low,low
1073,2.1,189.0,3.8,5600.0,165.0,8.0,1024.0,0.0,16.0,144491.0,0.0,0.0,LED,No,DDR5,nvidia,mid,Lenovo,Windows,amd,high,high
1074,1.5,112.0,2.8,3200.0,120.0,0.0,512.0,0.0,8.0,27999.0,1.0,1.0,TFT LCD,No,DDR4,amd,low,Acer,Windows,amd,low,low
1075,2.5,189.0,5.5,5600.0,240.0,8.0,1024.0,0.0,32.0,171990.0,0.0,0.0,LED,No,DDR5,nvidia,high,MSI,Windows,intel,high,high
1077,1.59,141.0,2.8,3200.0,120.0,0.0,512.0,0.0,16.0,42499.0,1.0,1.0,TFT LCD,No,DDR4,amd,low,Acer,Windows,amd,high,low
1078,1.59,141.0,3.8,3200.0,120.0,0.0,512.0,0.0,8.0,37990.0,1.0,1.0,LED,No,DDR4,intel,low,HP,Windows,intel,low,low
1080,1.75,141.0,3.3,3200.0,60.0,0.0,512.0,0.0,16.0,59990.0,0.0,0.0,LED,No,DDR4,intel,mid,Lenovo,Windows,intel,mid,low
1081,1.69,141.0,4.4,3200.0,60.0,0.0,512.0,0.0,8.0,39990.0,1.0,0.0,LED,No,DDR4,intel,low,HP,Windows,intel,low,low
1082,2.5,189.0,5.2,5600.0,240.0,8.0,1024.0,0.0,16.0,129990.0,0.0,0.0,LED,No,DDR5,nvidia,mid,MSI,Windows,intel,high,high
1083,1.75,162.0,4.5,7467.0,60.0,0.0,512.0,0.0,16.0,99990.0,0.0,0.0,OLED,Yes,LPDDR5X,intel,mid,Lenovo,Windows,intel,mid,high
1084,1.55,162.0,1.8,4266.0,60.0,0.0,512.0,0.0,16.0,66491.0,0.0,0.0,LED,Yes,LPDDR4X,amd,low,Lenovo,Windows,amd,high,low
1085,1.75,162.0,4.9,5200.0,60.0,0.0,512.0,0.0,16.0,85491.0,0.0,0.0,OLED,Yes,LPDDR5X,intel,low,Lenovo,Windows,intel,high,high
1086,2.29,141.0,4.4,3200.0,144.0,4.0,512.0,0.0,8.0,67093.0,0.0,0.0,LED,No,DDR4,nvidia,mid,HP,Windows,intel,mid,high
1087,1.32,189.0,3.7,5600.0,60.0,0.0,512.0,0.0,16.0,146990.0,0.0,0.0,LED,No,DDR5,intel,low,Lenovo,Windows,intel,high,low
1088,2.2,140.0,2.6,3200.0,120.0,4.0,1024.0,0.0,32.0,178990.0,1.0,1.0,LED,No,DDR5,nvidia,mid,Lenovo,Windows,intel,high,mid
1089,1.45,157.0,3.3,3200.0,120.0,0.0,512.0,0.0,8.0,31999.0,1.0,1.0,TFT LCD,No,DDR4,intel,low,Acer,Windows,intel,low,low
1090,2.29,141.0,4.7,3200.0,144.0,4.0,1024.0,0.0,16.0,86263.0,0.0,0.0,LED,No,DDR4,nvidia,mid,HP,Windows,intel,high,high
1091,1.99,141.0,2.8,3200.0,144.0,6.0,512.0,0.0,16.0,77999.0,1.0,0.0,LED,No,DDR4,nvidia,mid,Acer,Windows,intel,high,high
1092,1.83,141.0,4.0,3200.0,120.0,0.0,512.0,0.0,8.0,35990.0,1.0,0.0,IPS LCD,No,DDR5,amd,low,Dell,Windows,amd,mid,low
1093,2.29,141.0,4.4,3200.0,144.0,4.0,1024.0,0.0,16.0,76678.0,0.0,0.0,LED,No,DDR4,nvidia,mid,HP,Windows,intel,mid,high
1094,2.29,141.0,4.4,3200.0,144.0,4.0,512.0,0.0,16.0,72418.0,0.0,0.0,IPS LCD,No,DDR4,nvidia,mid,HP,Windows,intel,mid,high
1095,2.29,141.0,4.7,3200.0,144.0,4.0,512.0,0.0,16.0,82000.0,0.0,0.0,LED,No,DDR4,nvidia,mid,HP,Windows,intel,high,high
1098,2.4,142.0,5.5,5600.0,120.0,16.0,1024.0,0.0,32.0,495999.0,0.0,1.0,LED,No,DDR5,nvidia,high,HP,Windows,intel,high,high
1099,1.86,141.0,4.9,3200.0,144.0,4.0,512.0,0.0,16.0,74990.0,1.0,0.0,LED,No,DDR4,nvidia,mid,MSI,Windows,intel,high,high
1100,2.1,141.0,2.8,3200.0,144.0,6.0,512.0,0.0,16.0,64999.0,1.0,0.0,TFT LCD,No,DDR5,nvidia,mid,Acer,Windows,amd,mid,high
1101,1.59,141.0,2.8,3200.0,120.0,0.0,512.0,0.0,16.0,32999.0,1.0,1.0,LED,No,DDR4,amd,low,Acer,Windows,amd,low,low
1102,2.4,142.0,5.0,5600.0,120.0,16.0,1024.0,0.0,32.0,457999.0,0.0,1.0,LED,No,DDR5,nvidia,high,HP,Windows,intel,high,high
1103,2.8,142.0,5.5,3200.0,165.0,6.0,512.0,0.0,16.0,114990.0,1.0,0.0,TFT LCD,No,DDR5,nvidia,mid,Acer,Windows,intel,high,high
1104,1.74,141.0,4.4,3200.0,120.0,0.0,512.0,0.0,8.0,65499.0,1.0,1.0,LED,No,DDR4,intel,mid,HP,DOS,intel,mid,low
1105,2.99,170.0,5.4,4800.0,240.0,16.0,1024.0,0.0,32.0,339990.0,0.0,0.0,LED,No,DDR5,nvidia,high,Asus,Windows,amd,high,high
1106,1.47,157.0,4.7,3200.0,120.0,0.0,512.0,0.0,8.0,57999.0,0.0,1.0,LED,No,DDR4,intel,mid,HP,DOS,intel,high,low
1107,1.38,157.0,4.4,3200.0,120.0,0.0,512.0,0.0,16.0,85999.0,0.0,1.0,LED,No,DDR4,intel,mid,HP,Windows,intel,mid,low
1108,1.75,112.0,4.4,3200.0,120.0,0.0,512.0,0.0,8.0,51999.0,0.0,1.0,LED,No,DDR4,intel,mid,HP,Windows,intel,low,low
1109,1.38,112.0,4.4,3200.0,120.0,0.0,512.0,0.0,8.0,64999.0,0.0,1.0,LED,No,DDR4,intel,mid,HP,DOS,intel,mid,low
1110,1.38,157.0,4.7,3200.0,120.0,0.0,512.0,0.0,16.0,97999.0,0.0,1.0,LED,No,DDR4,intel,mid,HP,Windows,intel,high,low
1111,1.0,157.0,4.7,3200.0,120.0,0.0,512.0,0.0,16.0,95999.0,0.0,1.0,LED,No,DDR4,intel,mid,HP,Windows,intel,high,low
1112,1.36,162.0,4.9,5200.0,120.0,0.0,1024.0,0.0,32.0,123999.0,0.0,1.0,LED,No,DDR5,intel,low,HP,Windows,intel,high,low
1113,1.75,112.0,4.4,3200.0,120.0,0.0,512.0,0.0,8.0,63999.0,0.0,1.0,LED,No,DDR4,intel,mid,HP,Windows,intel,mid,low
1114,1.36,162.0,5.0,5200.0,120.0,0.0,1024.0,0.0,16.0,117999.0,0.0,1.0,LED,No,DDR5,intel,low,HP,Windows,intel,high,low
1116,0.99,171.0,5.2,6400.0,120.0,0.0,1024.0,0.0,32.0,232999.0,0.0,1.0,LED,Yes,LPDDR5,intel,mid,HP,Windows,intel,high,low
1117,1.38,157.0,4.7,3200.0,120.0,0.0,512.0,0.0,8.0,80999.0,0.0,1.0,LED,No,DDR4,intel,mid,HP,DOS,intel,high,low
1118,1.38,157.0,4.4,3200.0,120.0,0.0,512.0,0.0,8.0,65999.0,0.0,1.0,LED,No,DDR4,intel,mid,HP,DOS,intel,mid,low
1119,1.37,157.0,4.4,3200.0,120.0,0.0,512.0,0.0,16.0,94499.0,0.0,1.0,LED,No,DDR4,intel,mid,HP,Windows,intel,mid,low
1121,1.0,112.0,4.5,3200.0,120.0,0.0,512.0,0.0,8.0,54999.0,0.0,1.0,LED,No,DDR4,amd,low,HP,DOS,amd,mid,low
1122,1.75,112.0,4.3,3200.0,120.0,0.0,512.0,0.0,8.0,38999.0,0.0,1.0,LED,No,DDR4,amd,low,HP,DOS,amd,mid,low
1123,1.38,157.0,4.3,3200.0,120.0,0.0,512.0,0.0,16.0,82999.0,0.0,1.0,LED,No,DDR4,amd,low,HP,Windows,amd,mid,low
1124,1.74,141.0,4.3,3200.0,120.0,0.0,512.0,0.0,8.0,49999.0,0.0,1.0,LED,No,DDR4,amd,low,HP,DOS,amd,mid,low
1125,1.74,100.0,4.3,3200.0,120.0,0.0,512.0,0.0,8.0,39499.0,0.0,1.0,LED,No,DDR4,amd,low,HP,DOS,amd,mid,low
1126,1.74,100.0,4.4,3200.0,120.0,0.0,512.0,0.0,8.0,59999.0,0.0,1.0,LED,No,DDR4,intel,mid,HP,DOS,intel,mid,low
1127,1.37,157.0,4.4,3200.0,120.0,0.0,1024.0,0.0,16.0,98999.0,0.0,1.0,LED,No,DDR4,intel,mid,HP,Windows,intel,mid,low
1128,1.5,162.0,3.3,4266.0,60.0,0.0,512.0,0.0,16.0,64490.0,0.0,0.0,LED,Yes,LPDDR4X,intel,mid,Lenovo,Windows,intel,mid,low
1129,1.38,157.0,4.3,3200.0,120.0,0.0,512.0,0.0,8.0,62999.0,0.0,1.0,LED,No,DDR4,amd,low,HP,DOS,amd,mid,low
1130,1.74,100.0,4.4,3200.0,120.0,0.0,512.0,0.0,8.0,37999.0,0.0,1.0,LED,No,DDR4,intel,low,HP,DOS,intel,low,low
1131,1.47,157.0,4.6,3200.0,120.0,0.0,512.0,0.0,16.0,64999.0,0.0,1.0,LED,No,DDR4,intel,mid,HP,Windows,intel,mid,low
1132,1.38,157.0,4.5,3200.0,120.0,0.0,512.0,0.0,16.0,68999.0,0.0,1.0,LED,No,DDR4,amd,low,HP,Windows,amd,mid,low
1133,2.29,141.0,2.8,3200.0,144.0,4.0,512.0,0.0,16.0,76490.0,0.0,0.0,LED,No,DDR4,nvidia,mid,HP,Windows,intel,high,high
1134,2.12,142.0,4.8,5600.0,120.0,4.0,1024.0,0.0,16.0,181999.0,0.0,1.0,LED,No,DDR5,nvidia,mid,HP,Windows,intel,high,low
1135,1.75,157.0,4.7,3200.0,120.0,0.0,512.0,0.0,8.0,64999.0,0.0,1.0,LED,No,DDR4,intel,mid,HP,DOS,intel,high,low
1136,2.12,142.0,4.8,5600.0,120.0,8.0,1024.0,0.0,32.0,223999.0,0.0,1.0,LED,No,DDR5,nvidia,high,HP,Windows,intel,high,high
1137,2.12,142.0,4.8,5600.0,120.0,4.0,1024.0,0.0,32.0,189999.0,0.0,1.0,LED,No,DDR5,nvidia,mid,HP,Windows,intel,high,low
1138,2.12,142.0,5.1,5600.0,120.0,8.0,1024.0,0.0,32.0,263999.0,0.0,1.0,LED,No,DDR5,nvidia,high,HP,Windows,intel,high,high
1140,2.12,142.0,4.8,5600.0,120.0,6.0,1024.0,0.0,16.0,196999.0,0.0,1.0,LED,No,DDR5,nvidia,mid,HP,Windows,intel,high,high
1141,2.12,142.0,4.8,5600.0,120.0,6.0,1024.0,0.0,32.0,204999.0,0.0,1.0,LED,No,DDR5,nvidia,mid,HP,Windows,intel,high,high
1142,1.56,162.0,4.5,4400.0,60.0,0.0,512.0,0.0,8.0,42489.0,0.0,0.0,LED,No,DDR5,intel,low,Dell,Windows,intel,low,low
1143,2.29,141.0,3.3,3200.0,144.0,4.0,512.0,0.0,16.0,59990.0,0.0,0.0,LED,No,DDR4,nvidia,low,HP,Windows,intel,mid,high
1144,1.51,157.0,4.7,3200.0,120.0,0.0,512.0,0.0,8.0,66999.0,0.0,1.0,LED,Yes,DDR4,intel,low,HP,Windows,intel,low,low
1145,1.66,141.0,4.6,2666.0,120.0,0.0,512.0,0.0,8.0,48989.0,0.0,0.0,LED,No,DDR4,intel,low,Dell,Windows,intel,mid,low
1146,1.8,141.0,1.3,4267.0,60.0,0.0,512.0,0.0,16.0,47990.0,0.0,0.0,LED,No,LPDDR4X,intel,mid,Other,Windows,intel,high,low
1147,1.56,162.0,4.6,4400.0,60.0,0.0,512.0,0.0,8.0,56590.0,0.0,0.0,LED,No,DDR5,intel,low,Dell,Windows,intel,mid,low
1149,1.66,141.0,4.5,2666.0,120.0,0.0,512.0,0.0,8.0,37989.0,0.0,0.0,LED,No,DDR4,intel,low,Dell,Windows,intel,low,low
1150,1.8,141.0,1.7,3733.0,60.0,0.0,512.0,0.0,8.0,29490.0,0.0,0.0,LED,No,LPDDR4X,intel,low,Other,Windows,intel,low,low
1151,1.56,162.0,4.6,4400.0,60.0,0.0,512.0,0.0,16.0,63190.0,0.0,0.0,LED,No,DDR5,intel,mid,Dell,Windows,intel,mid,low
1152,1.56,162.0,4.6,4400.0,60.0,0.0,1024.0,0.0,16.0,68790.0,0.0,0.0,LED,No,DDR5,intel,mid,Dell,Windows,intel,mid,low
1153,1.78,142.0,4.4,3200.0,120.0,0.0,256.0,0.0,16.0,54990.0,1.0,1.0,IPS LCD,No,LPDDR4X,intel,low,Other,Windows,intel,low,low
1154,1.56,162.0,5.0,5200.0,60.0,0.0,1024.0,0.0,16.0,73290.0,0.0,0.0,LED,No,DDR5,intel,low,Dell,Windows,intel,mid,low
1155,1.37,201.0,3.3,3200.0,120.0,0.0,128.0,0.0,8.0,44990.0,1.0,1.0,LED,Yes,LPDDR4X,intel,low,Acer,Google Chrome,intel,low,low
1156,1.99,141.0,2.8,3200.0,144.0,4.0,512.0,0.0,16.0,59990.0,1.0,0.0,LED,No,DDR4,nvidia,low,Acer,Windows,intel,mid,high
1157,1.78,142.0,4.4,3200.0,120.0,0.0,512.0,0.0,16.0,59990.0,1.0,1.0,IPS LCD,No,LPDDR4X,intel,low,Other,Windows,intel,low,low
1158,1.54,157.0,4.7,3200.0,60.0,0.0,512.0,0.0,8.0,97800.0,0.0,0.0,LED,No,DDR4,intel,mid,Dell,Windows,intel,mid,low
1159,1.76,142.0,5.0,3200.0,60.0,0.0,512.0,0.0,16.0,86991.0,0.0,0.0,LED,No,DDR4,intel,mid,Lenovo,Windows,intel,high,low
1161,2.81,141.0,4.9,4800.0,120.0,6.0,1024.0,0.0,16.0,100489.0,0.0,0.0,LED,No,DDR5,nvidia,mid,Dell,Windows,intel,high,high
1162,1.81,141.0,4.6,3200.0,60.0,0.0,512.0,0.0,16.0,101339.0,0.0,0.0,LED,No,DDR4,intel,mid,Dell,Windows,intel,mid,low
1164,1.45,157.0,2.8,3200.0,120.0,0.0,512.0,0.0,16.0,31999.0,1.0,1.0,LED,No,DDR4,intel,low,Acer,Windows,intel,low,low
1165,1.15,170.0,4.3,6400.0,120.0,0.0,512.0,0.0,16.0,158948.0,0.0,1.0,LED,No,LPDDR5X,intel,low,Dell,Windows,intel,mid,low
1166,1.75,162.0,4.4,6400.0,120.0,0.0,512.0,0.0,16.0,138768.0,0.0,1.0,LED,No,LPDDR5X,intel,low,Dell,Windows,intel,mid,low
1167,1.39,157.0,2.8,3200.0,120.0,0.0,512.0,0.0,16.0,133529.0,0.0,1.0,LED,No,DDR4,intel,low,Dell,Windows,intel,high,low
1168,1.39,157.0,4.7,3200.0,120.0,0.0,512.0,0.0,16.0,114609.0,0.0,1.0,LED,No,DDR4,intel,low,Dell,Windows,intel,mid,low
1170,1.4,157.0,4.9,5600.0,60.0,0.0,512.0,0.0,16.0,151999.0,0.0,0.0,LED,No,DDR5,intel,low,Dell,Windows,intel,high,low
1171,1.23,166.0,4.9,6400.0,60.0,0.0,512.0,0.0,16.0,146719.0,0.0,0.0,LED,No,LPDDR5X,intel,low,Dell,Windows,intel,high,low
1172,1.33,162.0,4.9,6400.0,120.0,0.0,512.0,0.0,16.0,162131.0,0.0,1.0,LED,No,LPDDR5X,intel,low,Dell,Windows,intel,high,low
1174,1.15,170.0,4.4,6400.0,120.0,0.0,512.0,0.0,16.0,159478.0,0.0,1.0,LED,No,LPDDR5X,intel,low,Dell,Windows,intel,mid,low
1175,2.4,141.0,4.9,4800.0,144.0,6.0,512.0,0.0,24.0,103490.0,0.0,0.0,LED,No,DDR5,nvidia,mid,Lenovo,Windows,intel,high,high
1177,1.62,141.0,4.9,5600.0,60.0,0.0,1024.0,0.0,32.0,171219.0,0.0,0.0,LED,No,DDR5,intel,low,Dell,Windows,intel,high,low
1178,1.7,141.0,2.8,3200.0,120.0,0.0,512.0,0.0,8.0,29999.0,1.0,1.0,LED,No,LPDDR5,intel,low,Acer,Windows,intel,low,low
1179,1.59,141.0,3.4,3200.0,60.0,0.0,512.0,0.0,16.0,52990.0,1.0,0.0,TFT LCD,No,DDR4,intel,low,Acer,Windows,intel,high,low
1180,1.3,243.0,4.8,3200.0,120.0,0.0,1024.0,0.0,32.0,99999.0,1.0,1.0,OLED,No,LPDDR5X,intel,mid,Acer,Windows,intel,high,high
1181,3.6,252.0,5.8,3200.0,120.0,16.0,2048.0,0.0,64.0,399390.0,1.0,0.0,Mini LED,No,DDR5,nvidia,high,MSI,Windows,intel,high,high
1182,2.89,252.0,5.1,5600.0,120.0,12.0,2048.0,0.0,64.0,389990.0,0.0,0.0,Mini LED,No,DDR5,nvidia,high,MSI,Windows,intel,high,high
1183,3.6,252.0,5.8,3200.0,120.0,16.0,4096.0,0.0,128.0,499990.0,1.0,0.0,LED,No,DDR5,nvidia,high,MSI,Windows,intel,high,high
1184,1.28,243.0,4.8,3200.0,120.0,0.0,1024.0,0.0,32.0,127990.0,1.0,0.0,OLED,Yes,LPDDR5X,intel,mid,Asus,Windows,intel,high,high
1185,1.99,141.0,2.8,3200.0,60.0,4.0,512.0,0.0,16.0,54999.0,1.0,0.0,LED,No,DDR4,nvidia,low,Acer,Windows,intel,mid,high
1186,1.99,141.0,4.4,3200.0,144.0,4.0,512.0,0.0,16.0,65999.0,1.0,0.0,IPS LCD,No,DDR4,nvidia,mid,Acer,Windows,intel,mid,high
1187,1.34,157.0,3.3,3200.0,120.0,0.0,512.0,0.0,16.0,55490.0,1.0,1.0,TFT LCD,No,DDR4,intel,mid,Acer,Windows,intel,mid,low
1188,1.78,141.0,2.8,3200.0,120.0,4.0,512.0,0.0,16.0,57999.0,1.0,1.0,TFT LCD,No,DDR4,nvidia,low,Acer,Windows,intel,mid,high
1189,1.35,157.0,2.3,3200.0,120.0,0.0,512.0,0.0,16.0,53990.0,1.0,1.0,TFT LCD,No,DDR4,amd,low,Acer,Windows,amd,mid,low
1190,2.1,141.0,4.6,3200.0,144.0,6.0,512.0,0.0,16.0,82990.0,1.0,0.0,TFT LCD,No,DDR5,nvidia,mid,Acer,Windows,intel,mid,high
1191,1.35,157.0,2.3,3200.0,120.0,0.0,512.0,0.0,8.0,36490.0,1.0,1.0,TFT LCD,No,DDR4,amd,low,Acer,Windows,amd,low,low
1192,1.34,157.0,4.5,3200.0,120.0,0.0,512.0,0.0,16.0,61990.0,1.0,1.0,TFT LCD,No,DDR4,intel,mid,Acer,Windows,intel,mid,low
1193,1.39,162.0,4.8,5600.0,120.0,0.0,1024.0,0.0,16.0,105000.0,0.0,1.0,LED,No,DDR5,intel,mid,HP,Windows,intel,high,high
1194,1.4,162.0,2.8,3200.0,120.0,0.0,512.0,0.0,8.0,51999.0,1.0,1.0,TFT LCD,No,LPDDR5,intel,mid,Acer,Windows,intel,mid,low
1195,1.38,112.0,4.7,3200.0,120.0,0.0,512.0,0.0,8.0,79999.0,0.0,1.0,LED,No,DDR4,intel,mid,HP,Windows,intel,mid,low
1196,1.28,239.0,3.4,8448.0,90.0,0.0,512.0,0.0,16.0,135360.0,0.0,0.0,OLED,Yes,LPDDR5X,qualcomm,low,Lenovo,Windows,qualcomm,high,high
1197,1.34,157.0,3.4,3200.0,120.0,0.0,512.0,0.0,16.0,78990.0,1.0,1.0,TFT LCD,No,DDR4,intel,mid,Acer,Windows,intel,high,low
1198,1.56,212.0,4.5,3200.0,120.0,0.0,512.0,0.0,16.0,141990.0,1.0,1.0,AMOLED,Yes,LPDDR5X,intel,mid,Samsung,Windows,intel,mid,high
1199,1.65,141.0,3.0,3200.0,120.0,0.0,512.0,0.0,8.0,33955.0,1.0,1.0,LED,No,DDR4,intel,low,Lenovo,Windows,intel,low,low
1200,1.0,141.0,4.0,3200.0,120.0,0.0,0.0,1024.0,8.0,35399.0,1.0,1.0,LED,No,DDR4,intel,low,Lenovo,Windows,intel,low,low
1201,1.38,227.0,3.5,3200.0,120.0,0.0,512.0,0.0,8.0,139990.0,1.0,1.0,LED,No,LPDDR5,apple,mid,Apple,macOS,apple,mid,mid
1202,2.2,100.0,2.0,2133.0,120.0,0.0,0.0,1024.0,4.0,25490.0,0.0,1.0,LED,No,DDR4,intel,low,Lenovo,DOS,intel,low,low
1203,2.36,141.0,2.0,2400.0,120.0,0.0,0.0,1024.0,4.0,27990.0,0.0,1.0,LED,No,DDR4,intel,low,Dell,Windows,intel,low,low
1204,2.3,112.0,1.1,2400.0,120.0,0.0,64.0,0.0,4.0,21999.0,0.0,1.0,LED,No,LPDDR4,intel,low,HP,Google Chrome,intel,low,low
1205,1.66,141.0,1.8,3200.0,120.0,0.0,512.0,0.0,16.0,67990.0,0.0,1.0,LED,No,DDR4,amd,low,Lenovo,Windows,amd,high,low
1206,1.38,157.0,2.1,3200.0,60.0,0.0,512.0,0.0,8.0,41990.0,1.0,0.0,LED,No,DDR4,amd,low,Other,Windows,amd,mid,low
1207,1.29,227.0,1.1,3733.0,120.0,0.0,512.0,0.0,8.0,99990.0,0.0,1.0,LED,No,LPDDR4X,intel,low,Apple,macOS,intel,mid,mid
1208,2.31,141.0,2.0,3200.0,120.0,4.0,512.0,0.0,16.0,68190.0,0.0,0.0,LED,No,DDR4,nvidia,mid,Lenovo,Windows,intel,mid,high
1209,1.25,243.0,4.7,3200.0,120.0,0.0,512.0,0.0,16.0,79990.0,1.0,1.0,OLED,No,LPDDR5,intel,mid,Acer,Windows,intel,mid,high
1210,1.11,166.0,1.0,3733.0,120.0,0.0,512.0,0.0,8.0,64990.0,0.0,1.0,LED,No,DDR4,intel,low,Asus,Windows,intel,mid,low
1211,1.0,141.0,1.7,3200.0,60.0,0.0,512.0,0.0,8.0,37999.0,1.0,0.0,LED,No,DDR4,intel,mid,Other,Windows,intel,low,low
1212,1.85,141.0,1.6,3200.0,120.0,0.0,512.0,0.0,8.0,44990.0,1.0,1.0,LED,No,DDR4,intel,low,Lenovo,Windows,intel,mid,low
1213,1.5,157.0,2.1,2666.0,120.0,0.0,256.0,0.0,8.0,33490.0,0.0,1.0,LED,No,DDR4,intel,low,Lenovo,Windows,intel,low,low
1214,1.75,141.0,2.8,3200.0,120.0,0.0,512.0,0.0,16.0,52870.0,0.0,1.0,LED,No,DDR4,amd,low,HP,Windows,amd,mid,low
1215,1.7,141.0,2.6,3200.0,120.0,0.0,512.0,0.0,8.0,26999.0,0.0,1.0,LED,No,DDR4,amd,low,Lenovo,Windows,amd,low,low
1216,2.03,101.0,2.3,2133.0,120.0,4.0,0.0,1024.0,8.0,59355.0,0.0,1.0,LED,No,DDR4,nvidia,low,HP,Windows,intel,mid,low
1217,1.46,112.0,2.8,2933.0,120.0,0.0,256.0,0.0,8.0,35021.0,0.0,1.0,LED,No,DDR4,intel,low,HP,Windows,intel,low,low
1218,1.65,141.0,2.4,3200.0,120.0,0.0,512.0,0.0,8.0,48999.0,0.0,1.0,LED,No,LPDDR4,intel,mid,Other,Windows,intel,mid,low
1219,2.19,100.0,2.0,2133.0,120.0,2.0,0.0,1024.0,4.0,35929.0,0.0,1.0,LED,No,DDR3,amd,low,HP,DOS,intel,low,low
1220,2.4,141.0,2.4,2666.0,144.0,4.0,512.0,0.0,8.0,69990.0,0.0,0.0,LED,No,DDR4,nvidia,low,Asus,Windows,intel,mid,high
1221,2.37,141.0,4.2,3200.0,144.0,4.0,512.0,0.0,8.0,57056.0,1.0,0.0,LED,No,DDR4,nvidia,low,HP,Windows,intel,mid,high
1223,1.39,142.0,2.7,2133.0,120.0,0.0,0.0,1024.0,4.0,39900.0,0.0,1.0,LED,Yes,DDR4,intel,low,HP,Windows,intel,low,low
1224,2.37,141.0,3.1,3200.0,144.0,4.0,512.0,0.0,16.0,68999.0,1.0,0.0,LED,No,DDR4,nvidia,mid,HP,Windows,amd,high,high
1225,1.5,141.0,4.0,3200.0,60.0,0.0,256.0,0.0,8.0,52990.0,0.0,0.0,LED,Yes,DDR4,intel,low,Dell,Windows,intel,low,low
1226,1.0,141.0,4.2,6400.0,120.0,0.0,512.0,0.0,16.0,37490.0,0.0,1.0,LED,No,LPDDR5,amd,low,HP,Windows,amd,mid,low
1227,1.5,157.0,3.0,2400.0,120.0,0.0,512.0,0.0,8.0,57300.0,0.0,1.0,LED,Yes,DDR4,intel,low,Lenovo,Windows,intel,low,low
1228,2.3,141.0,4.2,3200.0,144.0,4.0,512.0,0.0,16.0,62990.0,0.0,0.0,LED,No,DDR4,nvidia,low,HP,Windows,intel,mid,high
1229,2.2,141.0,1.6,2133.0,120.0,0.0,0.0,1024.0,8.0,55532.0,0.0,1.0,LED,No,DDR4,intel,low,Dell,Windows,intel,mid,low
1230,2.1,100.0,1.5,1866.0,120.0,0.0,0.0,1024.0,4.0,22992.0,0.0,1.0,LED,No,DDR4,amd,low,HP,DOS,amd,low,low
1231,1.8,141.0,2.4,3200.0,120.0,0.0,256.0,1024.0,8.0,57990.0,0.0,1.0,LED,No,DDR4,intel,mid,Lenovo,Windows,intel,mid,low
1232,2.7,141.0,2.5,2400.0,120.0,2.0,128.0,1024.0,8.0,64999.0,0.0,1.0,LED,No,DDR4,nvidia,low,Acer,Windows,intel,mid,high
1233,1.67,157.0,2.2,2133.0,120.0,0.0,256.0,0.0,4.0,39990.0,0.0,1.0,LED,No,DDR4,intel,low,Lenovo,Windows,intel,low,low
1234,2.6,142.0,4.7,3200.0,120.0,6.0,512.0,0.0,16.0,104990.0,1.0,1.0,LED,No,DDR5,nvidia,mid,Acer,Windows,intel,mid,high
1235,1.7,141.0,4.1,2666.0,60.0,0.0,0.0,1024.0,8.0,36990.0,0.0,0.0,LED,No,DDR4,intel,low,Lenovo,Windows,intel,low,low
1236,2.25,141.0,3.1,3200.0,120.0,4.0,512.0,0.0,8.0,59840.0,0.0,0.0,LED,No,DDR4,nvidia,mid,Lenovo,Windows,intel,mid,high
1237,2.37,141.0,3.1,3200.0,144.0,4.0,512.0,0.0,16.0,72990.0,1.0,0.0,LED,Yes,DDR4,nvidia,mid,HP,Windows,amd,high,high
1238,2.37,141.0,4.2,3200.0,144.0,4.0,512.0,0.0,16.0,62990.0,1.0,0.0,IPS LCD,Yes,DDR4,nvidia,mid,HP,Windows,amd,mid,high
1239,2.2,141.0,1.2,2666.0,120.0,0.0,0.0,0.0,8.0,41485.0,0.0,1.0,LED,No,DDR4,intel,low,Dell,Windows,intel,low,low
1240,2.25,141.0,3.4,3200.0,60.0,4.0,512.0,0.0,8.0,51435.0,0.0,0.0,LED,No,DDR4,nvidia,low,Lenovo,Windows,amd,mid,high
1242,1.7,141.0,4.7,3200.0,120.0,0.0,512.0,0.0,16.0,103000.0,0.0,1.0,LED,No,DDR4,intel,mid,Lenovo,Windows,intel,high,low
1243,2.37,141.0,4.2,3200.0,120.0,4.0,512.0,0.0,16.0,66990.0,0.0,1.0,LED,No,DDR4,nvidia,mid,HP,Windows,intel,mid,high
1244,1.6,157.0,3.0,3200.0,60.0,0.0,512.0,0.0,8.0,37999.0,0.0,0.0,LED,No,DDR4,intel,low,Asus,Windows,intel,low,low
1245,1.35,137.0,1.1,2400.0,120.0,0.0,64.0,0.0,4.0,22990.0,0.0,1.0,LED,Yes,DDR4,intel,low,HP,Google Chrome,intel,low,low
1247,2.2,141.0,3.3,3200.0,120.0,4.0,512.0,0.0,16.0,54999.0,1.0,1.0,LED,No,DDR4,nvidia,low,Acer,Windows,amd,mid,high
1248,2.2,141.0,3.3,3200.0,144.0,4.0,512.0,0.0,8.0,47990.0,1.0,0.0,LED,No,DDR4,nvidia,low,Acer,Windows,amd,mid,high
1249,1.6,112.0,1.2,2666.0,120.0,0.0,0.0,1024.0,8.0,23990.0,0.0,1.0,LED,No,DDR4,intel,low,Asus,Windows,intel,low,low
1250,1.6,141.0,2.6,2400.0,120.0,0.0,512.0,0.0,8.0,29790.0,0.0,1.0,LED,No,DDR4,amd,low,Lenovo,Windows,amd,low,low
1251,2.37,141.0,4.7,3200.0,144.0,4.0,512.0,0.0,16.0,80500.0,1.0,0.0,LED,No,DDR4,nvidia,mid,HP,Windows,intel,high,high
1252,2.37,141.0,3.3,3200.0,144.0,4.0,512.0,0.0,16.0,56990.0,0.0,0.0,LED,No,DDR4,amd,mid,HP,Windows,amd,mid,high
1253,1.58,166.0,2.9,3200.0,120.0,0.0,512.0,0.0,16.0,60992.0,0.0,1.0,LED,No,DDR5,amd,low,HP,Windows,amd,mid,low
1254,2.1,141.0,4.2,3200.0,144.0,4.0,1024.0,0.0,16.0,71990.0,0.0,0.0,LED,No,DDR4,nvidia,mid,Asus,Windows,amd,high,high
1255,1.25,227.0,1.6,2133.0,120.0,0.0,256.0,0.0,8.0,127990.0,0.0,1.0,LED,No,LPDDR3,intel,low,Apple,macOS,intel,mid,low
1256,1.3,157.0,2.1,2666.0,60.0,0.0,256.0,0.0,8.0,32999.0,0.0,0.0,LED,No,DDR4,intel,low,MSI,Windows,intel,low,low
1257,2.6,141.0,3.1,3200.0,144.0,6.0,512.0,0.0,16.0,90240.0,1.0,0.0,LED,No,DDR4,nvidia,mid,Acer,Windows,intel,high,high
1258,1.75,141.0,2.6,2400.0,120.0,0.0,512.0,0.0,8.0,36890.0,0.0,1.0,LED,No,DDR4,amd,low,Asus,Windows,amd,low,low
1259,1.0,141.0,3.4,3200.0,120.0,0.0,512.0,0.0,8.0,24990.0,1.0,1.0,LED,No,DDR5,amd,low,Lenovo,Windows,amd,low,low
1261,1.41,157.0,4.7,3200.0,120.0,0.0,1024.0,0.0,16.0,75990.0,0.0,1.0,LED,No,DDR4,intel,mid,HP,Windows,intel,high,low
1262,1.47,112.0,4.0,3200.0,120.0,0.0,512.0,0.0,8.0,26899.0,0.0,1.0,LED,No,DDR4,amd,low,HP,DOS,amd,low,low
1263,2.48,137.0,4.7,2933.0,60.0,4.0,512.0,0.0,8.0,64590.0,0.0,0.0,LED,No,DDR4,nvidia,mid,HP,Windows,intel,mid,high
1265,1.77,141.0,2.1,3200.0,120.0,0.0,512.0,0.0,8.0,58990.0,1.0,1.0,LED,No,DDR4,amd,low,Other,Windows,amd,mid,low
1266,1.5,157.0,3.0,4266.0,120.0,0.0,256.0,0.0,8.0,46990.0,0.0,1.0,LED,Yes,LPDDR4X,intel,low,Asus,Windows,intel,low,low
1268,2.4,141.0,2.5,2400.0,120.0,4.0,128.0,1024.0,8.0,81334.0,0.0,1.0,LED,No,DDR4,nvidia,low,Lenovo,Windows,intel,mid,high
1269,1.47,112.0,3.3,2933.0,120.0,0.0,256.0,0.0,8.0,28879.0,0.0,1.0,LED,No,DDR4,intel,low,HP,Windows,intel,low,low
1270,1.75,141.0,1.2,2666.0,120.0,0.0,256.0,1024.0,4.0,39890.0,0.0,1.0,LED,No,DDR4,intel,low,HP,Windows,intel,low,low
1271,1.61,141.0,1.1,2666.0,120.0,0.0,256.0,0.0,8.0,44319.0,0.0,1.0,LED,No,DDR4,intel,low,Dell,Windows,intel,low,low
1272,1.5,157.0,4.0,3200.0,120.0,0.0,256.0,0.0,8.0,46990.0,1.0,1.0,LED,Yes,DDR4,intel,low,Asus,Windows,intel,low,low
1273,1.3,157.0,1.6,2400.0,120.0,0.0,256.0,0.0,8.0,50591.0,0.0,1.0,LED,No,DDR4,intel,low,Asus,Windows,intel,mid,low
1274,1.83,141.0,1.7,2666.0,120.0,0.0,256.0,0.0,4.0,39480.0,0.0,1.0,LED,No,DDR4,intel,low,Dell,Windows,intel,low,low
1275,1.83,141.0,3.0,3200.0,120.0,0.0,256.0,1024.0,8.0,37050.0,0.0,1.0,LED,No,DDR4,intel,low,Dell,Windows,intel,low,low
1276,1.83,141.0,1.2,2666.0,120.0,0.0,0.0,1024.0,8.0,44890.0,0.0,1.0,LED,No,DDR4,intel,low,Dell,Windows,intel,low,low
1277,1.75,141.0,2.8,3200.0,120.0,0.0,256.0,0.0,4.0,26405.0,1.0,1.0,LED,No,DDR4,intel,low,Lenovo,Windows,intel,low,low
1278,1.69,141.0,2.6,3200.0,120.0,0.0,512.0,0.0,8.0,38890.0,0.0,1.0,LED,No,DDR4,amd,low,HP,Windows,amd,low,low
1279,1.47,112.0,2.6,2400.0,120.0,0.0,512.0,0.0,8.0,25400.0,0.0,1.0,LED,No,DDR4,amd,low,HP,Windows,amd,low,low
1280,1.69,141.0,4.7,3200.0,120.0,0.0,512.0,0.0,8.0,61990.0,0.0,1.0,IPS LCD,No,DDR4,intel,mid,HP,Windows,intel,mid,mid
1281,2.2,100.0,2.5,2133.0,120.0,2.0,0.0,1024.0,4.0,45540.0,0.0,1.0,LED,No,DDR4,nvidia,low,Lenovo,Windows,intel,mid,low
1282,2.0,100.0,1.1,3200.0,60.0,0.0,0.0,1024.0,4.0,19990.0,1.0,0.0,LED,No,LPDDR3,intel,low,Asus,Windows,intel,low,low
1283,2.25,141.0,2.3,2666.0,120.0,4.0,16.0,1024.0,8.0,59840.0,0.0,1.0,LED,No,DDR4,nvidia,low,Dell,Windows,intel,mid,high
1284,1.48,157.0,4.4,2666.0,120.0,0.0,512.0,0.0,8.0,55000.0,0.0,1.0,LED,No,DDR4,intel,mid,Dell,Windows,intel,mid,low
1285,1.48,157.0,1.7,3200.0,120.0,0.0,512.0,0.0,8.0,41950.0,0.0,1.0,LED,No,DDR4,intel,low,Dell,Windows,intel,low,low
1286,1.68,141.0,3.4,3200.0,120.0,0.0,256.0,0.0,8.0,32990.0,1.0,1.0,LED,No,DDR4,amd,low,Asus,Windows,amd,low,low
1287,1.52,157.0,2.5,3200.0,120.0,0.0,512.0,0.0,16.0,70100.0,0.0,1.0,LED,Yes,DDR4,intel,mid,HP,Windows,intel,mid,low
1288,1.32,166.0,2.3,3200.0,120.0,0.0,256.0,0.0,8.0,64990.0,0.0,1.0,LED,Yes,DDR4,amd,low,HP,Windows,amd,mid,low
1289,1.79,112.0,2.3,2666.0,120.0,0.0,256.0,0.0,4.0,29643.0,0.0,1.0,LED,No,DDR4,intel,low,Dell,Windows,intel,low,low
1290,1.38,157.0,2.8,3200.0,120.0,0.0,512.0,0.0,8.0,46990.0,1.0,1.0,LED,No,DDR4,intel,low,Other,Windows,intel,mid,low
1291,1.76,112.0,1.6,2400.0,120.0,0.0,0.0,1024.0,8.0,46303.0,0.0,1.0,LED,No,DDR4,intel,low,Dell,Windows,intel,mid,low
1292,1.6,157.0,1.0,2666.0,120.0,0.0,128.0,1024.0,8.0,58390.0,0.0,1.0,LED,No,DDR4,intel,low,HP,Windows,intel,mid,low
1293,1.68,141.0,3.4,3200.0,120.0,0.0,512.0,0.0,8.0,36990.0,1.0,1.0,LED,No,DDR4,amd,low,Asus,Windows,amd,low,low
1294,1.69,141.0,2.8,3200.0,120.0,0.0,512.0,0.0,8.0,46990.0,0.0,1.0,LED,No,DDR4,intel,mid,HP,Windows,intel,mid,low
1295,1.4,157.0,1.6,2400.0,120.0,0.0,256.0,1024.0,8.0,64990.0,0.0,1.0,LED,No,DDR4,intel,low,Asus,Windows,intel,mid,low
1296,1.37,166.0,1.2,1600.0,120.0,0.0,256.0,0.0,8.0,42990.0,0.0,1.0,LED,No,DDR3,intel,low,Other,Windows,intel,mid,mid
1298,2.2,100.0,2.0,2133.0,120.0,2.0,0.0,1024.0,4.0,31990.0,0.0,1.0,LED,No,DDR4,nvidia,low,Lenovo,DOS,intel,low,low
1299,1.51,157.0,1.2,2666.0,120.0,0.0,0.0,1024.0,4.0,45990.0,0.0,1.0,LED,No,DDR4,intel,low,HP,Windows,intel,low,low
1300,1.61,157.0,4.0,3200.0,120.0,0.0,512.0,0.0,8.0,58800.0,0.0,1.0,LED,Yes,DDR4,intel,low,HP,Windows,intel,low,low
1301,1.13,149.0,2.8,2133.0,120.0,0.0,0.0,0.0,4.0,24990.0,0.0,1.0,LED,Yes,DDR4,intel,low,Lenovo,Windows,intel,low,low
1302,1.25,227.0,1.6,2133.0,120.0,0.0,256.0,0.0,8.0,111190.0,0.0,1.0,LED,No,LPDDR3,intel,low,Apple,macOS,intel,mid,low
1303,1.76,141.0,3.4,3200.0,120.0,0.0,512.0,0.0,8.0,59990.0,1.0,1.0,LED,No,LPDDR4X,intel,low,Other,Windows,intel,mid,low
1305,1.4,169.0,1.6,2400.0,120.0,0.0,256.0,0.0,8.0,56264.0,0.0,1.0,LED,No,DDR4,intel,low,Dell,Windows,intel,mid,low
1306,2.2,141.0,3.0,3200.0,60.0,4.0,0.0,1024.0,8.0,56990.0,0.0,0.0,LED,No,DDR4,nvidia,low,Lenovo,Windows,amd,mid,high
1307,1.4,157.0,4.2,3200.0,120.0,0.0,512.0,0.0,8.0,60990.0,1.0,1.0,LED,No,DDR4,intel,mid,Asus,Windows,intel,mid,low
1308,1.9,141.0,2.1,3200.0,120.0,0.0,512.0,0.0,8.0,30990.0,1.0,1.0,LED,No,DDR4,amd,low,Acer,Windows,amd,mid,low
1309,1.75,141.0,4.6,3200.0,120.0,0.0,512.0,0.0,16.0,66990.0,0.0,1.0,LED,No,DDR4,intel,mid,HP,Windows,intel,mid,mid
1310,1.6,157.0,1.2,2666.0,120.0,0.0,256.0,0.0,8.0,35990.0,0.0,1.0,LED,No,DDR4,intel,low,Lenovo,Windows,intel,low,low
1311,1.8,141.0,2.5,3200.0,120.0,0.0,512.0,0.0,16.0,74990.0,0.0,1.0,OLED,No,DDR4,intel,mid,Asus,Windows,intel,mid,high
1312,1.8,141.0,2.5,3200.0,120.0,0.0,512.0,0.0,16.0,69990.0,0.0,1.0,OLED,No,DDR4,intel,mid,Asus,Windows,intel,mid,high
1313,1.75,141.0,4.0,3200.0,120.0,0.0,0.0,1024.0,8.0,35999.0,0.0,1.0,LED,No,DDR4,intel,low,HP,Windows,intel,low,low
1314,1.74,141.0,4.6,3200.0,120.0,0.0,1024.0,0.0,16.0,70500.0,0.0,1.0,LED,No,DDR4,intel,mid,HP,Windows,intel,mid,low
1315,1.8,141.0,2.5,3200.0,120.0,0.0,512.0,0.0,16.0,68489.0,0.0,1.0,OLED,No,DDR4,intel,mid,Asus,Windows,intel,mid,high
1316,2.44,141.0,4.7,3200.0,120.0,4.0,512.0,0.0,8.0,67999.0,0.0,0.0,LED,No,DDR4,nvidia,mid,Dell,Windows,intel,mid,high
1317,1.7,141.0,3.3,3200.0,120.0,0.0,512.0,0.0,8.0,38890.0,0.0,1.0,LED,No,DDR4,intel,low,HP,Windows,intel,low,low
1318,1.83,141.0,2.3,2400.0,120.0,0.0,0.0,1024.0,8.0,34999.0,0.0,1.0,LED,No,DDR4,amd,low,Dell,Windows,amd,low,low
1320,2.7,141.0,2.3,2400.0,120.0,6.0,128.0,1024.0,16.0,89990.0,0.0,1.0,LED,No,DDR4,nvidia,mid,Acer,Windows,intel,mid,high
1321,1.78,141.0,1.2,3200.0,120.0,0.0,512.0,0.0,4.0,37787.0,1.0,1.0,LED,No,DDR4,intel,low,HP,Windows,intel,low,low
1322,1.8,267.0,1.0,2133.0,120.0,0.0,128.0,0.0,4.0,49990.0,0.0,1.0,LED,Yes,DDR4,intel,low,Other,Windows,intel,low,low
1323,1.74,141.0,2.6,2400.0,120.0,0.0,512.0,0.0,8.0,23999.0,0.0,1.0,LED,No,DDR4,amd,low,HP,Windows,amd,low,low
1324,2.3,141.0,2.5,2933.0,120.0,4.0,512.0,0.0,8.0,66290.0,0.0,0.0,LED,No,DDR4,nvidia,mid,Lenovo,Windows,intel,mid,high
1325,2.3,141.0,4.1,2400.0,120.0,4.0,128.0,1024.0,8.0,89990.0,0.0,1.0,LED,No,DDR4,nvidia,low,Asus,Windows,intel,high,high
1326,1.83,100.0,2.4,2400.0,120.0,0.0,256.0,0.0,4.0,30390.0,0.0,1.0,LED,No,DDR4,amd,low,Dell,Windows,amd,low,low
1327,2.3,141.0,3.1,3200.0,144.0,6.0,512.0,0.0,16.0,72990.0,1.0,0.0,LED,No,DDR4,nvidia,mid,Asus,Windows,amd,high,high
1328,2.25,141.0,3.4,3200.0,60.0,4.0,512.0,0.0,16.0,50990.0,1.0,0.0,LED,No,DDR4,nvidia,low,Lenovo,Windows,amd,mid,high
1329,1.75,141.0,3.3,3200.0,120.0,4.0,512.0,0.0,8.0,53990.0,1.0,1.0,LED,No,DDR4,nvidia,mid,Acer,Windows,intel,mid,mid
1330,1.86,141.0,2.4,2133.0,120.0,0.0,0.0,1024.0,4.0,32990.0,0.0,1.0,LED,No,DDR4,intel,low,HP,Windows,intel,low,low
1331,1.8,141.0,2.4,3200.0,120.0,0.0,512.0,0.0,8.0,40990.0,0.0,1.0,LED,No,DDR4,intel,mid,Asus,Windows,intel,mid,low
1332,1.43,157.0,1.6,2400.0,120.0,0.0,256.0,1024.0,8.0,58830.0,0.0,1.0,LED,No,DDR4,intel,low,HP,Windows,intel,mid,low
1333,1.77,141.0,1.6,2400.0,120.0,2.0,0.0,1024.0,8.0,46990.0,0.0,1.0,LED,No,DDR4,nvidia,low,HP,DOS,intel,mid,low
1334,2.57,141.0,3.3,3200.0,120.0,4.0,512.0,0.0,16.0,70990.0,0.0,0.0,LED,No,DDR4,nvidia,mid,Dell,Windows,amd,mid,high
1335,1.9,100.0,2.3,3200.0,120.0,0.0,0.0,1024.0,4.0,26499.0,1.0,1.0,LED,No,DDR4,amd,low,Acer,Windows,amd,low,low
1336,2.25,141.0,3.3,3200.0,120.0,4.0,512.0,0.0,8.0,46999.0,1.0,0.0,LED,No,DDR4,nvidia,low,Lenovo,Windows,amd,mid,high
1337,1.9,141.0,1.0,3200.0,120.0,0.0,0.0,1024.0,4.0,44168.0,1.0,1.0,LED,No,DDR4,intel,low,Acer,Windows,intel,mid,low
1338,1.4,157.0,2.1,3200.0,120.0,0.0,512.0,0.0,8.0,58990.0,1.0,1.0,LED,No,DDR4,amd,low,Asus,Windows,amd,mid,low
1339,1.88,142.0,1.2,3200.0,120.0,0.0,512.0,0.0,8.0,35990.0,1.0,1.0,LED,No,DDR4,intel,low,Asus,Windows,intel,low,low
1342,1.83,141.0,2.1,2666.0,120.0,0.0,256.0,0.0,8.0,45290.0,0.0,1.0,LED,No,DDR4,amd,low,Dell,Windows,amd,mid,low
1343,1.59,157.0,2.1,3200.0,120.0,0.0,256.0,0.0,8.0,46999.0,1.0,1.0,LED,No,DDR4,amd,low,Lenovo,Windows,amd,mid,low
1344,1.77,100.0,1.1,2400.0,120.0,0.0,0.0,1024.0,4.0,19999.0,0.0,1.0,LED,No,DDR4,intel,low,HP,Windows,intel,low,low
1345,0.79,267.0,1.3,3200.0,120.0,0.0,256.0,0.0,16.0,137990.0,1.0,1.0,LED,Yes,LPDDR4X,intel,low,Other,Windows,intel,high,low
1347,1.9,141.0,2.9,3200.0,120.0,0.0,512.0,0.0,8.0,28990.0,1.0,1.0,LED,No,DDR4,amd,low,Acer,Windows,amd,mid,low
1348,1.5,112.0,2.6,3200.0,120.0,0.0,256.0,0.0,8.0,23391.0,1.0,1.0,LED,No,DDR4,amd,low,Acer,Windows,amd,low,low
1349,2.32,141.0,3.3,3200.0,120.0,4.0,512.0,0.0,16.0,81900.0,1.0,0.0,LED,No,DDR5,nvidia,mid,Lenovo,Windows,amd,mid,high
1350,2.1,141.0,4.6,3200.0,144.0,6.0,512.0,0.0,8.0,78990.0,1.0,0.0,LED,No,DDR5,nvidia,mid,Acer,Windows,intel,mid,high
1351,1.46,112.0,2.8,2933.0,120.0,0.0,256.0,0.0,8.0,27800.0,0.0,1.0,LED,No,DDR4,intel,low,HP,Windows,intel,low,low
1352,1.77,141.0,2.2,2133.0,120.0,0.0,0.0,1024.0,8.0,33990.0,0.0,1.0,LED,No,DDR4,intel,low,HP,Windows,intel,low,low
1353,1.38,157.0,1.8,3200.0,60.0,0.0,512.0,0.0,8.0,34990.0,0.0,0.0,LED,No,DDR4,intel,low,Asus,Windows,intel,low,low
1354,1.4,157.0,1.1,2400.0,120.0,0.0,0.0,0.0,4.0,18999.0,0.0,1.0,LED,Yes,LPDDR4,intel,low,Lenovo,Google Chrome,intel,low,low
1355,2.32,141.0,3.1,4800.0,120.0,4.0,512.0,0.0,16.0,67890.0,0.0,0.0,LED,No,DDR5,nvidia,mid,Lenovo,Windows,amd,high,high
1356,2.6,127.0,4.2,3200.0,144.0,4.0,512.0,0.0,16.0,79990.0,0.0,0.0,LED,No,DDR4,nvidia,mid,Asus,Windows,amd,high,high
1358,2.32,141.0,3.1,4800.0,120.0,4.0,512.0,0.0,8.0,64990.0,0.0,0.0,LED,No,DDR5,nvidia,mid,Lenovo,Windows,amd,high,high
1359,2.2,141.0,2.8,2400.0,120.0,4.0,128.0,1024.0,8.0,93999.0,0.0,1.0,LED,No,DDR4,nvidia,low,MSI,Windows,intel,high,high
1360,2.2,141.0,4.7,3200.0,144.0,8.0,512.0,0.0,16.0,98990.0,0.0,0.0,LED,No,DDR4,nvidia,mid,Asus,Windows,intel,high,high
1361,1.5,112.0,3.5,3200.0,120.0,0.0,512.0,0.0,8.0,22999.0,1.0,1.0,LED,No,DDR4,amd,low,Acer,Windows,amd,low,low
1362,2.2,141.0,2.4,2400.0,120.0,4.0,512.0,0.0,8.0,58990.0,0.0,1.0,LED,No,DDR4,nvidia,low,MSI,Windows,intel,mid,high
1363,1.4,157.0,4.2,3200.0,120.0,2.0,512.0,0.0,8.0,64990.0,1.0,1.0,LED,No,DDR4,nvidia,low,Asus,Windows,intel,mid,low
1364,1.86,141.0,2.0,2133.0,120.0,2.0,0.0,1024.0,8.0,39007.0,0.0,1.0,LED,No,DDR4,amd,low,HP,DOS,intel,low,low
1365,1.52,157.0,1.7,3200.0,120.0,0.0,512.0,0.0,8.0,54990.0,0.0,1.0,LED,Yes,DDR4,intel,low,HP,Windows,intel,low,low
1366,1.51,224.0,3.5,3200.0,60.0,0.0,256.0,0.0,8.0,131521.0,1.0,0.0,LED,No,DDR4,apple,mid,Apple,macOS,apple,mid,mid
1367,2.1,100.0,2.0,2133.0,120.0,0.0,0.0,1024.0,4.0,30790.0,0.0,1.0,LED,No,DDR4,intel,low,Lenovo,Windows,intel,low,low
1368,1.51,224.0,3.5,3200.0,60.0,0.0,256.0,0.0,8.0,129900.0,1.0,0.0,LED,No,DDR4,apple,mid,Apple,macOS,apple,mid,mid
1369,1.8,141.0,2.1,3200.0,120.0,0.0,512.0,0.0,4.0,35990.0,1.0,1.0,LED,No,DDR4,intel,low,Acer,Windows,intel,low,low
1370,1.51,224.0,3.5,3200.0,60.0,0.0,512.0,0.0,8.0,149900.0,1.0,0.0,LED,No,DDR4,apple,mid,Apple,macOS,apple,mid,mid
1371,2.4,141.0,2.8,3200.0,120.0,6.0,256.0,1024.0,16.0,81999.0,1.0,1.0,LED,No,DDR4,nvidia,mid,Acer,Windows,amd,mid,high
1372,1.4,169.0,2.7,2133.0,120.0,0.0,128.0,0.0,4.0,44990.0,0.0,1.0,LED,No,DDR4,intel,low,Dell,Windows,intel,low,low
1373,1.51,224.0,3.5,3200.0,60.0,0.0,512.0,0.0,8.0,154900.0,1.0,0.0,LED,No,DDR4,apple,mid,Apple,macOS,apple,mid,mid
1374,1.72,157.0,2.4,3200.0,120.0,0.0,512.0,0.0,8.0,60999.0,0.0,1.0,LED,Yes,DDR4,intel,mid,Dell,Windows,intel,mid,low
1375,1.8,141.0,4.8,3200.0,120.0,0.0,0.0,1024.0,8.0,35999.0,1.0,1.0,LED,No,DDR4,intel,low,Dell,Windows,intel,low,low
1376,2.25,141.0,4.2,3200.0,120.0,4.0,512.0,0.0,8.0,63350.0,0.0,0.0,LED,No,DDR4,nvidia,mid,Lenovo,Windows,amd,mid,high
1377,1.56,157.0,1.7,3200.0,120.0,0.0,512.0,0.0,8.0,65500.0,0.0,1.0,LED,Yes,DDR4,intel,low,Dell,Windows,intel,low,low
1378,1.51,224.0,3.5,3200.0,120.0,0.0,512.0,0.0,8.0,149890.0,1.0,1.0,LED,No,DDR4,apple,mid,Apple,macOS,apple,mid,mid
1379,1.51,224.0,3.5,3200.0,60.0,0.0,256.0,0.0,8.0,119900.0,1.0,0.0,LED,No,DDR4,apple,mid,Apple,macOS,apple,mid,mid
1380,2.46,137.0,4.7,3200.0,144.0,4.0,512.0,0.0,16.0,79990.0,0.0,0.0,LED,No,DDR4,nvidia,mid,HP,Windows,amd,high,high
1381,1.46,157.0,4.2,2666.0,120.0,0.0,512.0,0.0,8.0,58990.0,0.0,1.0,LED,No,DDR4,intel,low,HP,Windows,intel,mid,low
1382,1.17,157.0,1.8,2400.0,120.0,0.0,512.0,0.0,16.0,85990.0,0.0,1.0,LED,No,LPDDR3,intel,low,Asus,Windows,intel,high,low
1383,2.3,141.0,2.8,2666.0,144.0,8.0,512.0,1024.0,32.0,156090.0,0.0,0.0,LED,No,DDR4,nvidia,high,MSI,Windows,intel,high,high
1384,1.41,157.0,2.8,3200.0,120.0,0.0,512.0,0.0,16.0,72490.0,0.0,1.0,LED,No,DDR4,intel,mid,HP,Windows,intel,mid,low
1385,2.25,141.0,3.3,3200.0,120.0,4.0,256.0,1024.0,16.0,70490.0,0.0,0.0,LED,No,DDR4,nvidia,mid,Lenovo,Windows,intel,mid,high
1386,2.2,141.0,3.3,3200.0,120.0,4.0,512.0,0.0,8.0,61739.0,0.0,0.0,LED,No,DDR4,nvidia,low,Lenovo,Windows,amd,mid,high
1387,1.66,141.0,4.2,3200.0,120.0,2.0,256.0,1024.0,8.0,65990.0,0.0,1.0,LED,No,DDR4,nvidia,mid,Lenovo,Windows,intel,mid,low
1388,1.8,141.0,4.2,3200.0,144.0,4.0,512.0,0.0,8.0,45990.0,0.0,0.0,LED,No,DDR4,nvidia,low,MSI,Windows,intel,mid,high
1389,1.8,112.0,2.3,3200.0,120.0,0.0,0.0,1024.0,4.0,29639.0,1.0,1.0,LED,No,DDR4,intel,low,Acer,Windows,intel,low,low
1390,2.0,100.0,2.5,2133.0,120.0,2.0,0.0,0.0,8.0,61654.0,0.0,1.0,LED,No,DDR4,nvidia,low,HP,Windows,intel,mid,low
1391,1.7,141.0,3.0,3200.0,120.0,0.0,512.0,0.0,8.0,30499.0,0.0,1.0,LED,No,DDR4,intel,low,Lenovo,Windows,intel,low,low
1392,1.83,141.0,2.6,2400.0,120.0,0.0,0.0,1024.0,8.0,36594.0,0.0,1.0,LED,No,DDR4,amd,low,Dell,Windows,amd,low,low
1393,2.25,141.0,4.7,3200.0,144.0,6.0,512.0,0.0,16.0,79990.0,1.0,0.0,LED,No,DDR4,nvidia,mid,MSI,Windows,intel,high,high
1394,2.93,141.0,3.3,3200.0,120.0,4.0,512.0,0.0,8.0,59910.0,0.0,1.0,LED,No,DDR4,nvidia,low,HP,Windows,amd,mid,high
1395,1.8,141.0,1.0,3200.0,60.0,0.0,0.0,1024.0,8.0,44694.0,1.0,0.0,LED,No,LPDDR4,intel,low,Asus,Windows,intel,mid,low
1396,2.3,141.0,2.2,2933.0,144.0,4.0,1024.0,0.0,16.0,92990.0,0.0,0.0,LED,No,DDR4,nvidia,low,Asus,Windows,intel,high,high
1397,2.1,100.0,2.7,2133.0,120.0,0.0,0.0,1024.0,4.0,33999.0,0.0,1.0,LED,No,DDR4,intel,low,Acer,Windows,intel,low,low
1398,1.1,135.0,2.0,1600.0,120.0,0.0,32.0,0.0,2.0,9990.0,0.0,1.0,LED,Yes,DDR3,intel,low,Other,Windows,intel,low,low
1399,2.0,141.0,2.0,3200.0,120.0,0.0,0.0,1024.0,4.0,25990.0,1.0,1.0,LED,No,DDR4,intel,low,Asus,DOS,intel,low,low
1400,1.9,100.0,1.6,3200.0,120.0,0.0,0.0,500.0,4.0,19790.0,1.0,1.0,LED,No,DDR4,intel,low,HP,DOS,intel,low,low
1401,2.14,282.0,4.7,3200.0,120.0,4.0,1024.0,0.0,16.0,118800.0,0.0,1.0,OLED,Yes,DDR4,nvidia,mid,HP,Windows,intel,high,high
1402,1.85,141.0,2.1,2133.0,120.0,0.0,0.0,1024.0,4.0,35500.0,0.0,1.0,LED,No,DDR4,intel,low,Lenovo,Windows,intel,low,low
1403,2.03,141.0,2.3,2666.0,120.0,2.0,0.0,1024.0,4.0,35390.0,0.0,1.0,LED,No,DDR4,amd,low,Dell,Windows,intel,low,low
1404,1.92,282.0,1.0,2933.0,120.0,4.0,512.0,0.0,16.0,183990.0,0.0,1.0,LED,Yes,DDR4,nvidia,low,HP,Windows,intel,mid,low
1405,1.27,166.0,1.8,2133.0,120.0,0.0,1024.0,0.0,16.0,95999.0,0.0,1.0,LED,No,DDR4,intel,low,Asus,Windows,intel,high,low
1406,1.4,157.0,2.4,3200.0,120.0,2.0,512.0,0.0,8.0,82500.0,0.0,1.0,LED,No,DDR4,nvidia,low,Dell,Windows,intel,mid,low
1407,2.36,282.0,2.6,2933.0,120.0,8.0,1024.0,0.0,16.0,177990.0,0.0,1.0,OLED,No,DDR4,nvidia,high,HP,Windows,intel,high,high
1408,2.2,112.0,3.0,3200.0,120.0,0.0,0.0,1024.0,4.0,19999.0,1.0,1.0,LED,No,DDR4,amd,low,Lenovo,Windows,amd,low,low
1409,2.2,141.0,2.4,2133.0,120.0,2.0,0.0,1024.0,4.0,45000.0,0.0,1.0,LED,No,DDR4,amd,low,Lenovo,Windows,intel,low,low
1410,1.4,157.0,2.4,3200.0,120.0,0.0,512.0,0.0,16.0,63990.0,0.0,1.0,LED,No,DDR4,intel,mid,Asus,Windows,intel,mid,low
1411,2.3,141.0,3.0,3200.0,144.0,4.0,512.0,1024.0,8.0,78990.0,0.0,0.0,LED,No,DDR4,nvidia,low,Asus,Windows,amd,mid,high
1412,1.6,157.0,3.4,3200.0,120.0,0.0,0.0,1024.0,8.0,40490.0,1.0,1.0,LED,No,DDR4,intel,low,Lenovo,Windows,intel,low,low
1413,1.79,141.0,4.8,3200.0,120.0,4.0,1024.0,0.0,16.0,156990.0,0.0,1.0,LED,No,DDR4,nvidia,low,MSI,Windows,intel,high,low
1414,2.0,100.0,2.0,2133.0,120.0,0.0,0.0,1024.0,4.0,42815.0,0.0,1.0,LED,No,DDR4,intel,low,HP,Windows,intel,low,low
1415,2.4,100.0,2.0,1600.0,120.0,0.0,0.0,1024.0,4.0,28200.0,0.0,1.0,LED,No,DDR3,intel,low,Acer,Other,intel,low,low
1416,1.63,141.0,3.4,3200.0,60.0,0.0,512.0,0.0,8.0,35599.0,0.0,0.0,LED,No,DDR4,intel,low,Asus,Windows,intel,low,low
1417,2.4,188.0,3.3,3200.0,120.0,6.0,512.0,1024.0,16.0,99999.0,1.0,1.0,LED,No,DDR4,nvidia,mid,Acer,Windows,amd,mid,high
1418,2.38,182.0,4.8,3200.0,240.0,12.0,1024.0,0.0,32.0,189990.0,1.0,0.0,LED,No,DDR4,nvidia,high,HP,Windows,amd,high,high
1419,1.6,212.0,4.6,3200.0,120.0,0.0,512.0,0.0,16.0,65990.0,1.0,0.0,OLED,No,DDR4,intel,mid,Asus,Windows,intel,mid,low
1420,1.7,141.0,4.6,3200.0,120.0,0.0,512.0,0.0,16.0,62990.0,0.0,1.0,OLED,No,DDR4,intel,low,Asus,Windows,intel,mid,low
1421,2.2,141.0,3.1,3200.0,120.0,4.0,512.0,0.0,16.0,54950.0,0.0,0.0,LED,No,DDR4,nvidia,low,Lenovo,Windows,intel,mid,high
1422,1.35,216.0,4.2,3200.0,60.0,0.0,512.0,0.0,16.0,69990.0,1.0,0.0,LED,No,DDR5,amd,low,Asus,Windows,amd,high,low
1423,1.35,216.0,4.2,3200.0,60.0,0.0,512.0,0.0,16.0,64990.0,1.0,0.0,LED,No,DDR5,amd,low,Asus,Windows,amd,mid,low
1424,2.2,188.0,4.8,4800.0,165.0,8.0,1024.0,0.0,16.0,125990.0,0.0,0.0,LED,No,DDR5,nvidia,mid,Asus,Windows,amd,high,high
1425,2.1,100.0,2.3,1600.0,120.0,2.0,0.0,1024.0,4.0,31590.0,0.0,1.0,LED,No,DDR3,nvidia,low,Dell,Other,intel,mid,low
1426,2.18,282.0,4.8,3200.0,120.0,6.0,1024.0,0.0,32.0,189400.0,0.0,1.0,OLED,Yes,DDR4,nvidia,mid,HP,Windows,intel,high,high
1427,1.35,216.0,4.2,3200.0,60.0,0.0,1024.0,0.0,16.0,91990.0,1.0,0.0,LED,No,DDR5,amd,low,Asus,Windows,amd,high,low
1428,1.9,141.0,2.4,3200.0,120.0,0.0,512.0,0.0,12.0,48990.0,1.0,1.0,LED,No,DDR4,intel,mid,Acer,Windows,intel,mid,low
1429,1.55,112.0,2.2,3200.0,120.0,0.0,0.0,1024.0,4.0,29490.0,1.0,1.0,LED,No,DDR4,intel,low,Lenovo,DOS,intel,low,low
1430,1.0,141.0,2.7,2400.0,120.0,0.0,0.0,1024.0,8.0,68499.0,0.0,1.0,LED,Yes,DDR4,intel,low,Dell,Windows,intel,high,low
1431,2.24,141.0,2.5,3200.0,120.0,6.0,1024.0,0.0,16.0,86110.0,1.0,1.0,LED,No,DDR4,nvidia,mid,Asus,Windows,intel,mid,high
1432,1.83,141.0,1.2,2666.0,120.0,0.0,0.0,1024.0,4.0,37690.0,0.0,1.0,LED,No,DDR4,intel,low,Dell,Windows,intel,low,low
1433,1.75,141.0,1.6,2133.0,120.0,2.0,0.0,1024.0,4.0,42078.0,0.0,1.0,LED,No,DDR4,amd,low,Lenovo,DOS,intel,mid,low
1434,2.2,100.0,2.3,2133.0,120.0,2.0,0.0,1024.0,4.0,35701.0,0.0,1.0,LED,No,DDR4,nvidia,low,Lenovo,DOS,intel,low,low
1435,1.7,157.0,2.4,2133.0,120.0,0.0,0.0,1024.0,4.0,48590.0,0.0,1.0,LED,Yes,DDR4,intel,low,Lenovo,Windows,intel,low,low
1436,1.85,157.0,2.3,2133.0,120.0,0.0,0.0,1024.0,4.0,24420.0,0.0,1.0,LED,No,DDR4,intel,low,Lenovo,DOS,intel,low,low
1438,2.2,141.0,2.6,2666.0,144.0,8.0,1024.0,0.0,16.0,117294.0,0.0,0.0,LED,No,DDR4,nvidia,high,Lenovo,Windows,intel,high,high
1439,1.9,100.0,1.2,3200.0,120.0,0.0,256.0,1024.0,8.0,56990.0,1.0,1.0,LED,No,DDR4,intel,low,Asus,Windows,intel,mid,low
1440,1.85,100.0,2.3,2666.0,120.0,0.0,0.0,1024.0,8.0,24999.0,0.0,1.0,LED,No,DDR4,amd,low,Lenovo,Windows,amd,low,low
1441,1.41,157.0,2.4,3200.0,120.0,0.0,512.0,0.0,8.0,60940.0,0.0,1.0,LED,No,DDR4,intel,mid,Lenovo,Windows,intel,mid,low
1442,1.54,157.0,1.6,2400.0,120.0,2.0,0.0,1024.0,8.0,63790.0,0.0,1.0,LED,No,DDR4,nvidia,low,HP,Windows,intel,mid,low
1443,2.3,141.0,2.8,3200.0,144.0,4.0,1024.0,0.0,8.0,90970.0,0.0,0.0,LED,No,DDR4,nvidia,mid,Asus,Windows,intel,mid,high
1444,3.24,141.0,4.8,3200.0,120.0,4.0,512.0,0.0,16.0,85020.0,1.0,1.0,LED,No,DDR4,nvidia,mid,Asus,Windows,intel,high,high
1445,1.8,282.0,2.6,2400.0,120.0,0.0,0.0,1024.0,4.0,33990.0,0.0,1.0,LED,No,DDR4,amd,low,Lenovo,Windows,amd,low,low
1447,2.36,141.0,2.6,2933.0,144.0,6.0,1024.0,0.0,16.0,129990.0,0.0,0.0,LED,No,DDR4,nvidia,mid,HP,Windows,intel,high,high
1449,1.4,162.0,4.7,3200.0,60.0,4.0,512.0,0.0,16.0,74990.0,0.0,0.0,LED,No,DDR4,nvidia,low,Asus,Windows,intel,mid,high
1450,0.51,149.0,1.1,2133.0,120.0,0.0,128.0,0.0,4.0,27260.0,0.0,1.0,LED,Yes,LPDDR4,intel,low,Lenovo,Windows,intel,low,low
1451,1.85,141.0,2.1,7467.0,120.0,2.0,0.0,1024.0,8.0,42900.0,0.0,1.0,LED,No,DDR4,nvidia,low,Lenovo,Windows,intel,low,low
1452,1.38,118.0,1.8,3200.0,120.0,0.0,512.0,0.0,16.0,99990.0,1.0,1.0,LED,No,DDR4,intel,low,Lenovo,Windows,intel,high,low
1453,1.22,157.0,4.8,3200.0,60.0,0.0,1024.0,0.0,16.0,109990.0,1.0,0.0,OLED,No,LPDDR5X,intel,mid,Asus,Windows,intel,high,high
1454,1.4,189.0,2.5,3200.0,60.0,2.0,512.0,0.0,16.0,81850.0,0.0,0.0,LED,No,DDR4,nvidia,mid,Lenovo,Windows,intel,mid,low
1455,1.77,142.0,4.5,3200.0,120.0,0.0,512.0,0.0,8.0,47990.0,0.0,1.0,LED,No,DDR4,intel,low,Lenovo,DOS,intel,low,low
1456,1.88,142.0,5.4,3200.0,60.0,0.0,1024.0,0.0,16.0,89990.0,1.0,0.0,LED,No,DDR4,intel,mid,Asus,Windows,intel,high,high
1457,1.55,157.0,1.6,2400.0,120.0,0.0,512.0,0.0,8.0,109999.0,0.0,1.0,LED,No,DDR4,intel,low,Lenovo,Windows,intel,mid,low
1458,1.0,176.0,2.6,1600.0,120.0,0.0,256.0,0.0,4.0,74990.0,0.0,1.0,LED,Yes,DDR3,intel,low,Dell,Windows,intel,mid,low
1459,1.4,162.0,2.0,3200.0,120.0,0.0,1024.0,0.0,16.0,58390.0,0.0,1.0,OLED,No,DDR4,amd,low,Lenovo,Windows,amd,mid,low
1460,2.7,189.0,5.5,3200.0,240.0,8.0,2048.0,0.0,32.0,214990.0,1.0,0.0,IPS LCD,No,DDR5,nvidia,high,MSI,Windows,intel,high,high
1461,1.22,157.0,4.5,3200.0,60.0,0.0,1024.0,0.0,16.0,96990.0,1.0,0.0,OLED,No,LPDDR5X,intel,mid,Asus,Windows,intel,mid,high
1462,1.72,216.0,4.8,3200.0,165.0,12.0,1024.0,0.0,32.0,211990.0,1.0,0.0,LED,No,DDR5,nvidia,high,Asus,Windows,amd,high,high
1463,2.25,141.0,4.2,3200.0,144.0,6.0,512.0,0.0,16.0,78990.0,1.0,0.0,LED,No,DDR5,nvidia,mid,MSI,Windows,amd,mid,high
1464,3.25,189.0,5.4,4800.0,240.0,12.0,1024.0,0.0,32.0,257490.0,0.0,0.0,LED,No,DDR5,nvidia,high,Dell,Windows,intel,high,high
1465,2.8,141.0,2.5,3200.0,120.0,4.0,512.0,0.0,32.0,142999.0,0.0,1.0,LED,No,DDR4,nvidia,mid,Lenovo,Windows,intel,high,high
1466,1.7,147.0,2.4,3200.0,120.0,0.0,256.0,1024.0,16.0,56990.0,1.0,1.0,LED,No,DDR4,intel,mid,Lenovo,Windows,intel,mid,low
1467,1.9,141.0,2.9,3200.0,120.0,4.0,512.0,0.0,16.0,55990.0,0.0,1.0,LED,No,DDR4,amd,mid,Asus,Windows,amd,high,high
1468,1.36,267.0,4.7,4266.0,120.0,0.0,512.0,0.0,8.0,106000.0,0.0,1.0,OLED,Yes,LPDDR4X,intel,mid,HP,Windows,intel,mid,low
1469,1.39,243.0,4.6,3200.0,90.0,0.0,512.0,0.0,16.0,79000.0,1.0,0.0,OLED,Yes,LPDDR5,intel,mid,Asus,Windows,intel,mid,mid
1470,1.47,157.0,1.7,3200.0,120.0,0.0,512.0,0.0,8.0,76499.0,1.0,1.0,LED,No,DDR4,amd,low,Lenovo,DOS,amd,high,low
1471,2.46,137.0,4.2,2933.0,144.0,4.0,512.0,0.0,8.0,49990.0,0.0,0.0,LED,No,DDR4,nvidia,low,HP,Windows,intel,mid,high
1472,1.8,141.0,2.1,3200.0,120.0,4.0,1024.0,0.0,16.0,146500.0,0.0,1.0,LED,No,DDR4,nvidia,mid,Lenovo,Windows,intel,high,mid
1473,1.6,112.0,2.1,2400.0,60.0,0.0,0.0,1024.0,4.0,57499.0,0.0,0.0,LED,No,DDR4,intel,low,Asus,Windows,intel,low,low
1474,1.85,157.0,2.3,2133.0,120.0,0.0,0.0,1024.0,4.0,39990.0,0.0,1.0,LED,No,DDR4,intel,low,Lenovo,Windows,intel,low,low
1476,1.65,141.0,1.8,2133.0,120.0,4.0,1024.0,0.0,16.0,129990.0,0.0,1.0,LED,No,LPDDR3,nvidia,low,Asus,Windows,intel,high,low
1477,1.4,315.0,1.3,3200.0,120.0,2.0,1024.0,0.0,16.0,100000.0,0.0,1.0,LED,No,LPDDR4X,nvidia,low,Lenovo,Windows,intel,high,low
1478,2.2,100.0,1.6,1600.0,120.0,0.0,0.0,1024.0,4.0,26632.0,0.0,1.0,LED,No,DDR3,intel,low,Lenovo,DOS,intel,low,low
1479,1.25,135.0,1.1,2933.0,120.0,0.0,0.0,0.0,4.0,26890.0,0.0,1.0,LED,Yes,LPDDR4X,intel,low,Lenovo,Google Chrome,intel,low,low
1480,4.0,141.0,2.8,3200.0,120.0,4.0,1024.0,0.0,16.0,62990.0,0.0,1.0,LED,No,DDR4,nvidia,mid,Asus,Windows,intel,mid,high
1481,1.32,166.0,1.6,1866.0,120.0,0.0,128.0,0.0,8.0,76990.0,0.0,1.0,LED,No,LPDDR3,intel,low,HP,Windows,intel,mid,low
1482,1.7,141.0,4.2,3200.0,120.0,2.0,0.0,1024.0,8.0,69990.0,0.0,1.0,LED,No,DDR4,nvidia,low,Asus,Windows,intel,mid,low
1483,2.34,141.0,2.5,2933.0,120.0,4.0,512.0,0.0,8.0,74990.0,0.0,1.0,LED,No,DDR4,nvidia,low,Dell,Windows,intel,mid,high
1484,2.0,141.0,2.6,3200.0,144.0,4.0,1024.0,0.0,8.0,77990.0,0.0,0.0,LED,No,DDR4,nvidia,mid,Asus,Windows,intel,mid,high
1485,1.5,157.0,1.6,3200.0,120.0,0.0,512.0,0.0,8.0,58989.0,1.0,1.0,LED,No,DDR4,intel,low,Lenovo,DOS,intel,mid,low
1486,2.6,141.0,2.6,2666.0,120.0,4.0,1024.0,0.0,16.0,172000.0,0.0,1.0,LED,No,DDR4,nvidia,mid,HP,Windows,intel,high,high
1487,1.55,157.0,1.8,3200.0,120.0,0.0,512.0,0.0,8.0,123390.0,1.0,1.0,LED,No,DDR4,intel,low,Lenovo,Windows,intel,high,low
1488,2.45,141.0,2.2,2400.0,120.0,4.0,512.0,0.0,16.0,181599.0,0.0,1.0,LED,No,DDR4,nvidia,mid,Lenovo,Windows,intel,high,high
1489,1.8,141.0,1.6,2400.0,120.0,2.0,512.0,0.0,8.0,62990.0,0.0,1.0,LED,No,DDR4,nvidia,low,Lenovo,Windows,intel,mid,low
1490,1.55,157.0,1.6,2400.0,120.0,0.0,512.0,0.0,16.0,105690.0,0.0,1.0,LED,Yes,DDR4,intel,low,Lenovo,Windows,intel,mid,low
1491,1.48,157.0,1.8,2400.0,120.0,4.0,512.0,0.0,8.0,112990.0,0.0,1.0,LED,No,DDR4,amd,mid,HP,Windows,intel,high,low
1492,1.8,141.0,1.8,2400.0,120.0,2.0,1024.0,0.0,8.0,85990.0,0.0,1.0,LED,No,DDR4,nvidia,low,Lenovo,Windows,intel,high,low
1493,1.6,141.0,3.4,3200.0,60.0,0.0,0.0,1024.0,4.0,36200.0,1.0,0.0,LED,No,DDR4,intel,low,Asus,Windows,intel,low,low
1494,2.4,141.0,2.2,2400.0,120.0,0.0,0.0,1024.0,4.0,27990.0,0.0,1.0,LED,No,DDR4,intel,low,Acer,Windows,intel,low,low
1495,2.3,100.0,2.0,2133.0,120.0,0.0,0.0,1024.0,4.0,23990.0,0.0,1.0,LED,No,DDR4,intel,low,Lenovo,DOS,intel,low,low
1496,1.48,112.0,1.6,2400.0,120.0,0.0,512.0,0.0,8.0,62300.0,0.0,1.0,LED,No,DDR4,intel,low,HP,Windows,intel,mid,low
1497,1.46,118.0,2.2,2133.0,120.0,0.0,256.0,0.0,8.0,68999.0,0.0,1.0,LED,Yes,DDR4,intel,low,Lenovo,DOS,intel,low,low
1498,1.77,141.0,2.3,2133.0,120.0,2.0,0.0,1024.0,4.0,37980.0,0.0,1.0,LED,No,DDR4,nvidia,low,HP,Windows,intel,low,low
1499,1.42,166.0,1.8,2133.0,120.0,0.0,512.0,0.0,8.0,162999.0,0.0,1.0,LED,Yes,DDR4,intel,low,Lenovo,Windows,intel,high,low
1500,1.7,141.0,2.8,3200.0,120.0,0.0,0.0,1024.0,4.0,34000.0,1.0,1.0,LED,No,DDR4,intel,low,Acer,Windows,intel,low,low
1501,2.0,141.0,1.1,1600.0,120.0,0.0,0.0,500.0,4.0,22000.0,0.0,1.0,LED,No,DDR3,intel,low,Asus,DOS,intel,low,low
1502,2.2,100.0,1.0,3200.0,120.0,0.0,0.0,1024.0,4.0,39999.0,1.0,1.0,LED,No,DDR4,intel,low,Lenovo,DOS,intel,low,low
1503,2.1,141.0,2.3,2133.0,120.0,0.0,0.0,1024.0,4.0,28990.0,0.0,1.0,LED,No,DDR4,intel,low,Lenovo,Windows,intel,low,low
1504,2.3,141.0,2.9,3200.0,144.0,4.0,512.0,1024.0,8.0,94500.0,0.0,0.0,LED,No,DDR4,nvidia,low,Asus,Windows,amd,high,high
1505,1.31,157.0,1.6,2400.0,120.0,2.0,512.0,0.0,16.0,137900.0,0.0,1.0,LED,No,DDR4,nvidia,low,Lenovo,Windows,intel,mid,low
1506,1.47,112.0,4.0,3200.0,120.0,0.0,512.0,0.0,8.0,99999.0,0.0,1.0,LED,No,DDR4,intel,mid,HP,DOS,intel,low,low
1507,2.2,141.0,1.6,2400.0,120.0,2.0,0.0,1024.0,8.0,44990.0,0.0,1.0,LED,No,DDR4,nvidia,low,Lenovo,DOS,intel,mid,low
1508,2.34,141.0,2.5,2933.0,120.0,4.0,256.0,1024.0,16.0,92500.0,0.0,1.0,LED,No,DDR4,nvidia,low,Dell,Windows,intel,high,high
1509,1.52,157.0,4.2,3200.0,60.0,0.0,512.0,0.0,8.0,59990.0,0.0,0.0,LED,Yes,DDR4,intel,mid,HP,Windows,intel,mid,low
1510,1.55,157.0,1.8,2400.0,120.0,2.0,512.0,0.0,8.0,129614.0,0.0,1.0,LED,No,DDR4,nvidia,low,Lenovo,Windows,intel,high,low
1511,2.3,141.0,2.6,3200.0,120.0,6.0,1024.0,0.0,16.0,92990.0,0.0,1.0,LED,No,DDR4,nvidia,mid,Asus,Windows,intel,high,high
1512,1.8,138.0,4.7,3200.0,120.0,8.0,512.0,0.0,16.0,97500.0,0.0,0.0,LED,No,DDR4,nvidia,mid,Asus,Windows,intel,high,high
1513,1.15,157.0,1.8,2133.0,120.0,0.0,1024.0,0.0,16.0,82979.0,0.0,1.0,LED,No,LPDDR3,intel,low,Asus,Windows,intel,high,low
1515,1.5,157.0,1.2,3200.0,120.0,0.0,0.0,1024.0,4.0,51400.0,0.0,1.0,LED,No,DDR4,intel,low,Lenovo,Windows,intel,low,low
1516,2.25,141.0,2.2,2666.0,120.0,6.0,128.0,1024.0,16.0,143696.0,0.0,1.0,LED,No,DDR4,nvidia,mid,HP,Windows,intel,high,high
1517,2.8,127.0,2.6,3200.0,120.0,6.0,512.0,0.0,16.0,144988.0,1.0,1.0,LED,No,DDR4,nvidia,mid,Asus,Windows,intel,high,high
1518,2.25,141.0,4.7,3200.0,144.0,6.0,512.0,0.0,16.0,95000.0,1.0,0.0,LED,No,DDR5,nvidia,mid,MSI,Windows,amd,high,high
1519,2.1,141.0,2.3,2133.0,120.0,0.0,0.0,1024.0,4.0,31582.0,0.0,1.0,LED,No,DDR4,intel,low,Lenovo,Windows,intel,low,low
1520,1.77,157.0,2.1,3200.0,120.0,0.0,0.0,500.0,4.0,48990.0,1.0,1.0,LED,No,DDR4,intel,low,Lenovo,Windows,intel,low,low
1521,2.6,141.0,2.6,2666.0,120.0,4.0,1024.0,0.0,16.0,203000.0,0.0,1.0,LED,No,DDR4,nvidia,mid,HP,Windows,intel,high,high
1522,1.86,100.0,1.6,1600.0,120.0,0.0,0.0,500.0,4.0,23737.0,0.0,1.0,LED,No,DDR3,intel,low,HP,Windows,intel,low,low
1523,1.29,166.0,1.8,2666.0,120.0,0.0,512.0,0.0,16.0,158999.0,0.0,1.0,LED,No,DDR4,intel,low,Lenovo,Windows,intel,high,low
1524,2.2,141.0,2.1,2666.0,120.0,4.0,512.0,0.0,8.0,75990.0,0.0,0.0,LED,No,DDR4,nvidia,low,Asus,Windows,amd,mid,high
1525,2.3,141.0,2.8,3200.0,120.0,4.0,256.0,1024.0,8.0,81831.0,1.0,0.0,LED,No,DDR4,nvidia,low,Lenovo,Windows,intel,mid,mid
1526,3.0,157.0,2.1,3200.0,120.0,0.0,256.0,0.0,8.0,39990.0,1.0,1.0,LED,No,DDR4,intel,low,Asus,Windows,intel,low,low
1527,1.25,170.0,4.7,4267.0,60.0,2.0,512.0,0.0,16.0,74699.0,0.0,0.0,LED,No,LPDDR4X,nvidia,mid,Dell,Windows,intel,mid,high
1528,1.7,157.0,1.6,3200.0,120.0,0.0,256.0,0.0,8.0,59590.0,1.0,1.0,LED,No,DDR4,intel,low,Lenovo,DOS,intel,mid,low
1530,1.7,282.0,2.6,2666.0,120.0,4.0,512.0,0.0,16.0,247005.0,0.0,1.0,LED,No,DDR4,nvidia,mid,Lenovo,Windows,intel,high,high
1531,2.6,141.0,2.4,1600.0,120.0,4.0,0.0,1024.0,8.0,87490.0,0.0,1.0,LED,Yes,DDR3,nvidia,low,HP,Windows,intel,high,low
1532,1.85,141.0,1.6,3200.0,120.0,2.0,256.0,1024.0,8.0,59994.0,1.0,1.0,LED,No,DDR4,nvidia,low,Lenovo,Windows,intel,mid,low
1533,1.75,166.0,1.8,2133.0,120.0,0.0,512.0,0.0,16.0,112990.0,0.0,1.0,LED,Yes,LPDDR3,intel,low,Dell,Windows,intel,high,low
1534,2.1,112.0,2.0,1600.0,120.0,0.0,0.0,500.0,4.0,28000.0,0.0,1.0,LED,No,DDR3,intel,low,Lenovo,Windows,intel,low,low
1535,2.19,100.0,2.2,1600.0,120.0,2.0,0.0,1024.0,4.0,42235.0,0.0,1.0,LED,No,DDR3,amd,low,HP,Windows,intel,mid,low
1536,1.47,157.0,1.1,3200.0,120.0,0.0,0.0,0.0,4.0,17490.0,1.0,1.0,LED,No,LPDDR4X,intel,low,Asus,Google Chrome,intel,low,low
1537,1.8,141.0,1.1,3200.0,60.0,0.0,0.0,0.0,4.0,18990.0,1.0,0.0,LED,No,LPDDR4X,intel,low,Asus,Google Chrome,intel,low,low
1538,2.4,100.0,1.1,3200.0,120.0,0.0,0.0,500.0,2.0,20990.0,1.0,1.0,LED,No,DDR3,intel,low,Acer,Windows,intel,low,low
1539,1.66,112.0,1.2,2666.0,120.0,0.0,0.0,1024.0,8.0,39990.0,0.0,1.0,LED,No,DDR4,intel,low,Dell,Windows,intel,low,low
1540,1.46,112.0,1.2,2400.0,120.0,0.0,0.0,0.0,4.0,40407.0,0.0,1.0,LED,No,DDR4,amd,low,HP,Windows,amd,low,low
1541,1.7,141.0,4.4,3200.0,60.0,0.0,512.0,0.0,8.0,29990.0,0.0,0.0,LED,No,DDR4,intel,low,MSI,Windows,intel,low,low
1542,1.43,112.0,2.4,2133.0,120.0,0.0,128.0,0.0,8.0,73568.0,0.0,1.0,LED,No,DDR4,intel,low,HP,Windows,intel,low,low
1543,1.7,141.0,3.1,3200.0,60.0,0.0,512.0,0.0,16.0,49990.0,1.0,0.0,LED,No,DDR4,amd,low,Asus,Windows,amd,high,high
1544,2.1,100.0,2.0,1600.0,120.0,0.0,0.0,1024.0,4.0,30750.0,0.0,1.0,LED,No,DDR3,intel,low,HP,DOS,intel,low,low
1545,1.4,157.0,2.8,3200.0,120.0,0.0,512.0,0.0,16.0,41500.0,0.0,1.0,LED,No,DDR4,intel,mid,MSI,Windows,intel,mid,low
1546,1.57,141.0,1.1,3200.0,60.0,0.0,512.0,0.0,8.0,24990.0,1.0,0.0,LED,No,DDR4,intel,low,Asus,Windows,intel,low,low
1547,2.4,141.0,4.5,2666.0,120.0,4.0,256.0,1024.0,8.0,79990.0,0.0,0.0,LED,No,DDR4,nvidia,low,Asus,Windows,intel,high,high
1548,1.8,141.0,1.1,3200.0,120.0,0.0,128.0,0.0,4.0,20990.0,1.0,1.0,LED,No,LPDDR4X,intel,low,Asus,Google Chrome,intel,low,low
1549,1.56,141.0,4.2,3200.0,60.0,0.0,256.0,0.0,8.0,24279.0,1.0,0.0,LED,No,DDR4,intel,low,Other,Windows,intel,low,low
1550,1.59,141.0,3.4,3200.0,120.0,0.0,512.0,0.0,8.0,80110.0,1.0,1.0,LED,No,DDR4,intel,low,Asus,Windows,intel,mid,low
1551,1.5,157.0,1.0,3200.0,120.0,0.0,512.0,0.0,8.0,61999.0,1.0,1.0,LED,No,DDR4,intel,low,Acer,Windows,intel,mid,low
1553,1.24,157.0,1.3,3200.0,120.0,0.0,512.0,0.0,16.0,35990.0,1.0,1.0,LED,No,LPDDR4X,intel,mid,Other,Windows,intel,mid,low
1555,1.62,147.0,4.9,4800.0,120.0,0.0,512.0,0.0,16.0,59990.0,0.0,1.0,LED,No,LPDDR5,intel,low,Lenovo,Windows,intel,high,high
1556,1.4,112.0,1.3,1600.0,120.0,0.0,32.0,0.0,2.0,12780.0,0.0,1.0,LED,No,DDR3,intel,low,Other,Windows,intel,low,low
1557,2.2,100.0,1.7,1600.0,120.0,2.0,0.0,1024.0,4.0,46890.0,0.0,1.0,LED,No,DDR3,nvidia,low,HP,Windows,intel,mid,low
1558,1.6,141.0,1.2,3200.0,120.0,0.0,512.0,0.0,8.0,29190.0,1.0,1.0,TFT LCD,No,DDR4,intel,low,Acer,Windows,intel,low,low
1559,1.9,141.0,3.9,3200.0,120.0,0.0,512.0,0.0,4.0,32990.0,1.0,1.0,LED,No,DDR4,intel,low,Asus,Windows,intel,low,low
1560,2.3,141.0,2.6,2933.0,120.0,4.0,256.0,1024.0,16.0,98576.0,0.0,0.0,LED,No,DDR4,nvidia,low,Dell,Windows,intel,high,high
1561,1.7,141.0,2.1,2666.0,120.0,0.0,512.0,0.0,8.0,61490.0,0.0,1.0,LED,No,DDR4,intel,low,Lenovo,Windows,intel,low,low
1562,2.5,100.0,2.4,1600.0,120.0,0.0,0.0,500.0,4.0,34890.0,0.0,1.0,LED,No,DDR3,intel,low,HP,Windows,intel,low,low
1563,2.15,100.0,1.7,2133.0,120.0,0.0,0.0,1024.0,4.0,34590.0,0.0,1.0,LED,No,DDR3,intel,low,Lenovo,Windows,intel,low,low
1564,1.88,142.0,4.2,3200.0,60.0,0.0,512.0,0.0,8.0,49990.0,0.0,0.0,LED,No,DDR4,amd,low,Asus,Windows,amd,mid,high
1565,2.19,100.0,2.3,2133.0,120.0,0.0,0.0,1024.0,4.0,39150.0,0.0,1.0,LED,No,DDR4,intel,low,HP,Windows,intel,mid,low
1566,2.14,141.0,2.4,3200.0,60.0,4.0,512.0,0.0,8.0,64000.0,1.0,0.0,LED,No,DDR4,nvidia,low,Asus,Windows,intel,mid,high
1567,1.58,141.0,4.8,3200.0,120.0,0.0,512.0,0.0,8.0,40990.0,1.0,1.0,LED,No,LPDDR4X,intel,low,Other,Windows,intel,low,low
1568,2.4,112.0,1.7,1600.0,120.0,0.0,0.0,500.0,4.0,28500.0,0.0,1.0,LED,No,DDR3,intel,low,HP,DOS,intel,low,low
1569,2.14,100.0,2.2,1600.0,120.0,2.0,0.0,500.0,4.0,28690.0,0.0,1.0,LED,No,DDR3,amd,low,HP,DOS,amd,low,low
1570,2.1,100.0,1.8,1600.0,120.0,0.0,0.0,500.0,4.0,20990.0,0.0,1.0,LED,No,DDR3,amd,low,HP,DOS,amd,low,low
1571,1.6,157.0,3.0,3200.0,60.0,4.0,512.0,0.0,8.0,90590.0,1.0,0.0,LED,No,DDR4,nvidia,low,Asus,Windows,amd,high,high
1572,1.78,142.0,4.4,3200.0,120.0,0.0,512.0,0.0,16.0,25990.0,1.0,1.0,IPS LCD,No,LPDDR4X,intel,low,Other,Windows,intel,low,low
1573,2.19,100.0,2.4,2133.0,120.0,2.0,0.0,1024.0,4.0,32315.0,0.0,1.0,LED,No,DDR4,amd,low,HP,DOS,amd,low,mid
1575,1.78,142.0,4.4,3200.0,120.0,0.0,512.0,0.0,8.0,23990.0,1.0,1.0,IPS LCD,No,LPDDR4X,intel,low,Other,Windows,intel,low,low
1576,1.78,142.0,4.4,3200.0,120.0,0.0,512.0,0.0,16.0,29990.0,1.0,1.0,IPS LCD,No,LPDDR4X,intel,low,Other,Windows,intel,mid,low
1577,1.7,141.0,1.8,2133.0,120.0,2.0,256.0,1024.0,8.0,161632.0,0.0,1.0,LED,No,DDR4,nvidia,low,Asus,Windows,intel,high,low
1578,1.4,243.0,3.1,3200.0,90.0,0.0,1024.0,0.0,16.0,69990.0,1.0,0.0,OLED,No,LPDDR4X,amd,low,Asus,Windows,amd,high,high
1579,1.0,157.0,2.6,2133.0,120.0,0.0,128.0,1024.0,8.0,52890.0,0.0,1.0,LED,No,DDR4,amd,low,Lenovo,Windows,amd,low,low
1580,2.0,100.0,2.3,3200.0,120.0,2.0,0.0,1024.0,4.0,34990.0,1.0,1.0,LED,No,DDR3,nvidia,low,Asus,DOS,intel,mid,low
1581,1.4,135.0,1.6,1600.0,120.0,0.0,0.0,500.0,4.0,33424.0,0.0,1.0,LED,Yes,DDR3,intel,low,HP,Windows,intel,low,low
1582,2.3,100.0,2.0,3200.0,120.0,0.0,0.0,1024.0,4.0,29000.0,1.0,1.0,LED,No,DDR3,intel,low,Asus,DOS,intel,low,low
1583,2.2,100.0,2.1,3200.0,120.0,0.0,0.0,500.0,2.0,30131.0,1.0,1.0,LED,No,DDR3,intel,low,Asus,DOS,intel,low,low
1584,1.57,157.0,4.8,3200.0,60.0,0.0,256.0,0.0,8.0,56490.0,0.0,0.0,LED,Yes,DDR4,intel,low,Dell,Windows,intel,low,low
1585,2.4,141.0,2.3,1600.0,120.0,2.0,0.0,1024.0,4.0,41351.0,0.0,1.0,LED,No,DDR3,nvidia,low,Asus,DOS,intel,mid,low
1586,2.1,100.0,2.0,1600.0,120.0,0.0,0.0,500.0,4.0,20891.0,0.0,1.0,LED,No,DDR3,amd,low,HP,DOS,amd,low,low
1587,2.2,100.0,2.0,1600.0,120.0,2.0,0.0,1024.0,8.0,62890.0,0.0,1.0,LED,No,DDR3,nvidia,low,HP,Windows,intel,high,low
1588,2.23,100.0,2.4,3200.0,120.0,2.0,0.0,1024.0,4.0,33990.0,1.0,1.0,LED,No,DDR3,amd,low,HP,Windows,amd,low,low
1589,1.68,141.0,1.6,2133.0,120.0,0.0,0.0,1024.0,8.0,40780.0,0.0,1.0,LED,No,DDR4,intel,low,Asus,Windows,intel,mid,low
1590,1.3,135.0,1.6,1600.0,120.0,0.0,8.0,500.0,4.0,30956.0,0.0,1.0,LED,No,DDR3,intel,low,Lenovo,Windows,intel,low,low
1591,2.5,100.0,2.0,1600.0,120.0,0.0,0.0,500.0,4.0,25890.0,0.0,1.0,LED,No,DDR3,amd,low,Lenovo,Windows,amd,low,low
1592,2.3,100.0,1.7,1600.0,120.0,2.0,0.0,500.0,4.0,39390.0,0.0,1.0,LED,No,DDR3,amd,low,HP,Windows,intel,low,low
1593,2.3,100.0,2.1,3200.0,120.0,2.0,0.0,1024.0,4.0,42000.0,1.0,1.0,LED,No,DDR3,nvidia,low,Asus,Windows,intel,low,low
1594,2.1,141.0,2.3,2133.0,120.0,2.0,0.0,1024.0,4.0,42400.0,0.0,1.0,LED,No,DDR4,amd,low,HP,DOS,intel,mid,low
1595,1.7,141.0,2.1,2400.0,120.0,0.0,256.0,0.0,4.0,33990.0,0.0,1.0,LED,No,DDR4,intel,low,Asus,Windows,intel,low,low
1596,1.47,157.0,1.6,2400.0,120.0,0.0,256.0,0.0,8.0,49990.0,0.0,1.0,LED,No,DDR4,intel,low,HP,Windows,intel,mid,low
1597,2.2,100.0,2.2,1600.0,120.0,2.0,0.0,1024.0,4.0,41800.0,0.0,1.0,LED,No,DDR3,nvidia,low,HP,DOS,intel,mid,low
1598,2.2,100.0,2.1,1600.0,120.0,2.0,0.0,1024.0,8.0,47390.0,0.0,1.0,LED,No,DDR3,nvidia,low,HP,Windows,intel,low,low
1599,2.4,141.0,3.3,3200.0,120.0,4.0,512.0,0.0,8.0,77990.0,0.0,1.0,LED,No,DDR4,nvidia,low,Lenovo,Windows,amd,mid,high
1601,1.59,157.0,4.0,2400.0,120.0,0.0,512.0,0.0,8.0,38650.0,0.0,1.0,LED,No,DDR4,amd,low,Dell,Windows,amd,low,low
1602,1.5,162.0,4.2,3200.0,120.0,0.0,512.0,0.0,16.0,64999.0,1.0,1.0,LED,Yes,DDR4,amd,low,Asus,Windows,amd,mid,high
1603,2.2,141.0,2.5,2400.0,120.0,2.0,0.0,1024.0,8.0,48990.0,0.0,1.0,LED,No,DDR4,nvidia,low,MSI,DOS,intel,mid,high
1604,2.45,189.0,2.8,3200.0,165.0,8.0,1024.0,0.0,32.0,172990.0,0.0,0.0,LED,No,DDR4,nvidia,high,Lenovo,Windows,amd,high,high
1605,2.4,141.0,2.6,2400.0,144.0,6.0,512.0,1024.0,16.0,119990.0,0.0,0.0,LED,No,DDR4,nvidia,mid,MSI,Windows,intel,high,high
1606,1.7,135.0,2.2,1600.0,120.0,0.0,0.0,500.0,4.0,40944.0,0.0,1.0,LED,Yes,DDR3,intel,low,Dell,Windows,intel,low,low
1607,1.14,166.0,2.8,4266.0,120.0,0.0,1024.0,0.0,16.0,84990.0,0.0,1.0,OLED,No,LPDDR4X,intel,mid,Asus,Windows,intel,high,low
1608,2.2,141.0,4.7,4800.0,144.0,6.0,512.0,0.0,16.0,85990.0,0.0,0.0,LED,No,DDR5,nvidia,mid,Asus,Windows,amd,high,high
1609,1.8,141.0,2.1,3200.0,120.0,0.0,512.0,0.0,8.0,45490.0,1.0,1.0,LED,No,DDR4,amd,low,Asus,Windows,amd,mid,low
1610,1.51,157.0,4.2,3200.0,120.0,0.0,512.0,0.0,8.0,54490.0,0.0,1.0,LED,No,DDR4,intel,low,HP,Windows,intel,low,low
1611,1.7,157.0,2.5,2133.0,120.0,0.0,0.0,1024.0,8.0,71175.0,0.0,1.0,LED,Yes,DDR4,intel,low,Lenovo,Windows,intel,mid,low
1612,1.72,157.0,3.0,3200.0,120.0,0.0,512.0,0.0,8.0,56690.0,0.0,1.0,LED,Yes,DDR4,intel,low,Dell,Windows,intel,low,low
1613,1.29,157.0,4.0,3200.0,120.0,2.0,1024.0,0.0,16.0,104694.0,1.0,1.0,LED,No,LPDDR4X,nvidia,mid,Asus,Windows,intel,high,low
1615,1.25,201.0,2.6,1600.0,120.0,0.0,128.0,0.0,8.0,81990.0,0.0,1.0,LED,Yes,DDR3,intel,low,Other,Windows,intel,mid,low
1616,1.62,157.0,2.4,4266.0,120.0,0.0,512.0,0.0,8.0,84990.0,0.0,1.0,LED,Yes,LPDDR4X,intel,mid,Asus,Windows,intel,mid,low
1617,2.9,127.0,2.6,3200.0,120.0,6.0,256.0,1024.0,16.0,129990.0,1.0,1.0,LED,No,DDR4,nvidia,mid,Acer,Windows,intel,high,high
1618,2.6,141.0,2.8,3200.0,120.0,6.0,1024.0,0.0,16.0,99990.0,1.0,1.0,LED,No,DDR4,nvidia,mid,Acer,Windows,intel,high,high
1619,1.21,166.0,1.8,2133.0,120.0,2.0,256.0,0.0,8.0,94490.0,0.0,1.0,LED,No,LPDDR3,nvidia,low,HP,Windows,intel,high,low
1620,1.29,157.0,1.8,3200.0,120.0,2.0,512.0,0.0,16.0,93027.0,1.0,1.0,LED,No,DDR4,nvidia,low,MSI,Windows,intel,high,low
1621,2.1,157.0,2.3,2133.0,120.0,0.0,0.0,1024.0,4.0,29990.0,0.0,1.0,LED,No,DDR4,intel,low,Lenovo,Windows,intel,low,low
1622,1.21,166.0,1.8,2133.0,120.0,0.0,256.0,0.0,8.0,78378.0,0.0,1.0,LED,No,LPDDR3,intel,low,HP,Windows,intel,high,low
1623,1.9,141.0,2.1,3200.0,120.0,0.0,0.0,1024.0,4.0,34150.0,1.0,1.0,LED,No,DDR4,intel,low,Asus,Windows,intel,low,low
1624,2.29,141.0,4.2,3200.0,144.0,4.0,512.0,0.0,8.0,51990.0,0.0,0.0,LED,No,DDR4,nvidia,low,HP,Windows,amd,mid,high
1625,2.23,141.0,3.1,3200.0,120.0,4.0,512.0,0.0,8.0,87152.0,1.0,1.0,LED,No,DDR4,nvidia,mid,HP,Windows,intel,mid,high
1626,2.46,137.0,4.2,2933.0,120.0,4.0,512.0,0.0,16.0,60695.0,0.0,1.0,LED,No,DDR4,nvidia,low,HP,Windows,intel,mid,high
1628,1.6,157.0,4.0,3200.0,60.0,0.0,512.0,0.0,8.0,30100.0,0.0,0.0,LED,No,DDR4,intel,low,Asus,Windows,intel,low,low
1629,1.75,141.0,2.2,2666.0,120.0,4.0,512.0,0.0,16.0,166599.0,0.0,1.0,LED,Yes,DDR4,nvidia,low,Dell,Windows,intel,high,high
1630,2.44,141.0,4.0,2933.0,120.0,4.0,512.0,0.0,8.0,65990.0,0.0,0.0,LED,No,DDR4,nvidia,low,Dell,Windows,intel,mid,high
1631,1.65,141.0,4.5,2666.0,120.0,0.0,1024.0,0.0,8.0,44090.0,0.0,0.0,LED,No,LPDDR5,intel,low,Dell,Windows,intel,low,low
1632,2.57,141.0,2.6,2666.0,144.0,6.0,1024.0,0.0,16.0,139990.0,0.0,0.0,LED,No,DDR4,nvidia,mid,Asus,Windows,intel,high,high
1633,1.2,157.0,2.8,3200.0,120.0,0.0,512.0,0.0,8.0,59990.0,1.0,1.0,LCD,No,LPDDR4X,amd,low,Acer,Windows,amd,mid,low
1634,1.7,141.0,4.5,3200.0,60.0,0.0,512.0,0.0,16.0,61990.0,0.0,0.0,LED,No,DDR4,intel,mid,Asus,Windows,intel,mid,high
1635,1.7,141.0,1.1,3200.0,120.0,0.0,512.0,0.0,8.0,36382.0,1.0,1.0,LED,No,DDR4,intel,low,Asus,Windows,intel,low,mid
1636,1.58,141.0,2.8,5500.0,120.0,0.0,512.0,0.0,8.0,36990.0,0.0,1.0,LED,No,LPDDR5,amd,low,Lenovo,Windows,amd,mid,low
1637,1.7,212.0,4.7,4800.0,120.0,0.0,512.0,0.0,16.0,83869.0,0.0,0.0,OLED,No,LPDDR5,intel,mid,Asus,Windows,intel,mid,high
1638,1.8,141.0,1.2,3200.0,120.0,0.0,512.0,0.0,8.0,45290.0,1.0,1.0,LED,No,DDR4,intel,low,Dell,Windows,intel,low,low
1639,1.8,141.0,3.3,3200.0,60.0,0.0,512.0,0.0,16.0,63999.0,1.0,0.0,LED,No,DDR4,intel,mid,Asus,Windows,intel,mid,high
1640,1.6,166.0,2.4,3200.0,120.0,0.0,256.0,0.0,4.0,51999.0,1.0,1.0,LED,Yes,DDR4,intel,low,Acer,Windows,intel,low,low
1641,2.4,141.0,2.3,3200.0,120.0,4.0,512.0,0.0,16.0,94990.0,0.0,0.0,LED,No,DDR4,nvidia,mid,Lenovo,Windows,intel,high,high
1642,1.69,141.0,4.7,3200.0,120.0,0.0,512.0,0.0,8.0,61990.0,0.0,1.0,LED,No,DDR4,intel,mid,HP,Windows,intel,mid,mid
1643,1.69,141.0,4.4,3200.0,120.0,0.0,512.0,0.0,8.0,44990.0,0.0,1.0,LED,No,DDR4,intel,mid,HP,Windows,intel,mid,low
1644,2.1,100.0,2.6,3200.0,120.0,0.0,0.0,1024.0,4.0,21990.0,1.0,1.0,LED,No,DDR4,amd,low,Lenovo,Windows,amd,low,low
1645,1.6,156.0,2.1,2400.0,120.0,0.0,0.0,1024.0,4.0,32368.0,0.0,1.0,LED,No,DDR4,intel,low,Asus,Windows,intel,low,low
1646,1.69,157.0,2.3,3200.0,120.0,0.0,512.0,0.0,8.0,50000.0,1.0,1.0,LED,No,DDR4,amd,low,Lenovo,DOS,amd,mid,low
1647,1.75,112.0,3.3,3200.0,120.0,0.0,256.0,0.0,8.0,22100.0,1.0,1.0,LED,No,DDR4,intel,low,Acer,Windows,intel,low,low
1648,2.03,141.0,2.6,2933.0,144.0,6.0,1024.0,0.0,16.0,122800.0,0.0,0.0,LED,No,DDR4,nvidia,mid,Lenovo,Windows,intel,high,high
1649,2.7,141.0,2.3,2400.0,120.0,6.0,128.0,1024.0,8.0,74990.0,0.0,1.0,LED,No,DDR4,nvidia,mid,Acer,Windows,intel,mid,high
1650,1.5,157.0,1.8,3200.0,120.0,2.0,1024.0,0.0,16.0,107111.0,1.0,1.0,LED,No,DDR4,nvidia,low,Asus,Windows,intel,high,low
1651,1.59,141.0,4.6,3200.0,120.0,0.0,512.0,0.0,8.0,53940.0,0.0,1.0,LED,No,DDR4,intel,mid,HP,Windows,intel,mid,low
1652,2.3,141.0,4.6,3200.0,300.0,6.0,1024.0,0.0,16.0,129999.0,1.0,0.0,LED,No,DDR4,nvidia,mid,Asus,Windows,amd,high,high
1653,1.59,141.0,4.6,3200.0,120.0,0.0,512.0,0.0,16.0,63280.0,0.0,1.0,LED,No,DDR4,intel,mid,HP,Windows,intel,mid,low
1654,1.75,243.0,2.8,3200.0,120.0,0.0,512.0,0.0,8.0,57490.0,1.0,1.0,LED,No,DDR4,amd,low,Asus,Windows,amd,mid,high
1655,1.39,243.0,2.1,3200.0,90.0,0.0,512.0,0.0,16.0,104990.0,1.0,0.0,OLED,No,LPDDR5,intel,mid,Asus,Windows,intel,high,mid
1657,1.19,166.0,1.8,2133.0,120.0,0.0,512.0,0.0,8.0,82990.0,0.0,1.0,LED,No,DDR3,intel,low,Asus,Windows,intel,high,low
1658,1.14,166.0,2.8,3200.0,120.0,0.0,1024.0,0.0,16.0,89400.0,1.0,1.0,OLED,No,LPDDR4X,intel,mid,Asus,Windows,intel,high,low
1659,2.7,141.0,2.8,2400.0,120.0,2.0,0.0,1024.0,8.0,69999.0,0.0,1.0,LED,No,DDR4,nvidia,low,Acer,Windows,intel,high,high
1660,1.87,141.0,1.6,2400.0,120.0,2.0,16.0,1024.0,4.0,54990.0,0.0,1.0,LED,No,DDR4,amd,low,Lenovo,Windows,intel,mid,low
1661,1.7,141.0,2.1,3200.0,120.0,0.0,512.0,0.0,8.0,56990.0,0.0,1.0,LED,No,DDR4,amd,low,Lenovo,Windows,amd,mid,low
1662,1.49,157.0,4.0,3200.0,120.0,0.0,512.0,0.0,8.0,37800.0,0.0,1.0,LED,No,DDR4,intel,low,HP,Windows,intel,low,low
1663,2.1,141.0,1.2,2666.0,120.0,0.0,256.0,1024.0,4.0,50990.0,0.0,1.0,LED,No,DDR4,intel,low,Dell,Windows,intel,mid,low
1664,1.8,141.0,1.6,3200.0,120.0,2.0,512.0,0.0,8.0,64999.0,1.0,1.0,LED,No,DDR4,nvidia,low,Acer,Windows,intel,mid,low
1665,1.8,141.0,4.2,3200.0,60.0,0.0,512.0,0.0,16.0,42999.0,1.0,0.0,LED,No,DDR5,amd,low,Asus,Windows,amd,mid,low
1666,1.6,157.0,2.6,2400.0,120.0,0.0,256.0,0.0,8.0,27490.0,0.0,1.0,LED,No,DDR4,amd,low,Asus,Windows,amd,low,low
1667,1.64,141.0,3.1,3200.0,120.0,0.0,512.0,0.0,16.0,62490.0,0.0,1.0,LED,No,DDR4,intel,mid,Dell,Windows,intel,mid,high
1668,1.19,166.0,1.6,2400.0,120.0,0.0,512.0,0.0,8.0,73490.0,0.0,1.0,LED,No,LPDDR3,intel,low,Asus,Windows,intel,mid,low
1669,1.8,141.0,2.1,3200.0,120.0,0.0,256.0,1024.0,8.0,50090.0,1.0,1.0,LED,No,DDR4,amd,low,Dell,Windows,amd,mid,low
1670,1.41,157.0,4.7,3200.0,120.0,0.0,512.0,0.0,16.0,74104.0,0.0,1.0,LED,No,DDR4,amd,low,HP,Windows,amd,high,low
1671,2.1,141.0,4.6,3200.0,300.0,4.0,1024.0,0.0,16.0,117990.0,1.0,0.0,LED,No,DDR4,nvidia,mid,Asus,Windows,amd,high,high
1672,1.5,157.0,1.8,3200.0,120.0,0.0,512.0,0.0,8.0,69990.0,1.0,1.0,LED,No,DDR4,amd,low,Asus,Windows,amd,high,low
1673,0.97,166.0,4.2,3200.0,120.0,0.0,512.0,0.0,16.0,65400.0,0.0,1.0,LED,No,DDR4,amd,low,HP,Windows,amd,mid,low
1674,1.47,112.0,2.1,2400.0,120.0,0.0,512.0,0.0,8.0,29990.0,0.0,1.0,LED,No,DDR4,amd,low,HP,Windows,amd,mid,low
1675,1.52,157.0,4.8,3200.0,60.0,0.0,512.0,0.0,16.0,100321.0,0.0,0.0,LED,Yes,DDR4,intel,mid,HP,Windows,intel,high,low
1676,1.6,141.0,3.0,3200.0,120.0,0.0,256.0,0.0,8.0,36990.0,0.0,1.0,LED,No,DDR4,intel,low,Lenovo,Windows,intel,low,low
1677,1.8,141.0,3.4,3200.0,120.0,0.0,1024.0,0.0,32.0,81978.0,1.0,1.0,LED,No,LPDDR5,intel,mid,Other,Windows,intel,high,high
1679,2.1,100.0,1.8,2133.0,120.0,0.0,0.0,1024.0,4.0,20390.0,0.0,1.0,LED,No,DDR4,amd,low,Lenovo,Windows,amd,low,low
1680,1.7,147.0,3.0,3200.0,120.0,0.0,0.0,1024.0,4.0,33990.0,1.0,1.0,LED,No,DDR4,intel,low,Lenovo,DOS,intel,low,low
1681,1.55,162.0,2.0,4266.0,120.0,0.0,512.0,0.0,16.0,60490.0,0.0,1.0,LED,Yes,LPDDR4X,amd,low,Lenovo,Windows,amd,mid,low
1682,1.8,141.0,2.1,2133.0,120.0,0.0,0.0,1024.0,4.0,34990.0,0.0,1.0,LED,No,DDR4,intel,low,Acer,Windows,intel,low,low
1683,1.4,157.0,4.5,3200.0,60.0,0.0,512.0,0.0,8.0,34214.0,1.0,0.0,LED,No,DDR4,intel,low,MSI,Windows,intel,low,low
1684,1.41,157.0,1.7,3200.0,120.0,0.0,512.0,0.0,8.0,34990.0,1.0,1.0,LED,No,DDR4,intel,low,Lenovo,Windows,intel,low,low
1685,2.3,188.0,2.8,3200.0,165.0,6.0,1024.0,0.0,16.0,134990.0,1.0,0.0,LED,No,DDR4,nvidia,mid,Acer,Windows,intel,high,high
1686,1.7,141.0,2.1,3200.0,120.0,0.0,512.0,0.0,8.0,37798.0,1.0,1.0,LED,No,DDR4,amd,low,Lenovo,Windows,amd,mid,low
1687,1.19,157.0,1.6,2133.0,120.0,0.0,512.0,0.0,8.0,56999.0,0.0,1.0,LED,No,DDR3,intel,low,Asus,Windows,intel,mid,low
1688,1.45,157.0,4.2,3200.0,120.0,0.0,512.0,0.0,8.0,41400.0,1.0,1.0,LED,No,DDR4,intel,mid,Acer,Windows,intel,mid,low
1689,1.0,157.0,2.1,2666.0,120.0,0.0,512.0,0.0,4.0,57390.0,0.0,1.0,LED,No,DDR4,intel,low,Dell,Windows,intel,low,low
1690,1.56,112.0,1.6,2133.0,120.0,0.0,256.0,0.0,4.0,43999.0,0.0,1.0,LED,No,DDR4,intel,low,Acer,Windows,intel,mid,low
1691,1.74,141.0,4.0,3200.0,120.0,0.0,256.0,0.0,8.0,30400.0,0.0,1.0,LED,No,DDR4,amd,low,HP,Windows,amd,mid,low
1693,1.75,141.0,2.8,3200.0,120.0,0.0,512.0,0.0,16.0,51669.0,1.0,1.0,LED,No,LPDDR5,amd,low,HP,Windows,amd,mid,low
1694,1.8,141.0,2.4,3200.0,120.0,0.0,512.0,0.0,16.0,49250.0,1.0,1.0,LED,No,DDR4,intel,low,Dell,Windows,intel,mid,low
1695,2.4,141.0,2.4,2666.0,120.0,4.0,512.0,0.0,8.0,69770.0,0.0,0.0,LED,No,DDR4,nvidia,low,Asus,Windows,intel,mid,high
1696,2.5,141.0,3.3,3200.0,144.0,4.0,512.0,0.0,8.0,57590.0,1.0,0.0,LED,No,DDR5,nvidia,mid,Acer,Windows,amd,mid,high
1697,2.25,141.0,4.7,3200.0,165.0,6.0,512.0,0.0,16.0,83311.0,1.0,0.0,LED,No,DDR4,nvidia,mid,Lenovo,Windows,amd,high,high
1698,1.68,141.0,2.3,3200.0,120.0,0.0,512.0,0.0,8.0,55490.0,0.0,0.0,LED,No,DDR4,amd,low,Dell,Windows,amd,mid,low
1699,1.58,157.0,1.7,2666.0,120.0,0.0,256.0,1024.0,4.0,45890.0,0.0,1.0,LED,No,DDR4,intel,low,Dell,Windows,intel,low,low
1700,2.4,141.0,1.5,3200.0,144.0,6.0,512.0,0.0,16.0,76990.0,1.0,0.0,LED,No,DDR5,nvidia,mid,Lenovo,Windows,intel,mid,high
1701,1.23,166.0,4.2,2400.0,120.0,0.0,512.0,0.0,8.0,64344.0,0.0,1.0,LED,No,LPDDR4X,intel,mid,Dell,Windows,intel,mid,low
1702,2.4,127.0,4.2,3200.0,144.0,4.0,512.0,0.0,8.0,85990.0,0.0,0.0,LED,No,DDR4,nvidia,mid,Asus,Windows,amd,high,high
1703,1.92,141.0,1.0,3200.0,120.0,0.0,256.0,0.0,8.0,43500.0,1.0,1.0,LED,No,DDR4,intel,low,Asus,Windows,intel,mid,low
1704,2.25,141.0,3.3,3200.0,120.0,4.0,512.0,0.0,8.0,67559.0,0.0,0.0,LED,No,DDR4,nvidia,mid,Lenovo,Windows,intel,mid,high
1705,1.71,141.0,1.3,3200.0,120.0,2.0,512.0,0.0,8.0,90950.0,0.0,1.0,LED,No,DDR4,nvidia,low,Dell,Windows,intel,high,low
1706,2.1,141.0,3.3,3200.0,144.0,4.0,512.0,0.0,8.0,61414.0,1.0,0.0,LED,No,DDR4,nvidia,mid,Acer,Windows,intel,mid,high
1707,1.25,216.0,2.3,1600.0,120.0,0.0,128.0,0.0,4.0,50990.0,0.0,1.0,LED,Yes,DDR3,intel,low,Acer,Windows,intel,low,low
1708,2.2,141.0,2.8,2400.0,120.0,0.0,256.0,0.0,4.0,23949.0,0.0,1.0,LED,No,DDR4,intel,low,Lenovo,DOS,intel,low,low
1709,1.8,142.0,3.1,3200.0,120.0,0.0,512.0,0.0,16.0,69490.0,0.0,1.0,LED,No,DDR4,amd,low,Asus,Windows,amd,high,high
1710,1.75,141.0,2.5,3200.0,144.0,4.0,512.0,0.0,16.0,76900.0,1.0,0.0,LED,No,DDR4,nvidia,low,Asus,Windows,intel,mid,high
1711,2.1,100.0,2.4,2133.0,120.0,0.0,0.0,1024.0,4.0,22990.0,0.0,1.0,LED,No,DDR4,amd,low,Lenovo,DOS,amd,low,low
1712,2.0,188.0,2.7,3200.0,165.0,8.0,1024.0,0.0,16.0,103817.0,1.0,0.0,LED,No,DDR5,nvidia,high,Asus,Windows,intel,high,high
1713,1.3,166.0,4.2,2933.0,120.0,2.0,512.0,0.0,16.0,81999.0,0.0,1.0,LED,No,DDR4,nvidia,mid,HP,Windows,intel,mid,low
1716,1.3,157.0,1.8,2133.0,120.0,0.0,256.0,0.0,8.0,81990.0,0.0,1.0,LED,No,DDR4,intel,low,Asus,Windows,intel,high,low
1717,1.65,157.0,2.1,3200.0,120.0,0.0,512.0,0.0,8.0,71290.0,1.0,1.0,LED,Yes,DDR4,intel,low,Lenovo,Windows,intel,low,low
1718,1.86,141.0,1.8,2400.0,120.0,4.0,0.0,1024.0,8.0,89990.0,0.0,1.0,LED,No,DDR4,nvidia,low,MSI,Windows,intel,high,high
1719,1.7,141.0,2.1,3200.0,120.0,0.0,512.0,0.0,16.0,57990.0,0.0,1.0,LED,No,DDR4,amd,low,Lenovo,Windows,amd,mid,low
1720,1.32,166.0,1.6,1866.0,120.0,0.0,256.0,0.0,8.0,77995.0,0.0,1.0,LED,Yes,LPDDR3,intel,low,HP,Windows,intel,mid,low
1721,1.5,157.0,2.8,3200.0,120.0,0.0,512.0,0.0,16.0,84990.0,1.0,1.0,LED,Yes,DDR4,intel,mid,Lenovo,Windows,intel,high,low
1722,1.83,221.0,2.2,2400.0,120.0,4.0,256.0,0.0,16.0,187990.0,0.0,1.0,LED,No,DDR4,amd,mid,Apple,macOS,intel,high,high
1724,1.9,162.0,3.4,3200.0,90.0,0.0,512.0,0.0,16.0,149000.0,1.0,0.0,LED,No,LPDDR5,intel,mid,Other,Windows,intel,high,mid
1725,1.7,141.0,4.8,3200.0,120.0,0.0,256.0,0.0,4.0,31990.0,1.0,1.0,LED,No,DDR4,intel,low,Acer,Windows,intel,low,low
1726,1.4,157.0,2.4,3200.0,120.0,0.0,512.0,0.0,8.0,61531.0,0.0,1.0,LED,No,DDR4,intel,low,Dell,Windows,intel,mid,low
1727,2.08,141.0,2.8,3200.0,144.0,6.0,512.0,0.0,16.0,148500.0,1.0,0.0,LCD,No,DDR4,nvidia,mid,Other,Windows,intel,high,high
1728,2.5,141.0,1.0,2666.0,120.0,2.0,256.0,1024.0,8.0,63990.0,0.0,1.0,LED,No,DDR4,nvidia,low,HP,Windows,intel,mid,low
1729,2.1,100.0,3.0,2133.0,120.0,0.0,0.0,500.0,4.0,22790.0,0.0,1.0,LED,No,DDR4,amd,low,HP,Windows,amd,low,low
1730,1.59,141.0,4.2,5500.0,120.0,0.0,512.0,0.0,8.0,38080.0,0.0,1.0,LED,No,DDR3,amd,low,HP,Windows,amd,mid,low
1731,1.7,141.0,2.4,3200.0,120.0,0.0,512.0,0.0,16.0,77990.0,1.0,1.0,LED,No,DDR4,intel,mid,Lenovo,Windows,intel,mid,low
1733,1.45,243.0,4.7,3200.0,90.0,4.0,1024.0,0.0,8.0,101990.0,0.0,0.0,OLED,No,DDR4,nvidia,mid,Asus,Windows,amd,high,high
1734,1.8,141.0,2.4,2666.0,120.0,2.0,512.0,0.0,8.0,65290.0,0.0,1.0,LED,No,DDR4,nvidia,mid,Dell,Windows,intel,mid,low
1735,1.56,157.0,2.1,3200.0,120.0,0.0,512.0,0.0,8.0,71190.0,0.0,1.0,LED,Yes,DDR4,amd,low,Dell,Windows,amd,mid,low
1737,1.65,141.0,3.3,3200.0,60.0,0.0,512.0,0.0,16.0,73500.0,1.0,0.0,OLED,No,DDR4,nvidia,mid,Asus,Windows,amd,mid,high
1738,1.7,157.0,2.5,2133.0,120.0,0.0,128.0,1024.0,8.0,62116.0,0.0,1.0,LED,No,DDR4,intel,low,Lenovo,Windows,intel,mid,low
1739,2.2,100.0,2.5,2133.0,120.0,4.0,0.0,2048.0,16.0,76390.0,0.0,1.0,LED,No,DDR4,nvidia,low,Lenovo,Windows,intel,mid,low
1740,1.25,201.0,1.6,1600.0,120.0,0.0,128.0,0.0,8.0,91999.0,0.0,1.0,LED,Yes,DDR3,intel,low,Other,Windows,intel,mid,low
1741,2.4,141.0,3.3,3200.0,165.0,4.0,512.0,0.0,16.0,118499.0,0.0,0.0,LED,No,DDR4,nvidia,mid,Lenovo,Windows,amd,high,high
1742,1.16,166.0,4.7,3200.0,120.0,0.0,512.0,0.0,16.0,105990.0,1.0,1.0,AMOLED,Yes,DDR4,intel,mid,Samsung,Windows,intel,high,low
1743,2.0,141.0,1.6,2400.0,120.0,2.0,128.0,1024.0,8.0,75990.0,0.0,1.0,LED,No,DDR4,nvidia,low,Dell,Windows,intel,mid,low
1744,1.58,141.0,4.8,3200.0,120.0,0.0,512.0,0.0,16.0,57990.0,1.0,1.0,LED,No,LPDDR4X,intel,mid,Other,Windows,intel,high,low
1745,1.59,112.0,2.6,2400.0,120.0,0.0,0.0,1024.0,4.0,31490.0,0.0,1.0,LED,No,DDR4,amd,low,Dell,Windows,amd,low,low
1746,1.83,141.0,1.2,2666.0,120.0,0.0,256.0,0.0,8.0,40990.0,0.0,1.0,LED,No,DDR4,intel,low,Dell,Windows,intel,low,low
1747,2.29,137.0,4.8,5600.0,144.0,6.0,1024.0,0.0,16.0,78990.0,0.0,0.0,LED,No,DDR5,nvidia,mid,HP,Windows,amd,high,high
1748,2.6,127.0,4.7,1752.0,144.0,6.0,1024.0,0.0,16.0,109990.0,0.0,0.0,LED,No,DDR4,nvidia,mid,Asus,Windows,intel,high,high
1749,1.69,157.0,2.1,3200.0,120.0,0.0,256.0,0.0,4.0,53721.0,1.0,1.0,LED,No,DDR4,intel,low,Lenovo,DOS,intel,low,low
1750,2.4,141.0,4.1,2666.0,144.0,6.0,1024.0,0.0,16.0,94990.0,0.0,0.0,LED,No,DDR4,nvidia,mid,Asus,Windows,intel,mid,high
1751,1.16,166.0,4.2,3200.0,120.0,0.0,512.0,0.0,16.0,79900.0,1.0,1.0,AMOLED,Yes,LPDDR4X,intel,mid,Samsung,Windows,intel,mid,low
1752,1.4,162.0,2.0,3200.0,120.0,0.0,512.0,0.0,16.0,60999.0,0.0,1.0,OLED,No,DDR4,amd,low,Lenovo,Windows,amd,mid,low
1753,2.23,141.0,2.6,3200.0,120.0,4.0,512.0,0.0,16.0,80990.0,1.0,1.0,LED,No,DDR4,nvidia,low,HP,Windows,intel,high,high
1754,1.86,141.0,3.1,1866.0,120.0,0.0,0.0,1024.0,8.0,26990.0,0.0,1.0,LED,No,DDR4,amd,low,HP,Windows,amd,low,low
1755,2.3,100.0,2.3,2400.0,120.0,0.0,0.0,500.0,4.0,36990.0,0.0,1.0,LED,Yes,DDR4,intel,low,Acer,Windows,intel,low,low
1757,1.62,141.0,4.5,3200.0,120.0,0.0,512.0,0.0,8.0,36775.0,1.0,1.0,LED,No,LPDDR5,intel,low,Lenovo,Windows,intel,low,low
1758,3.0,141.0,2.6,3200.0,120.0,0.0,256.0,0.0,8.0,36080.0,1.0,1.0,LED,No,DDR4,amd,low,Asus,Windows,amd,low,low
1759,2.03,141.0,2.7,3200.0,144.0,4.0,512.0,0.0,16.0,73990.0,1.0,0.0,LED,No,DDR4,nvidia,mid,Other,Windows,intel,mid,high
1761,1.24,166.0,2.8,3200.0,120.0,0.0,1024.0,0.0,16.0,92990.0,0.0,1.0,LED,No,DDR4,intel,low,HP,Windows,intel,high,low
1762,1.6,141.0,2.7,2133.0,120.0,0.0,0.0,1024.0,8.0,76177.0,0.0,1.0,LED,Yes,DDR4,intel,low,Dell,Windows,intel,high,low
1763,1.55,162.0,1.8,4266.0,120.0,0.0,512.0,0.0,16.0,64990.0,0.0,1.0,LED,Yes,LPDDR4X,amd,low,Lenovo,Windows,amd,high,low
1764,1.85,141.0,1.2,2666.0,120.0,0.0,256.0,0.0,8.0,43612.0,0.0,1.0,LED,No,DDR4,intel,low,Dell,Windows,intel,low,low
1765,1.52,157.0,1.3,3200.0,120.0,0.0,512.0,0.0,16.0,68999.0,0.0,1.0,LED,Yes,DDR4,intel,mid,HP,Windows,intel,high,low
1766,1.7,141.0,5.0,3200.0,60.0,0.0,512.0,0.0,16.0,62190.0,1.0,0.0,LED,No,DDR4,intel,mid,MSI,Windows,intel,high,low
1767,1.39,243.0,4.6,3200.0,90.0,0.0,512.0,0.0,16.0,74990.0,1.0,0.0,OLED,No,LPDDR5,intel,low,Asus,Windows,intel,mid,mid
1768,2.14,141.0,2.2,3200.0,120.0,4.0,512.0,0.0,16.0,68990.0,1.0,1.0,LED,No,DDR4,nvidia,low,Asus,Windows,intel,high,high
1769,1.7,141.0,4.6,3200.0,60.0,0.0,512.0,0.0,16.0,42999.0,1.0,0.0,LED,No,DDR4,intel,mid,MSI,Windows,intel,mid,low
1770,1.6,157.0,4.2,3200.0,144.0,0.0,512.0,0.0,16.0,79990.0,1.0,0.0,LED,No,DDR4,nvidia,low,Asus,Windows,amd,high,high
1771,1.6,141.0,2.0,3200.0,60.0,0.0,512.0,0.0,16.0,57400.0,0.0,0.0,LED,No,DDR4,amd,low,Lenovo,Windows,amd,high,low
1772,1.65,157.0,2.1,2666.0,120.0,0.0,256.0,0.0,4.0,44990.0,0.0,1.0,LED,Yes,DDR4,intel,low,Lenovo,Windows,intel,low,low
1773,2.2,141.0,2.3,3200.0,144.0,4.0,1024.0,0.0,16.0,85999.0,0.0,0.0,LED,No,DDR4,nvidia,mid,Asus,Windows,intel,high,high
1774,1.62,157.0,2.9,4266.0,120.0,2.0,1024.0,0.0,16.0,104990.0,0.0,1.0,LED,Yes,LPDDR4X,nvidia,mid,Asus,Windows,intel,high,low
1775,1.4,189.0,4.6,3200.0,60.0,0.0,512.0,0.0,16.0,80990.0,0.0,0.0,LED,No,DDR4,intel,mid,HP,Windows,intel,mid,mid
1776,2.2,141.0,2.5,2133.0,120.0,4.0,0.0,1024.0,8.0,64715.0,0.0,1.0,LED,No,DDR4,nvidia,low,Lenovo,Windows,intel,mid,low
1777,1.35,243.0,2.0,3200.0,90.0,0.0,512.0,0.0,16.0,69990.0,1.0,0.0,OLED,No,LPDDR4X,amd,low,Asus,Windows,amd,mid,low
1778,1.6,157.0,1.6,2400.0,120.0,2.0,512.0,0.0,8.0,59990.0,0.0,1.0,LED,No,DDR4,nvidia,low,HP,Windows,intel,mid,low
1779,2.2,141.0,2.2,2400.0,120.0,0.0,16.0,1024.0,4.0,41990.0,0.0,1.0,LED,No,DDR4,intel,low,Dell,Windows,intel,low,low
1780,2.2,141.0,2.5,2933.0,120.0,4.0,256.0,1024.0,8.0,63990.0,0.0,1.0,LED,No,DDR4,nvidia,low,Lenovo,Windows,intel,mid,high
1781,1.8,141.0,1.2,3200.0,120.0,0.0,0.0,1024.0,8.0,40490.0,1.0,1.0,LED,No,DDR4,intel,low,Dell,Windows,intel,low,low
1782,1.86,141.0,3.3,3200.0,144.0,0.0,512.0,0.0,8.0,59990.0,1.0,0.0,LED,No,DDR4,intel,mid,MSI,Windows,intel,mid,high
1783,1.5,157.0,2.4,3200.0,60.0,0.0,512.0,0.0,8.0,72547.0,0.0,0.0,LED,Yes,DDR4,intel,mid,Dell,Windows,intel,mid,low
1784,1.2,157.0,4.2,3200.0,120.0,0.0,512.0,0.0,16.0,65999.0,1.0,1.0,LED,No,LPDDR4X,intel,mid,Acer,Windows,intel,mid,low
1785,1.8,141.0,1.8,2133.0,120.0,4.0,0.0,2048.0,8.0,68990.0,0.0,1.0,LED,No,DDR4,amd,low,Dell,Windows,intel,high,low
1786,2.3,141.0,2.2,2133.0,120.0,4.0,128.0,1024.0,8.0,76990.0,0.0,1.0,LED,No,DDR4,nvidia,low,Lenovo,Windows,intel,high,high
1787,0.69,218.0,1.4,1600.0,120.0,0.0,64.0,0.0,4.0,50000.0,0.0,1.0,LED,Yes,DDR3,intel,low,Lenovo,Windows,intel,low,low
1788,1.0,157.0,3.0,3200.0,120.0,0.0,512.0,0.0,4.0,54890.0,0.0,1.0,LED,Yes,DDR4,intel,low,Dell,Windows,intel,low,low
1789,1.37,201.0,1.7,3200.0,120.0,0.0,0.0,0.0,8.0,105000.0,1.0,1.0,LED,Yes,DDR4,intel,low,Acer,Google Chrome,intel,mid,low
1790,1.68,157.0,1.6,2400.0,120.0,0.0,64.0,0.0,8.0,51990.0,0.0,1.0,LED,Yes,DDR4,intel,low,HP,Google Chrome,intel,mid,low
1791,2.6,141.0,2.8,2400.0,120.0,4.0,128.0,2048.0,8.0,74990.0,0.0,1.0,LED,No,DDR4,amd,low,Dell,Windows,intel,high,low
1792,2.7,141.0,2.8,2400.0,120.0,4.0,128.0,0.0,8.0,80118.0,0.0,1.0,LED,No,DDR4,nvidia,low,Acer,Windows,intel,high,high
1793,1.65,141.0,2.4,3200.0,120.0,0.0,512.0,0.0,8.0,25999.0,1.0,1.0,LED,No,LPDDR5,amd,low,Lenovo,DOS,amd,low,low
1794,2.2,100.0,2.0,2133.0,120.0,0.0,0.0,2048.0,4.0,37498.0,0.0,1.0,LED,No,DDR4,intel,low,Lenovo,Windows,intel,low,low
1795,2.1,100.0,2.6,3200.0,120.0,0.0,0.0,1024.0,4.0,17990.0,1.0,1.0,LED,No,DDR4,amd,low,Lenovo,DOS,amd,low,low
1796,1.25,216.0,2.3,3200.0,120.0,0.0,256.0,0.0,4.0,41990.0,1.0,1.0,LED,Yes,DDR3,intel,low,Acer,Windows,intel,mid,low
1797,1.59,157.0,2.4,3200.0,120.0,0.0,512.0,0.0,8.0,55000.0,1.0,1.0,LED,No,DDR4,intel,low,Dell,Windows,intel,mid,low
1798,2.3,141.0,2.2,2666.0,120.0,6.0,128.0,1024.0,8.0,111990.0,0.0,1.0,LED,No,DDR4,nvidia,mid,Asus,Windows,intel,high,high
1799,2.3,141.0,4.5,5600.0,144.0,4.0,512.0,0.0,16.0,61988.0,0.0,0.0,LED,No,DDR5,nvidia,mid,Asus,Windows,amd,mid,high
1800,2.3,141.0,3.1,5600.0,144.0,4.0,512.0,0.0,16.0,60990.0,0.0,0.0,LED,No,DDR5,nvidia,low,Asus,Windows,amd,high,high
1801,2.6,141.0,2.3,2666.0,120.0,4.0,256.0,1024.0,8.0,85990.0,0.0,1.0,LED,No,DDR4,nvidia,low,Asus,Windows,intel,mid,high
1802,1.6,157.0,2.4,3200.0,120.0,0.0,256.0,1024.0,8.0,45990.0,1.0,1.0,LED,No,DDR4,intel,mid,Asus,Windows,intel,mid,low
1803,1.38,157.0,3.8,3200.0,60.0,0.0,512.0,0.0,8.0,34990.0,0.0,0.0,LED,No,DDR4,intel,low,Asus,Windows,intel,low,low
1804,1.9,141.0,1.2,3200.0,120.0,0.0,256.0,1024.0,4.0,36990.0,0.0,1.0,LED,No,DDR4,intel,low,Asus,Windows,intel,low,low
1805,1.78,142.0,4.4,3200.0,120.0,0.0,256.0,0.0,8.0,23990.0,1.0,1.0,IPS LCD,No,LPDDR4X,intel,low,Other,Windows,intel,low,low
1806,1.58,141.0,4.2,3200.0,120.0,0.0,512.0,0.0,16.0,56990.0,1.0,1.0,LED,No,LPDDR4X,intel,mid,Other,Windows,intel,mid,low
1807,1.78,142.0,4.5,5200.0,120.0,0.0,512.0,0.0,16.0,32990.0,0.0,1.0,LED,No,LPDDR4X,intel,mid,Other,Windows,intel,low,low
1808,1.24,157.0,2.8,3200.0,60.0,0.0,256.0,0.0,8.0,29750.0,1.0,0.0,LED,No,LPDDR4X,intel,low,Other,Windows,intel,low,low
1809,1.58,141.0,4.7,3200.0,120.0,0.0,512.0,0.0,8.0,45477.0,1.0,1.0,LED,No,LPDDR4X,intel,mid,Other,Windows,intel,mid,low
1810,1.6,157.0,1.2,2666.0,120.0,0.0,256.0,0.0,8.0,40990.0,0.0,1.0,LED,No,DDR4,intel,low,Lenovo,Windows,intel,low,low
1811,1.3,112.0,2.8,2400.0,120.0,0.0,512.0,0.0,8.0,24980.0,0.0,1.0,LED,No,DDR4,intel,low,Lenovo,Windows,intel,low,low
1812,1.59,141.0,4.4,3200.0,120.0,0.0,512.0,0.0,8.0,46490.0,0.0,1.0,LED,No,DDR4,intel,mid,HP,Windows,intel,mid,low
1813,1.69,141.0,4.2,3200.0,120.0,0.0,512.0,0.0,8.0,44999.0,0.0,1.0,LED,No,DDR4,intel,mid,HP,Windows,intel,mid,low
1814,1.62,141.0,4.2,2666.0,120.0,0.0,512.0,0.0,8.0,33990.0,0.0,0.0,LED,No,DDR4,intel,low,Dell,Windows,intel,low,low
1815,1.48,162.0,4.5,7467.0,120.0,0.0,512.0,0.0,16.0,69990.0,0.0,1.0,LED,No,LPDDR5X,intel,mid,Lenovo,Windows,intel,mid,high
1816,1.86,141.0,3.3,3200.0,144.0,4.0,512.0,0.0,16.0,41999.0,1.0,0.0,LED,No,DDR4,intel,mid,MSI,Windows,intel,mid,high
1817,1.86,141.0,3.1,3200.0,144.0,6.0,512.0,0.0,16.0,74999.0,1.0,0.0,LED,No,DDR4,nvidia,mid,MSI,Windows,intel,high,high
1818,1.5,157.0,3.3,3200.0,120.0,0.0,256.0,0.0,4.0,17990.0,1.0,1.0,LED,No,DDR4,intel,low,Asus,Windows,intel,low,low
1819,1.8,141.0,1.3,3200.0,120.0,0.0,512.0,0.0,16.0,57990.0,1.0,1.0,LED,No,DDR4,intel,low,Asus,Windows,intel,high,low
1820,2.3,141.0,4.6,3200.0,144.0,4.0,1024.0,0.0,16.0,71900.0,0.0,0.0,LED,No,DDR4,nvidia,mid,Asus,Windows,intel,high,high
1821,1.7,141.0,2.8,3200.0,120.0,0.0,1024.0,0.0,16.0,51990.0,1.0,1.0,TFT LCD,No,LPDDR5,intel,low,Acer,Windows,intel,mid,high
1822,1.69,141.0,4.4,3200.0,120.0,0.0,512.0,0.0,16.0,49300.0,1.0,1.0,LED,No,DDR4,intel,mid,HP,Windows,intel,mid,low
1823,2.37,141.0,3.3,3200.0,144.0,4.0,512.0,0.0,8.0,75142.0,1.0,0.0,LED,No,DDR5,nvidia,low,HP,Windows,amd,mid,high
1825,2.37,141.0,4.2,3200.0,120.0,4.0,512.0,0.0,8.0,68000.0,1.0,1.0,LED,No,DDR5,nvidia,low,HP,Windows,amd,mid,high
1826,1.62,141.0,4.7,2666.0,120.0,0.0,512.0,0.0,8.0,36990.0,0.0,0.0,LED,No,DDR4,intel,low,Dell,Windows,intel,mid,low
1827,1.7,141.0,4.7,3200.0,60.0,0.0,512.0,0.0,16.0,64990.0,0.0,0.0,LED,No,DDR4,intel,low,Asus,Windows,intel,high,high
1828,1.89,142.0,5.0,4800.0,120.0,0.0,1024.0,0.0,16.0,79999.0,0.0,0.0,LED,No,LPDDR5,intel,mid,Lenovo,Windows,intel,high,high
1829,2.3,141.0,4.2,3200.0,144.0,4.0,512.0,0.0,16.0,75990.0,1.0,0.0,LED,No,DDR4,nvidia,mid,Asus,Windows,amd,high,high
1830,1.86,141.0,4.7,3200.0,144.0,6.0,1024.0,0.0,16.0,90990.0,1.0,0.0,LED,No,DDR4,nvidia,mid,MSI,Windows,intel,high,high
1831,1.88,142.0,2.0,3200.0,60.0,0.0,512.0,0.0,16.0,44999.0,1.0,0.0,LED,No,DDR4,amd,low,Asus,Windows,amd,mid,low
1832,1.5,157.0,1.3,3200.0,120.0,0.0,512.0,0.0,8.0,56990.0,1.0,1.0,LED,No,DDR4,intel,low,Asus,Windows,intel,mid,low
1833,1.86,141.0,4.2,3200.0,60.0,4.0,512.0,0.0,16.0,46999.0,1.0,0.0,LED,No,DDR4,nvidia,low,MSI,Windows,intel,mid,high
1834,1.8,141.0,3.1,3200.0,144.0,4.0,512.0,0.0,16.0,55990.0,1.0,0.0,LED,No,DDR4,nvidia,low,Asus,Windows,amd,high,high
1835,1.0,135.0,2.0,3200.0,120.0,0.0,0.0,0.0,4.0,16499.0,1.0,1.0,LED,No,LPDDR4,mediatek,low,Other,Other,mediatek,low,low
1836,2.32,141.0,4.4,3200.0,120.0,4.0,512.0,0.0,16.0,113290.0,0.0,0.0,LED,No,DDR4,nvidia,mid,Lenovo,Windows,intel,mid,high
1837,1.3,157.0,1.1,2400.0,120.0,0.0,512.0,0.0,8.0,25450.0,0.0,1.0,LED,No,DDR4,intel,low,Lenovo,Windows,intel,low,low
1839,1.85,141.0,2.3,3200.0,120.0,0.0,0.0,1024.0,4.0,26812.0,1.0,1.0,LED,No,DDR4,amd,low,Lenovo,Windows,amd,low,low
1840,1.9,147.0,2.2,3200.0,120.0,0.0,0.0,1024.0,4.0,30990.0,1.0,1.0,LED,No,DDR4,intel,low,Asus,Windows,intel,low,low
1841,2.3,141.0,4.5,3200.0,144.0,4.0,512.0,0.0,8.0,52500.0,0.0,0.0,LED,No,DDR4,nvidia,low,Asus,Windows,intel,mid,high
1842,1.65,141.0,3.0,3200.0,120.0,0.0,512.0,0.0,8.0,30680.0,0.0,0.0,LED,No,DDR4,intel,low,Dell,Windows,intel,low,low
1843,1.52,100.0,2.8,3200.0,120.0,0.0,512.0,0.0,8.0,25799.0,0.0,1.0,LED,No,DDR4,amd,low,HP,DOS,amd,low,low
1844,1.58,141.0,2.4,3200.0,120.0,0.0,512.0,0.0,8.0,31990.0,1.0,1.0,LED,No,LPDDR5,amd,low,Lenovo,Windows,amd,low,low
1845,1.63,141.0,3.3,3200.0,120.0,0.0,512.0,0.0,8.0,35990.0,0.0,1.0,LED,No,DDR4,intel,low,Lenovo,Windows,intel,low,low
1847,1.8,141.0,2.4,3200.0,120.0,0.0,512.0,0.0,8.0,53990.0,1.0,1.0,LED,Yes,DDR4,intel,mid,Asus,Windows,intel,mid,low
1848,1.5,157.0,3.3,3200.0,120.0,0.0,512.0,0.0,8.0,35990.0,1.0,1.0,LED,Yes,DDR4,intel,low,Asus,Windows,intel,low,mid
1849,2.6,127.0,2.3,3200.0,120.0,4.0,512.0,0.0,16.0,94990.0,1.0,1.0,LED,No,DDR4,nvidia,mid,Asus,Windows,intel,high,high
1850,1.4,157.0,1.0,3200.0,120.0,0.0,1024.0,0.0,8.0,58990.0,1.0,1.0,LED,No,DDR4,intel,low,Asus,Windows,intel,mid,low
1851,2.3,141.0,2.7,3200.0,120.0,2.0,0.0,1024.0,4.0,53990.0,1.0,1.0,LED,No,DDR4,nvidia,low,MSI,DOS,intel,high,low
1852,1.43,157.0,3.3,3200.0,120.0,0.0,512.0,0.0,16.0,35865.0,0.0,1.0,LED,No,DDR4,intel,low,Lenovo,Windows,intel,low,low
1853,1.68,141.0,2.1,2400.0,120.0,0.0,256.0,1024.0,8.0,42999.0,0.0,1.0,LED,No,DDR4,amd,low,Asus,Windows,amd,mid,low
1854,2.29,141.0,4.2,3200.0,144.0,4.0,512.0,0.0,16.0,66999.0,0.0,0.0,LED,No,DDR4,nvidia,mid,HP,Windows,intel,mid,high
1855,0.78,267.0,2.4,3200.0,120.0,0.0,256.0,0.0,8.0,99990.0,1.0,1.0,LCD,Yes,DDR3,intel,low,Other,Windows,intel,mid,low
1856,2.6,127.0,2.8,3200.0,120.0,6.0,1024.0,0.0,16.0,202639.0,0.0,0.0,LED,No,DDR4,nvidia,mid,Asus,Windows,amd,high,high
1857,0.78,267.0,2.2,3200.0,120.0,0.0,256.0,0.0,8.0,116999.0,1.0,1.0,LCD,Yes,DDR3,intel,low,Other,Windows,intel,high,low
1858,1.86,141.0,4.2,3200.0,144.0,4.0,512.0,0.0,16.0,76990.0,1.0,0.0,LED,No,DDR4,nvidia,mid,MSI,Windows,intel,mid,high
1859,0.78,267.0,2.2,1600.0,120.0,0.0,128.0,0.0,4.0,77399.0,0.0,1.0,LED,Yes,DDR3,intel,low,Other,Windows,intel,low,low
1860,2.0,100.0,2.0,2400.0,120.0,2.0,0.0,1024.0,4.0,32639.0,0.0,1.0,LED,No,DDR4,nvidia,low,Asus,Other,intel,low,low
1861,1.59,141.0,4.5,3200.0,120.0,0.0,512.0,0.0,8.0,30990.0,1.0,1.0,LED,No,DDR4,intel,low,HP,Windows,intel,low,low
1862,1.47,157.0,1.1,3200.0,120.0,0.0,0.0,0.0,4.0,18999.0,1.0,1.0,LED,No,LPDDR4X,intel,low,Asus,Google Chrome,intel,low,low
1863,1.77,142.0,4.3,6400.0,120.0,0.0,512.0,0.0,16.0,64990.0,0.0,1.0,LED,No,LPDDR5,intel,low,HP,Windows,intel,mid,low
1864,1.4,157.0,1.3,3200.0,60.0,0.0,512.0,0.0,16.0,40290.0,0.0,0.0,LED,No,DDR5,intel,mid,MSI,Windows,intel,mid,low
1865,1.6,141.0,5.0,3200.0,120.0,0.0,512.0,0.0,16.0,73990.0,1.0,1.0,LED,No,DDR4,intel,low,HP,Windows,intel,high,mid
1866,1.8,141.0,3.3,3200.0,144.0,4.0,512.0,0.0,16.0,65990.0,1.0,0.0,LED,No,DDR4,nvidia,mid,Asus,Windows,amd,mid,high
1867,1.86,141.0,3.3,4800.0,144.0,4.0,512.0,0.0,8.0,51990.0,0.0,0.0,LED,No,DDR5,nvidia,low,MSI,Windows,amd,mid,high
1868,1.74,141.0,5.0,3200.0,60.0,0.0,1024.0,0.0,16.0,88990.0,0.0,0.0,LED,No,DDR4,intel,mid,HP,Windows,intel,high,mid
1869,2.4,141.0,4.5,2666.0,120.0,4.0,1024.0,0.0,16.0,92990.0,0.0,0.0,LED,No,DDR4,nvidia,low,Asus,Windows,intel,high,high
1870,1.69,141.0,4.2,3200.0,120.0,0.0,512.0,0.0,8.0,46999.0,0.0,1.0,LED,No,DDR4,intel,mid,HP,Windows,intel,mid,low
1871,2.6,127.0,2.7,3200.0,120.0,4.0,512.0,0.0,8.0,71990.0,1.0,1.0,LED,No,DDR4,nvidia,mid,Asus,Windows,intel,mid,high
1872,1.83,221.0,2.6,2133.0,120.0,2.0,256.0,0.0,16.0,205900.0,0.0,1.0,LED,No,LPDDR3,amd,mid,Apple,macOS,intel,high,high
1873,1.8,141.0,1.0,3200.0,120.0,0.0,256.0,0.0,8.0,46990.0,1.0,1.0,LED,No,DDR4,intel,low,Asus,Windows,intel,mid,low
1874,1.8,141.0,2.1,3200.0,120.0,0.0,256.0,1024.0,8.0,62990.0,1.0,1.0,OLED,No,DDR4,amd,low,Asus,Windows,amd,mid,low
1875,1.8,141.0,2.4,3200.0,120.0,0.0,512.0,0.0,16.0,62990.0,0.0,1.0,OLED,No,DDR4,intel,mid,Asus,Windows,intel,mid,low
1876,1.7,141.0,2.0,2400.0,60.0,0.0,512.0,0.0,8.0,44434.0,0.0,0.0,LED,No,DDR4,amd,low,Asus,Windows,amd,mid,low
1877,1.8,141.0,2.0,3200.0,120.0,4.0,512.0,0.0,16.0,89990.0,1.0,1.0,OLED,No,LPDDR5,nvidia,mid,Asus,Windows,intel,mid,high
1878,1.62,141.0,4.6,2666.0,120.0,0.0,512.0,0.0,8.0,49890.0,0.0,0.0,LED,No,DDR4,intel,low,Dell,Windows,intel,mid,low
1879,1.8,141.0,2.0,3200.0,120.0,4.0,512.0,0.0,16.0,84785.0,1.0,1.0,OLED,No,LPDDR5,nvidia,mid,Asus,Windows,intel,mid,high
1880,1.8,142.0,4.6,3200.0,144.0,4.0,512.0,0.0,16.0,69990.0,1.0,0.0,IPS LCD,No,DDR4,nvidia,mid,Asus,Windows,intel,mid,high
1881,1.3,157.0,1.1,3200.0,60.0,0.0,256.0,0.0,8.0,23590.0,1.0,0.0,LED,No,DDR4,intel,low,Asus,Windows,intel,low,low
1882,1.8,142.0,4.5,3200.0,144.0,4.0,512.0,0.0,16.0,69990.0,1.0,0.0,IPS LCD,No,DDR4,nvidia,mid,Asus,Windows,intel,mid,high
1883,1.7,212.0,4.7,4800.0,120.0,0.0,512.0,0.0,16.0,75690.0,0.0,0.0,OLED,No,LPDDR5,intel,mid,Asus,Windows,intel,mid,high
1884,1.8,142.0,4.5,3200.0,144.0,6.0,512.0,0.0,16.0,84990.0,1.0,0.0,IPS LCD,No,DDR4,nvidia,mid,Asus,Windows,intel,mid,high
1885,1.8,142.0,4.5,3200.0,144.0,4.0,512.0,0.0,16.0,57990.0,1.0,0.0,IPS LCD,No,DDR4,nvidia,low,Asus,Windows,intel,mid,high
1886,1.7,147.0,3.0,3200.0,120.0,0.0,256.0,0.0,4.0,46544.0,1.0,1.0,LED,No,DDR4,intel,low,Lenovo,Windows,intel,low,low
1887,1.86,141.0,3.3,3200.0,144.0,4.0,512.0,0.0,16.0,71990.0,1.0,0.0,LED,No,DDR4,nvidia,low,MSI,Windows,intel,mid,high
1888,1.86,141.0,3.3,3200.0,144.0,4.0,512.0,0.0,8.0,65536.0,1.0,0.0,LED,No,DDR4,nvidia,low,MSI,Windows,intel,mid,high
1889,2.3,141.0,4.5,3200.0,144.0,4.0,512.0,0.0,8.0,63584.0,0.0,0.0,LED,No,DDR4,nvidia,mid,Asus,Windows,intel,mid,high
1890,1.5,243.0,3.0,3200.0,90.0,0.0,512.0,0.0,16.0,79990.0,1.0,0.0,OLED,No,DDR4,intel,mid,Asus,Windows,intel,high,high
1891,2.3,141.0,2.6,2933.0,144.0,4.0,1024.0,0.0,8.0,94990.0,0.0,0.0,LED,No,DDR4,nvidia,low,Asus,Windows,intel,high,high
1893,1.3,112.0,2.0,3200.0,120.0,0.0,0.0,0.0,8.0,125990.0,1.0,1.0,LED,No,LPDDR4X,mediatek,low,Lenovo,Google Chrome,mediatek,low,low
1894,2.4,141.0,4.9,3200.0,144.0,6.0,512.0,0.0,16.0,96390.0,1.0,0.0,LED,No,DDR5,nvidia,mid,Lenovo,Windows,intel,high,high
1895,1.7,141.0,4.8,2666.0,120.0,0.0,256.0,0.0,8.0,37689.0,0.0,1.0,LED,No,DDR4,intel,low,Lenovo,Windows,intel,low,low
1896,2.32,141.0,4.9,4800.0,144.0,8.0,512.0,0.0,24.0,107990.0,0.0,0.0,LED,No,DDR5,nvidia,mid,Lenovo,Windows,intel,high,high
1897,1.3,157.0,2.8,3200.0,60.0,0.0,512.0,0.0,8.0,48790.0,1.0,0.0,LED,No,DDR4,intel,low,MSI,Windows,intel,low,low
1898,1.4,157.0,4.5,3200.0,60.0,0.0,512.0,0.0,8.0,36990.0,1.0,0.0,LED,No,DDR4,intel,low,Asus,Windows,intel,low,low
1899,1.85,141.0,1.2,2666.0,120.0,0.0,256.0,0.0,4.0,31490.0,0.0,1.0,LED,No,DDR4,intel,low,Lenovo,Windows,intel,low,low
1900,1.8,141.0,5.0,3200.0,120.0,0.0,512.0,0.0,16.0,68390.0,1.0,1.0,LED,No,LPDDR5X,intel,mid,Other,Windows,intel,high,high
1901,1.4,157.0,4.5,3200.0,60.0,0.0,512.0,0.0,8.0,35140.0,1.0,0.0,LED,No,DDR4,intel,low,Asus,Windows,intel,low,low
1902,1.59,157.0,1.3,3200.0,120.0,0.0,512.0,0.0,8.0,67990.0,0.0,1.0,LED,No,DDR4,intel,low,Lenovo,Windows,intel,mid,low
1903,1.78,142.0,4.6,6400.0,120.0,0.0,512.0,0.0,16.0,38990.0,0.0,1.0,LED,No,LPDDR4X,intel,mid,Other,Windows,intel,mid,low
1905,1.85,141.0,1.2,2666.0,120.0,0.0,256.0,0.0,4.0,32990.0,0.0,1.0,LED,No,DDR4,intel,low,Lenovo,Windows,intel,low,low
1906,1.39,135.0,2.4,2133.0,120.0,0.0,0.0,1024.0,4.0,41348.0,0.0,1.0,LED,Yes,DDR4,intel,low,HP,Windows,intel,low,low
1908,2.2,141.0,4.7,3200.0,144.0,4.0,512.0,0.0,16.0,141990.0,1.0,0.0,LED,No,DDR5,nvidia,mid,Asus,Windows,amd,high,high
1909,1.8,141.0,5.0,3200.0,120.0,0.0,1024.0,0.0,32.0,73140.0,1.0,1.0,LED,No,LPDDR5X,intel,mid,Other,Windows,intel,high,high
1911,1.62,141.0,5.0,2666.0,120.0,0.0,512.0,0.0,16.0,67690.0,0.0,0.0,LED,No,DDR4,intel,mid,Dell,Windows,intel,high,low
1912,1.24,225.0,4.1,3200.0,120.0,0.0,256.0,0.0,8.0,95600.0,1.0,1.0,LED,No,DDR4,intel,low,Apple,macOS,apple,mid,mid
1913,1.51,224.0,4.1,3200.0,120.0,0.0,256.0,0.0,8.0,134900.0,1.0,1.0,LED,No,DDR4,intel,low,Apple,macOS,apple,mid,mid
1914,1.83,141.0,4.2,3200.0,120.0,0.0,512.0,0.0,8.0,39999.0,1.0,0.0,LED,No,DDR4,intel,low,Dell,Windows,intel,mid,low
1915,1.24,225.0,4.1,3200.0,120.0,0.0,512.0,0.0,8.0,114900.0,1.0,1.0,LED,No,DDR4,intel,low,Apple,macOS,apple,mid,mid
1916,1.51,224.0,4.1,3200.0,120.0,0.0,256.0,0.0,8.0,124900.0,1.0,1.0,LED,No,DDR4,intel,low,Apple,macOS,apple,mid,mid
1917,1.24,225.0,4.1,3200.0,120.0,0.0,512.0,0.0,8.0,125990.0,1.0,1.0,LED,No,DDR4,intel,low,Apple,macOS,apple,mid,mid
1918,1.51,224.0,4.1,3200.0,120.0,0.0,512.0,0.0,8.0,144900.0,1.0,1.0,LED,No,DDR4,intel,low,Apple,macOS,apple,mid,mid
1919,1.51,224.0,4.1,3200.0,120.0,0.0,512.0,0.0,8.0,139990.0,1.0,1.0,LED,No,DDR4,intel,low,Apple,macOS,apple,mid,mid
1920,1.24,225.0,4.1,3200.0,120.0,0.0,256.0,0.0,8.0,114900.0,1.0,1.0,LED,No,DDR4,intel,low,Apple,macOS,apple,mid,mid
1921,1.62,141.0,2.4,5600.0,120.0,0.0,512.0,0.0,8.0,33500.0,0.0,1.0,LED,No,LPDDR5,amd,low,Lenovo,Windows,amd,low,low
1923,1.24,225.0,4.1,3200.0,120.0,0.0,512.0,0.0,8.0,113900.0,1.0,1.0,LED,No,DDR4,intel,low,Apple,macOS,apple,mid,mid
1925,2.14,147.0,2.4,3200.0,120.0,4.0,256.0,1024.0,8.0,59990.0,1.0,0.0,LED,No,DDR4,nvidia,low,Asus,Windows,intel,mid,high
1926,1.8,141.0,2.5,3200.0,120.0,0.0,512.0,0.0,16.0,51800.0,1.0,1.0,IPS LCD,No,LPDDR5,intel,mid,Other,Windows,intel,mid,high
1927,1.86,141.0,3.3,3200.0,144.0,8.0,256.0,1024.0,16.0,95990.0,1.0,0.0,LED,No,DDR4,nvidia,mid,MSI,Windows,intel,mid,high
1928,2.3,141.0,4.4,3200.0,144.0,4.0,512.0,0.0,8.0,55990.0,1.0,0.0,LED,No,DDR4,nvidia,low,HP,Windows,intel,mid,high
1929,2.2,141.0,2.8,2400.0,120.0,4.0,0.0,1024.0,16.0,78990.0,0.0,1.0,LED,No,DDR4,nvidia,low,MSI,DOS,intel,high,high
1930,2.3,141.0,2.6,3200.0,144.0,4.0,256.0,1024.0,8.0,74490.0,1.0,0.0,LED,No,DDR4,nvidia,low,Acer,Windows,intel,high,high
1931,1.75,141.0,4.5,3200.0,120.0,0.0,512.0,0.0,8.0,38790.0,1.0,1.0,LED,No,DDR4,intel,low,HP,Windows,intel,low,low
1932,1.24,157.0,1.7,3200.0,120.0,0.0,512.0,0.0,16.0,42990.0,1.0,1.0,LED,No,LPDDR4X,intel,mid,Other,Windows,intel,high,low
1933,1.75,141.0,4.6,2666.0,120.0,0.0,1024.0,0.0,8.0,55490.0,0.0,1.0,LED,No,DDR4,intel,low,Dell,Windows,intel,mid,low
1934,1.46,112.0,1.1,2400.0,120.0,0.0,0.0,0.0,4.0,33990.0,0.0,1.0,LED,Yes,LPDDR4,intel,low,HP,Google Chrome,intel,low,low
1935,2.3,141.0,2.5,2933.0,60.0,4.0,512.0,0.0,8.0,63990.0,0.0,0.0,LED,No,DDR4,nvidia,low,Asus,Windows,intel,mid,high
1936,1.6,157.0,2.8,3200.0,120.0,0.0,256.0,0.0,4.0,31999.0,1.0,1.0,LED,No,DDR4,intel,low,Asus,Windows,intel,low,low
1937,1.5,157.0,4.2,3200.0,120.0,0.0,512.0,0.0,8.0,47990.0,1.0,1.0,LED,No,DDR4,intel,mid,Asus,Windows,intel,low,mid
1938,1.48,155.0,2.8,3200.0,120.0,0.0,512.0,0.0,16.0,44640.0,1.0,1.0,LED,No,LPDDR3,intel,low,Other,Windows,intel,high,low
1939,2.14,141.0,2.6,3200.0,120.0,4.0,512.0,0.0,16.0,78990.0,1.0,0.0,LED,No,DDR4,nvidia,low,Asus,Windows,intel,high,high
1940,1.86,141.0,2.7,3200.0,144.0,4.0,256.0,1024.0,16.0,63808.0,1.0,0.0,LED,No,DDR4,nvidia,mid,MSI,Windows,intel,mid,high
1941,2.3,141.0,4.7,3200.0,144.0,4.0,1024.0,0.0,16.0,89490.0,0.0,0.0,LED,No,DDR4,nvidia,mid,MSI,Windows,intel,mid,high
1942,1.0,141.0,2.8,3200.0,60.0,0.0,512.0,0.0,16.0,40870.0,1.0,0.0,LED,No,LPDDR5,amd,low,Asus,Windows,amd,mid,low
1943,2.4,189.0,3.3,3200.0,165.0,6.0,1024.0,0.0,16.0,104990.0,0.0,0.0,LED,No,DDR4,nvidia,mid,Lenovo,Windows,amd,high,high
1944,2.04,100.0,2.5,2133.0,120.0,4.0,0.0,2048.0,16.0,72143.0,0.0,1.0,LED,No,DDR4,nvidia,low,HP,Windows,intel,mid,low
1945,1.4,157.0,1.8,2400.0,120.0,2.0,256.0,1024.0,16.0,89990.0,0.0,1.0,LED,No,DDR4,nvidia,low,Asus,Windows,intel,high,low
1946,1.5,157.0,1.7,3200.0,60.0,0.0,512.0,0.0,8.0,58990.0,0.0,0.0,LED,Yes,DDR4,intel,low,Lenovo,Windows,intel,low,low
1947,1.41,157.0,4.7,3200.0,60.0,0.0,512.0,0.0,16.0,59985.0,0.0,0.0,LED,Yes,DDR4,intel,mid,HP,Windows,intel,mid,low
1948,1.74,100.0,2.6,2400.0,120.0,0.0,512.0,0.0,8.0,27990.0,0.0,1.0,LED,No,DDR4,amd,low,HP,DOS,amd,low,low
1949,1.86,141.0,4.7,3200.0,144.0,8.0,512.0,0.0,16.0,88340.0,1.0,0.0,LED,No,DDR4,nvidia,mid,MSI,Windows,intel,high,high
1950,1.86,141.0,2.7,3200.0,60.0,4.0,256.0,1024.0,8.0,53437.0,1.0,0.0,LED,No,DDR4,nvidia,low,MSI,Windows,intel,mid,high
1951,2.1,141.0,4.7,3200.0,144.0,4.0,512.0,0.0,16.0,104990.0,0.0,0.0,LED,No,DDR4,nvidia,mid,Asus,Windows,amd,high,high
1952,1.89,142.0,4.5,3200.0,60.0,0.0,1024.0,0.0,16.0,71990.0,1.0,0.0,LED,No,LPDDR5X,intel,mid,Lenovo,Windows,intel,mid,high
1953,1.4,157.0,3.4,3200.0,60.0,0.0,512.0,0.0,16.0,47990.0,1.0,0.0,LED,No,DDR4,intel,mid,MSI,Windows,intel,high,low
1954,1.75,142.0,5.0,3200.0,144.0,8.0,1024.0,0.0,16.0,107990.0,1.0,0.0,IPS LCD,No,DDR5,nvidia,mid,MSI,Windows,intel,high,high
1955,1.53,162.0,4.6,4800.0,120.0,0.0,512.0,0.0,16.0,66390.0,0.0,1.0,LED,No,LPDDR5,intel,mid,Dell,Windows,intel,mid,low
1956,1.7,141.0,4.7,3200.0,120.0,0.0,512.0,0.0,16.0,75999.0,1.0,0.0,OLED,No,LPDDR5,intel,mid,Asus,Windows,intel,mid,high
1957,1.19,157.0,1.0,3200.0,120.0,2.0,512.0,0.0,8.0,64989.0,1.0,1.0,LED,No,LPDDR4,nvidia,low,Acer,Windows,intel,mid,low
1958,2.25,141.0,4.7,3200.0,144.0,4.0,512.0,0.0,16.0,75990.0,0.0,0.0,LED,No,DDR4,nvidia,mid,MSI,Windows,intel,mid,high
1959,1.7,210.0,3.1,3200.0,120.0,6.0,1024.0,0.0,16.0,99990.0,0.0,0.0,LED,No,DDR4,nvidia,mid,Asus,Windows,amd,high,high
1960,1.0,157.0,2.8,3200.0,120.0,0.0,0.0,0.0,8.0,22400.0,1.0,1.0,LED,No,LPDDR4X,intel,low,Acer,Google Chrome,intel,low,low
1961,1.58,141.0,2.8,2933.0,120.0,0.0,0.0,0.0,8.0,25190.0,0.0,1.0,LED,No,LPDDR4X,intel,low,Lenovo,Google Chrome,intel,low,low
1962,1.26,135.0,1.1,2400.0,120.0,0.0,16.0,0.0,4.0,23989.0,0.0,1.0,LED,No,DDR4,intel,low,Acer,Google Chrome,intel,low,low
1963,1.5,157.0,3.3,3200.0,120.0,0.0,512.0,0.0,16.0,66990.0,1.0,1.0,LED,Yes,DDR4,intel,mid,Asus,Windows,intel,mid,mid
1964,2.29,141.0,4.7,3200.0,144.0,4.0,1024.0,0.0,16.0,75990.0,1.0,0.0,LED,No,DDR4,nvidia,mid,HP,Windows,intel,high,high
1965,2.38,141.0,3.1,4800.0,144.0,4.0,512.0,0.0,8.0,55190.0,0.0,0.0,LED,No,DDR5,intel,mid,Lenovo,Windows,intel,mid,high
1966,1.0,216.0,3.4,3200.0,120.0,0.0,128.0,0.0,8.0,55990.0,1.0,1.0,LED,Yes,LPDDR3,intel,low,Other,Windows,intel,low,low
1967,1.88,142.0,4.5,3200.0,60.0,0.0,512.0,0.0,16.0,53590.0,1.0,0.0,LED,No,DDR4,intel,mid,Asus,Windows,intel,mid,high
1968,1.41,162.0,4.5,3200.0,120.0,0.0,512.0,0.0,8.0,43990.0,0.0,1.0,LED,No,DDR4,amd,low,Lenovo,Windows,amd,mid,low
1969,1.7,141.0,1.3,3200.0,120.0,0.0,512.0,0.0,16.0,44990.0,0.0,1.0,LED,No,DDR4,intel,low,Lenovo,Windows,intel,mid,low
1970,2.25,141.0,4.7,3200.0,144.0,6.0,1024.0,0.0,32.0,114990.0,1.0,0.0,LED,No,DDR5,nvidia,mid,MSI,Windows,intel,mid,high
1971,2.29,141.0,4.7,3200.0,144.0,4.0,512.0,0.0,16.0,71990.0,1.0,0.0,LED,No,DDR4,nvidia,mid,HP,Windows,intel,high,high
1972,1.15,170.0,4.7,6400.0,60.0,0.0,512.0,0.0,16.0,62190.0,0.0,0.0,LED,No,LPDDR5X,amd,mid,Lenovo,Windows,amd,high,high
1973,1.38,162.0,2.0,4800.0,120.0,0.0,1024.0,0.0,16.0,64490.0,0.0,1.0,LED,No,LPDDR5,intel,low,Lenovo,Windows,intel,mid,high
1974,2.6,127.0,4.2,3200.0,144.0,4.0,512.0,0.0,8.0,81990.0,1.0,0.0,LED,No,DDR4,nvidia,mid,Asus,Windows,amd,high,high
1975,1.67,141.0,4.5,3200.0,120.0,0.0,512.0,0.0,8.0,36990.0,1.0,0.0,IPS LCD,No,DDR4,intel,low,Dell,Windows,intel,low,low
1976,1.7,212.0,4.7,4800.0,120.0,0.0,1024.0,0.0,16.0,81675.0,0.0,0.0,OLED,No,LPDDR5,intel,mid,Asus,Windows,intel,mid,high
1977,2.1,141.0,4.7,3200.0,144.0,6.0,512.0,0.0,16.0,79990.0,1.0,0.0,TFT LCD,No,DDR5,nvidia,mid,Acer,Windows,amd,high,high
1978,2.29,141.0,4.6,3200.0,144.0,4.0,512.0,0.0,16.0,63990.0,0.0,0.0,LED,No,DDR4,nvidia,low,HP,Windows,intel,mid,high
1979,1.7,212.0,4.4,3200.0,120.0,0.0,1024.0,0.0,16.0,91990.0,1.0,0.0,OLED,No,LPDDR5,intel,mid,Asus,Windows,intel,high,high
1980,2.2,141.0,4.5,3200.0,144.0,8.0,512.0,0.0,16.0,94990.0,1.0,0.0,IPS LCD,No,DDR5,nvidia,mid,Asus,Windows,amd,high,high
1981,1.51,157.0,4.6,3200.0,120.0,0.0,1024.0,0.0,16.0,83990.0,0.0,1.0,LED,Yes,DDR4,intel,mid,HP,Windows,intel,mid,low
1982,1.85,147.0,1.2,3200.0,120.0,0.0,0.0,1024.0,4.0,36000.0,1.0,1.0,LED,No,DDR4,intel,low,Lenovo,DOS,intel,low,low
1983,2.25,141.0,4.2,3200.0,120.0,4.0,512.0,0.0,8.0,63645.0,0.0,0.0,LED,No,DDR4,nvidia,mid,Lenovo,Windows,amd,high,high
1984,1.53,162.0,4.6,4800.0,120.0,0.0,1024.0,0.0,8.0,59740.0,0.0,1.0,LED,No,LPDDR5,intel,mid,Dell,Windows,intel,mid,low
1985,1.51,157.0,4.6,3200.0,60.0,0.0,1024.0,0.0,16.0,78990.0,0.0,0.0,LED,Yes,DDR4,intel,mid,HP,Windows,intel,mid,low
1986,1.62,141.0,2.8,5500.0,120.0,0.0,512.0,0.0,8.0,39890.0,0.0,1.0,LED,No,LPDDR5,amd,low,Lenovo,Windows,amd,mid,low
1987,2.4,141.0,3.4,3200.0,144.0,8.0,512.0,0.0,16.0,97190.0,1.0,0.0,LED,No,DDR5,nvidia,mid,Lenovo,Windows,amd,high,high
1988,2.2,100.0,2.5,2400.0,120.0,2.0,0.0,1024.0,4.0,44990.0,0.0,1.0,LED,No,DDR4,nvidia,low,MSI,DOS,intel,mid,low
1989,2.25,141.0,4.7,3200.0,120.0,4.0,512.0,0.0,16.0,85990.0,0.0,1.0,LED,No,DDR4,nvidia,mid,MSI,Windows,intel,mid,high
1990,1.8,141.0,3.4,3200.0,120.0,0.0,512.0,0.0,16.0,76888.0,1.0,1.0,LED,No,LPDDR5,intel,mid,Other,Windows,intel,high,high
1991,2.6,141.0,2.7,2400.0,120.0,4.0,64.0,1024.0,8.0,71060.0,0.0,1.0,LED,No,DDR4,amd,low,Dell,Windows,intel,high,low
1992,1.41,157.0,4.2,3200.0,120.0,0.0,512.0,0.0,16.0,78300.0,0.0,1.0,LED,No,DDR4,intel,mid,HP,Windows,intel,mid,low
1993,2.29,141.0,4.4,3200.0,144.0,4.0,512.0,0.0,16.0,66990.0,1.0,0.0,LED,No,DDR4,nvidia,mid,HP,Windows,intel,mid,high
1994,1.75,141.0,2.8,2400.0,120.0,4.0,128.0,1024.0,16.0,109990.0,0.0,1.0,LED,No,DDR4,nvidia,low,HP,Windows,intel,high,high
1995,2.0,221.0,2.2,1600.0,120.0,0.0,256.0,0.0,16.0,162900.0,0.0,1.0,LED,No,DDR3,intel,low,Apple,macOS,intel,high,high
1996,1.23,243.0,4.5,3200.0,120.0,0.0,512.0,0.0,16.0,131160.0,1.0,0.0,AMOLED,Yes,LPDDR5X,intel,mid,Samsung,Windows,intel,mid,high
1997,2.32,141.0,4.7,4800.0,120.0,6.0,512.0,0.0,16.0,75000.0,0.0,0.0,LED,No,DDR5,nvidia,mid,Lenovo,Windows,amd,high,high
1998,1.7,142.0,4.5,3200.0,120.0,0.0,512.0,0.0,16.0,48990.0,0.0,1.0,LED,No,DDR4,amd,low,Lenovo,Windows,amd,mid,low
1999,1.3,157.0,2.4,4800.0,120.0,0.0,512.0,0.0,8.0,54990.0,0.0,1.0,LED,No,DDR4,intel,mid,MSI,Windows,intel,mid,low
2000,1.6,157.0,1.0,2133.0,120.0,2.0,256.0,1024.0,8.0,63761.0,0.0,1.0,LED,No,DDR4,nvidia,low,HP,Windows,intel,mid,low
2001,2.5,141.0,2.8,3200.0,120.0,4.0,128.0,1024.0,8.0,87999.0,1.0,1.0,LED,No,DDR4,nvidia,low,Acer,Windows,intel,high,high
2002,2.4,100.0,1.8,1600.0,120.0,0.0,0.0,1024.0,4.0,17990.0,0.0,1.0,LED,No,DDR3,intel,low,Acer,Other,amd,low,low
2003,1.5,157.0,1.2,3200.0,120.0,0.0,512.0,0.0,8.0,66000.0,0.0,1.0,LED,Yes,DDR4,intel,low,Lenovo,Windows,intel,low,low
2004,2.0,141.0,2.6,3200.0,120.0,0.0,256.0,0.0,4.0,32200.0,1.0,1.0,LED,No,DDR4,amd,low,Asus,Windows,amd,low,low
2005,1.55,141.0,1.6,2133.0,120.0,2.0,512.0,0.0,8.0,56990.0,0.0,1.0,LED,No,DDR4,nvidia,low,Lenovo,Windows,intel,mid,low
2006,1.79,141.0,1.1,3200.0,120.0,0.0,512.0,0.0,8.0,51990.0,1.0,1.0,LED,No,DDR4,intel,low,Lenovo,Windows,intel,mid,low
2007,1.7,141.0,1.6,2800.0,120.0,2.0,16.0,1024.0,4.0,46990.0,0.0,1.0,LED,No,DDR4,nvidia,low,Asus,Windows,intel,mid,low
2008,2.3,141.0,2.6,2933.0,120.0,6.0,512.0,0.0,16.0,103794.0,0.0,1.0,LED,No,DDR4,nvidia,mid,Dell,Windows,intel,high,high
2009,1.8,141.0,4.2,3200.0,144.0,4.0,512.0,0.0,16.0,59990.0,1.0,0.0,LED,No,DDR4,nvidia,mid,Asus,Windows,amd,mid,high
2010,1.67,157.0,2.1,2666.0,120.0,0.0,256.0,1024.0,4.0,67990.0,0.0,1.0,LED,Yes,DDR4,intel,low,Dell,Windows,intel,low,low
2012,2.6,127.0,4.7,3200.0,120.0,4.0,512.0,0.0,16.0,67990.0,1.0,1.0,LED,No,DDR5,nvidia,mid,Asus,Windows,intel,mid,high
2014,2.19,141.0,3.0,3200.0,144.0,4.0,256.0,1024.0,8.0,64500.0,0.0,0.0,LED,No,DDR4,nvidia,low,HP,Windows,amd,mid,high
2015,1.85,100.0,2.6,2133.0,120.0,0.0,0.0,0.0,4.0,27190.0,0.0,1.0,LED,No,DDR4,amd,low,Lenovo,Windows,amd,low,low
2016,2.2,141.0,2.6,2400.0,120.0,0.0,0.0,1024.0,4.0,19790.0,0.0,1.0,LED,No,DDR4,amd,low,Acer,Windows,amd,low,low
2017,2.32,141.0,2.4,2666.0,120.0,4.0,256.0,1024.0,8.0,71990.0,0.0,1.0,LED,No,DDR4,nvidia,low,HP,Windows,intel,mid,high
2019,1.8,100.0,2.4,2400.0,120.0,0.0,0.0,1024.0,4.0,27195.0,0.0,1.0,LED,No,DDR4,amd,low,HP,Windows,amd,low,low
2020,1.9,141.0,2.3,2400.0,60.0,0.0,256.0,0.0,4.0,27990.0,0.0,0.0,LED,No,DDR4,intel,low,Asus,Windows,intel,low,low
2021,1.9,141.0,1.6,2666.0,120.0,2.0,512.0,1024.0,8.0,64900.0,0.0,1.0,LCD,No,DDR4,nvidia,low,Dell,Windows,intel,mid,low
2022,1.79,141.0,4.8,3200.0,120.0,0.0,512.0,0.0,16.0,231449.0,1.0,1.0,AMOLED,No,LPDDR4X,intel,mid,Samsung,Windows,intel,high,low
2023,1.5,157.0,1.2,3200.0,120.0,0.0,0.0,1024.0,4.0,33735.0,0.0,1.0,LED,No,DDR4,intel,low,Asus,Windows,intel,low,low
2024,2.5,100.0,1.3,3200.0,120.0,0.5,0.0,500.0,2.0,19690.0,1.0,1.0,LED,No,DDR3,amd,low,Lenovo,Windows,amd,low,low
2025,1.68,141.0,1.6,2133.0,120.0,0.0,0.0,1024.0,4.0,37590.0,0.0,1.0,LED,No,DDR4,intel,low,Asus,Windows,intel,mid,low
2026,1.65,141.0,2.8,3200.0,120.0,0.0,512.0,0.0,8.0,56499.0,0.0,1.0,LED,No,DDR4,intel,low,Lenovo,Windows,intel,mid,low
2027,1.6,156.0,3.0,3200.0,120.0,0.0,256.0,1024.0,8.0,32356.0,0.0,1.0,LED,No,DDR4,intel,low,Asus,Windows,intel,low,low
2028,1.8,141.0,1.0,3200.0,120.0,0.0,512.0,0.0,8.0,44990.0,1.0,1.0,LED,No,DDR4,intel,low,Asus,Windows,intel,mid,low
2029,0.78,267.0,2.6,1866.0,120.0,0.0,256.0,0.0,8.0,90000.0,0.0,1.0,LED,Yes,LPDDR3,intel,low,Other,Windows,intel,mid,low
2030,1.68,141.0,1.6,2133.0,120.0,0.0,0.0,1024.0,8.0,38990.0,0.0,1.0,LED,No,DDR4,intel,low,Asus,Windows,intel,mid,low
2031,1.86,100.0,2.3,2133.0,120.0,0.0,0.0,1024.0,4.0,27936.0,0.0,1.0,LED,No,DDR4,intel,low,HP,Windows,intel,low,low
2032,2.4,141.0,2.4,2666.0,120.0,4.0,512.0,0.0,8.0,64990.0,0.0,1.0,LED,No,DDR4,nvidia,low,Asus,Windows,intel,mid,high
2033,1.95,141.0,1.8,2400.0,120.0,4.0,512.0,1024.0,8.0,84190.0,0.0,1.0,LED,No,DDR4,nvidia,low,Dell,Windows,intel,high,low
2034,2.19,141.0,2.6,2400.0,120.0,4.0,256.0,1024.0,8.0,74990.0,0.0,1.0,LED,No,DDR4,nvidia,low,Lenovo,Windows,intel,high,high
2035,2.3,141.0,2.4,2666.0,120.0,4.0,256.0,1024.0,8.0,73999.0,0.0,1.0,LED,No,DDR4,nvidia,low,Lenovo,Windows,intel,mid,high
2036,1.32,166.0,2.0,3200.0,120.0,0.0,512.0,0.0,16.0,73799.0,1.0,1.0,LED,Yes,DDR4,amd,low,Lenovo,Windows,amd,high,low
2037,1.7,141.0,1.6,2800.0,120.0,2.0,16.0,1024.0,4.0,46990.0,0.0,1.0,LED,No,DDR4,nvidia,low,Asus,Windows,intel,mid,low
2038,1.65,141.0,2.4,3200.0,120.0,0.0,512.0,0.0,8.0,50000.0,1.0,1.0,LED,No,DDR4,intel,mid,Acer,Windows,intel,mid,low
2039,1.5,157.0,2.8,3200.0,120.0,2.0,512.0,0.0,8.0,110999.0,1.0,1.0,LED,No,LPDDR3,nvidia,low,Asus,Windows,intel,mid,low
2040,1.66,141.0,2.4,3200.0,60.0,0.0,512.0,0.0,16.0,58890.0,0.0,0.0,LED,No,DDR4,intel,mid,Lenovo,Windows,intel,mid,low
2041,1.58,157.0,1.6,2666.0,120.0,0.0,256.0,1024.0,8.0,73990.0,0.0,1.0,LED,Yes,DDR4,intel,low,HP,Windows,intel,mid,low
2042,1.9,141.0,2.3,2400.0,120.0,0.0,0.0,1024.0,8.0,30184.0,0.0,1.0,LED,No,DDR4,intel,low,Asus,Windows,intel,low,low
2043,1.5,141.0,1.6,2133.0,120.0,2.0,0.0,1024.0,8.0,52790.0,0.0,1.0,LED,No,DDR4,nvidia,low,Asus,Windows,intel,mid,low
2044,1.47,157.0,2.1,2400.0,120.0,0.0,512.0,0.0,8.0,44000.0,0.0,1.0,LED,No,DDR4,amd,low,HP,Windows,amd,mid,low
2045,1.3,157.0,2.5,3200.0,60.0,0.0,512.0,0.0,8.0,66990.0,1.0,0.0,LED,No,DDR4,intel,low,MSI,Windows,intel,mid,low
2046,1.6,157.0,1.0,3200.0,60.0,0.0,512.0,0.0,8.0,40990.0,0.0,0.0,LED,No,DDR4,intel,low,Asus,Windows,intel,mid,low
2047,1.5,157.0,2.6,3200.0,120.0,0.0,512.0,0.0,16.0,70990.0,0.0,1.0,LED,No,DDR4,intel,mid,Dell,Windows,intel,mid,high
2048,1.86,100.0,1.6,1600.0,120.0,0.0,0.0,1024.0,4.0,23952.0,0.0,1.0,LED,No,DDR3,intel,low,HP,Windows,intel,low,low
2049,2.0,226.0,2.3,2666.0,120.0,4.0,1024.0,0.0,16.0,215990.0,0.0,1.0,LED,No,DDR4,amd,mid,Apple,macOS,intel,high,high
2050,2.2,141.0,2.5,3200.0,60.0,4.0,0.0,1024.0,8.0,60999.0,1.0,0.0,LED,No,DDR4,nvidia,low,Lenovo,Windows,intel,mid,high
2051,1.85,141.0,2.6,2400.0,120.0,0.0,0.0,1024.0,4.0,30990.0,0.0,1.0,LED,No,DDR4,amd,low,Lenovo,Windows,amd,low,low
2052,1.25,157.0,1.8,3200.0,120.0,0.0,512.0,0.0,16.0,160905.0,1.0,1.0,LED,No,DDR4,intel,low,Asus,Windows,intel,high,low
2053,1.9,141.0,2.1,3200.0,120.0,0.0,256.0,0.0,4.0,34990.0,1.0,1.0,LED,No,DDR4,amd,low,Asus,Windows,amd,mid,low
2054,2.4,141.0,1.6,2133.0,120.0,2.0,128.0,1024.0,8.0,49990.0,0.0,1.0,LED,No,DDR4,nvidia,low,Asus,Windows,intel,mid,low
2055,1.8,141.0,1.6,2400.0,120.0,2.0,256.0,1024.0,8.0,69303.0,0.0,1.0,LED,No,DDR4,nvidia,low,Lenovo,Windows,intel,mid,low
2056,2.25,141.0,2.2,2666.0,120.0,4.0,128.0,1024.0,8.0,116941.0,0.0,1.0,LED,No,DDR4,nvidia,low,HP,Windows,intel,high,high
2057,1.6,157.0,1.6,2133.0,60.0,0.0,512.0,0.0,8.0,45990.0,0.0,0.0,LED,No,DDR4,intel,low,Asus,Windows,intel,mid,low
2058,1.4,157.0,1.6,2133.0,120.0,0.0,512.0,0.0,8.0,57599.0,0.0,1.0,LED,No,LPDDR3,intel,low,Asus,Windows,intel,mid,low
2059,2.5,141.0,3.5,2133.0,120.0,4.0,0.0,1024.0,8.0,68000.0,0.0,1.0,LED,No,DDR4,nvidia,low,Asus,Windows,intel,high,high
2060,1.2,135.0,1.1,2133.0,120.0,0.0,0.0,500.0,4.0,19990.0,0.0,1.0,LED,No,DDR4,intel,low,Asus,Windows,intel,low,low
2061,1.7,141.0,2.6,3200.0,120.0,0.0,512.0,0.0,8.0,34990.0,0.0,1.0,LED,No,DDR4,amd,low,Lenovo,Windows,amd,low,low
2062,1.8,141.0,2.5,2133.0,120.0,2.0,0.0,1024.0,8.0,42090.0,0.0,1.0,LED,No,DDR4,nvidia,low,Asus,DOS,intel,mid,low
2063,1.75,149.0,1.4,3200.0,120.0,0.0,32.0,0.0,2.0,13900.0,1.0,1.0,LED,Yes,DDR3,intel,low,Other,Windows,intel,low,low
2064,1.7,141.0,1.6,2400.0,120.0,2.0,0.0,1024.0,8.0,52990.0,0.0,1.0,LED,No,DDR4,nvidia,low,Asus,Windows,intel,mid,low
2065,2.03,157.0,1.0,3200.0,120.0,0.0,512.0,0.0,8.0,68990.0,0.0,1.0,LED,Yes,DDR4,intel,low,HP,Windows,intel,mid,low
2066,1.7,157.0,2.1,2666.0,120.0,0.0,0.0,1024.0,4.0,53399.0,0.0,1.0,LED,Yes,DDR4,intel,low,Dell,Windows,intel,low,low
2067,2.2,100.0,1.6,2133.0,120.0,2.0,0.0,2048.0,8.0,57990.0,0.0,1.0,LED,No,DDR4,amd,low,Lenovo,Windows,intel,mid,low
2068,2.02,141.0,1.2,2666.0,120.0,0.0,0.0,1024.0,4.0,35990.0,0.0,1.0,LED,No,DDR4,intel,low,Dell,Windows,intel,low,low
2069,1.75,157.0,1.6,3200.0,120.0,0.0,0.0,1024.0,8.0,39990.0,1.0,1.0,LED,No,DDR4,intel,low,Asus,Windows,intel,mid,low
2071,2.1,100.0,2.6,3200.0,120.0,0.0,0.0,500.0,4.0,25900.0,1.0,1.0,LED,No,DDR4,amd,low,Lenovo,Windows,amd,low,low
2072,1.4,157.0,4.4,3200.0,60.0,0.0,512.0,0.0,8.0,32990.0,0.0,0.0,LED,No,DDR4,intel,low,Asus,Windows,intel,low,low
2073,2.3,141.0,2.6,3200.0,144.0,6.0,256.0,2048.0,8.0,99990.0,1.0,0.0,LED,No,DDR4,nvidia,mid,Acer,Windows,intel,high,high
2074,1.85,141.0,1.6,2666.0,120.0,0.0,256.0,1024.0,4.0,48499.0,0.0,1.0,LED,No,DDR4,intel,low,HP,Windows,intel,mid,low
2075,1.55,157.0,2.8,3200.0,120.0,0.0,0.0,1024.0,8.0,42999.0,1.0,1.0,LED,No,DDR4,intel,low,Acer,Windows,intel,low,low
2076,1.83,141.0,2.6,2400.0,120.0,0.0,128.0,0.0,8.0,36990.0,0.0,1.0,LED,No,DDR4,amd,low,Dell,Windows,amd,low,low
2077,1.83,141.0,1.2,2666.0,120.0,0.0,0.0,1024.0,8.0,46500.0,0.0,1.0,LED,No,DDR4,intel,low,Dell,Windows,intel,low,low
2078,1.61,157.0,4.2,3200.0,120.0,0.0,512.0,0.0,8.0,79000.0,0.0,1.0,LED,Yes,DDR4,intel,low,HP,Windows,intel,high,low
2079,1.77,141.0,2.3,2133.0,120.0,2.0,0.0,1024.0,8.0,39718.0,0.0,1.0,LED,No,DDR4,nvidia,low,HP,DOS,intel,low,low
2080,1.59,157.0,2.1,2400.0,120.0,0.0,256.0,1024.0,4.0,59135.0,0.0,1.0,LED,Yes,DDR4,intel,low,HP,Windows,intel,low,low
2081,2.2,141.0,2.3,2133.0,120.0,0.0,0.0,1024.0,8.0,32990.0,0.0,1.0,LED,No,DDR4,intel,low,Lenovo,Windows,intel,low,low
2082,1.6,141.0,2.3,2133.0,120.0,0.0,0.0,1024.0,4.0,74990.0,0.0,1.0,LED,No,DDR4,intel,low,Lenovo,Windows,intel,low,low
2083,2.2,100.0,2.1,1600.0,120.0,0.0,0.0,500.0,4.0,33087.0,0.0,1.0,LED,No,DDR3,intel,low,HP,DOS,intel,low,low
2084,1.75,100.0,1.1,2133.0,120.0,0.0,0.0,1024.0,4.0,22490.0,0.0,1.0,LED,No,DDR4,intel,low,Lenovo,Windows,intel,low,low
2085,1.7,141.0,1.6,2133.0,120.0,2.0,256.0,0.0,8.0,64000.0,0.0,1.0,LED,No,DDR4,nvidia,low,Asus,Windows,intel,mid,low
2086,1.77,141.0,2.5,2400.0,120.0,0.0,256.0,1024.0,4.0,31897.0,0.0,1.0,LED,No,DDR4,amd,low,HP,Windows,amd,low,low
2087,2.2,100.0,2.3,1600.0,120.0,0.0,0.0,1024.0,4.0,27990.0,0.0,1.0,LED,No,DDR3,intel,low,Dell,Windows,intel,low,low
2088,1.39,157.0,2.1,2400.0,120.0,0.0,512.0,0.0,8.0,60999.0,0.0,1.0,LED,No,DDR4,amd,low,Asus,Windows,amd,mid,low
2089,2.3,141.0,2.8,2933.0,144.0,4.0,256.0,1024.0,8.0,64990.0,0.0,0.0,LED,No,DDR4,nvidia,low,Asus,Windows,intel,high,high
2090,1.74,141.0,2.1,2400.0,120.0,0.0,0.0,1024.0,8.0,43500.0,0.0,1.0,LED,No,DDR4,intel,low,HP,Windows,intel,low,low
2091,1.68,141.0,1.6,2400.0,120.0,2.0,0.0,1024.0,8.0,41190.0,0.0,1.0,LED,No,DDR4,nvidia,low,Asus,Windows,intel,mid,low
2092,1.25,157.0,2.3,3200.0,120.0,0.0,512.0,0.0,8.0,47199.0,1.0,1.0,LED,No,DDR4,amd,low,Other,Windows,amd,high,low
2093,1.5,157.0,1.0,3200.0,120.0,0.0,0.0,1024.0,8.0,45808.0,0.0,1.0,LED,No,DDR4,intel,low,Asus,Windows,intel,mid,low
2094,2.3,141.0,2.6,3200.0,144.0,4.0,256.0,1024.0,8.0,93780.0,1.0,0.0,LED,No,DDR4,nvidia,low,Acer,Windows,intel,high,high
2095,1.68,112.0,2.1,3200.0,120.0,0.0,0.0,1024.0,4.0,44999.0,1.0,1.0,LED,No,DDR4,intel,low,Asus,Windows,intel,low,low
2096,1.35,190.0,1.4,3200.0,120.0,0.0,32.0,0.0,2.0,15750.0,1.0,1.0,LED,Yes,DDR3,intel,low,Other,Windows,intel,low,low
2098,1.74,141.0,2.3,2133.0,120.0,0.0,256.0,1024.0,4.0,39853.0,0.0,1.0,LED,No,DDR4,intel,low,HP,Windows,intel,low,low
2099,1.43,157.0,2.7,2133.0,120.0,0.0,512.0,0.0,8.0,29990.0,0.0,1.0,LED,No,DDR4,amd,low,Asus,Windows,amd,low,mid
2100,2.3,141.0,2.6,2933.0,144.0,6.0,1024.0,0.0,16.0,109990.0,0.0,0.0,LED,No,DDR4,nvidia,mid,Asus,Windows,intel,high,high
2101,1.4,157.0,4.6,3200.0,60.0,0.0,512.0,0.0,16.0,51990.0,1.0,0.0,LED,No,DDR4,intel,mid,Asus,Windows,intel,mid,low
2102,2.1,100.0,1.8,2133.0,120.0,0.0,0.0,1024.0,4.0,20990.0,0.0,1.0,LED,No,DDR4,intel,low,Dell,Other,intel,low,low
2103,1.85,141.0,4.2,3200.0,120.0,0.0,256.0,1024.0,16.0,68990.0,1.0,1.0,LED,No,DDR4,intel,low,Asus,Windows,intel,mid,low
2104,2.97,127.0,2.6,2666.0,144.0,8.0,256.0,1024.0,16.0,256403.0,0.0,0.0,LED,No,DDR4,nvidia,high,HP,Windows,intel,high,high
2105,1.2,135.0,1.9,3200.0,120.0,0.0,32.0,0.0,2.0,13999.0,1.0,1.0,LED,No,DDR3,intel,low,Other,Windows,intel,low,low
2106,1.85,141.0,2.1,2400.0,120.0,0.0,0.0,1024.0,4.0,44500.0,0.0,1.0,LED,No,DDR4,amd,low,Lenovo,Windows,amd,mid,low
2107,1.8,141.0,4.7,3200.0,144.0,4.0,512.0,0.0,16.0,64871.0,0.0,0.0,LED,No,DDR4,nvidia,low,MSI,Windows,intel,high,high
2108,1.77,157.0,2.1,2666.0,120.0,0.0,0.0,1024.0,4.0,48000.0,0.0,1.0,LED,No,DDR4,intel,low,Lenovo,DOS,intel,low,low
2109,1.8,141.0,2.0,2400.0,120.0,0.0,128.0,1024.0,8.0,65500.0,0.0,1.0,LED,No,DDR4,amd,low,HP,Windows,amd,mid,low
2110,1.8,141.0,2.8,3200.0,120.0,2.0,256.0,1024.0,8.0,46447.0,1.0,1.0,LED,No,DDR4,nvidia,low,Asus,Windows,intel,mid,low
2111,1.65,157.0,2.4,3200.0,120.0,0.0,512.0,0.0,16.0,59989.0,1.0,1.0,LED,No,DDR4,intel,mid,Acer,Windows,intel,mid,low
2112,1.14,149.0,1.1,2133.0,120.0,0.0,128.0,0.0,4.0,18999.0,0.0,1.0,LED,Yes,LPDDR4,intel,low,Lenovo,Windows,intel,low,low
2113,2.4,100.0,1.6,1600.0,120.0,0.0,0.0,1024.0,4.0,23990.0,0.0,1.0,LED,No,DDR3,intel,low,Dell,Windows,intel,low,low
2114,2.2,141.0,1.6,3200.0,120.0,2.0,0.0,1024.0,8.0,59990.0,1.0,1.0,LED,No,DDR4,nvidia,low,Lenovo,Windows,intel,high,low
2115,1.75,166.0,1.6,2400.0,120.0,0.0,512.0,0.0,8.0,73600.0,0.0,1.0,LED,No,DDR4,intel,low,Dell,Windows,intel,mid,low
2116,2.25,141.0,3.3,3200.0,120.0,4.0,512.0,0.0,16.0,77990.0,0.0,0.0,LED,No,DDR4,nvidia,mid,Lenovo,Windows,amd,mid,high
2117,1.35,137.0,1.1,2400.0,120.0,0.0,64.0,0.0,4.0,29290.0,0.0,1.0,LED,Yes,LPDDR4,intel,low,HP,Google Chrome,intel,low,low
2118,1.62,157.0,2.4,4266.0,120.0,2.0,512.0,0.0,16.0,114990.0,0.0,1.0,LED,Yes,LPDDR4X,nvidia,mid,Asus,Windows,intel,mid,low
2119,2.3,141.0,2.5,2933.0,144.0,4.0,512.0,1024.0,8.0,71990.0,0.0,0.0,LED,No,DDR4,nvidia,low,Asus,Windows,intel,mid,high
2120,1.67,157.0,1.8,2666.0,120.0,2.0,512.0,0.0,8.0,94994.0,0.0,1.0,LED,Yes,DDR4,nvidia,low,Dell,Windows,intel,high,low
2121,1.39,157.0,2.1,3200.0,120.0,0.0,512.0,0.0,8.0,47990.0,1.0,1.0,LED,No,DDR4,amd,low,Asus,Windows,amd,mid,low
2122,2.44,137.0,2.5,2933.0,120.0,4.0,256.0,1024.0,8.0,78990.0,0.0,1.0,LED,No,DDR4,nvidia,low,HP,Windows,intel,mid,high
2123,2.3,141.0,2.9,3200.0,120.0,4.0,1024.0,0.0,8.0,85990.0,1.0,1.0,LED,No,DDR4,nvidia,mid,Asus,Windows,amd,high,high
2124,2.25,141.0,2.6,2666.0,120.0,6.0,512.0,1024.0,12.0,118811.0,0.0,1.0,LED,No,DDR4,nvidia,mid,HP,Windows,intel,high,high
2125,2.3,141.0,2.6,2933.0,144.0,4.0,256.0,1024.0,8.0,82590.0,0.0,0.0,LED,No,DDR4,nvidia,low,Acer,Windows,intel,high,high
2126,1.88,138.0,5.4,3200.0,120.0,0.0,512.0,0.0,16.0,74990.0,0.0,1.0,LED,No,DDR4,intel,mid,Asus,Windows,intel,high,high
2127,2.0,141.0,2.5,2400.0,120.0,4.0,0.0,1024.0,8.0,70716.0,0.0,1.0,LED,No,DDR4,nvidia,low,Dell,Windows,intel,mid,low
2128,2.5,127.0,4.7,1550.0,144.0,4.0,512.0,0.0,16.0,85200.0,0.0,0.0,LED,No,DDR4,nvidia,mid,Asus,Windows,amd,high,high
2130,1.5,157.0,2.8,3200.0,120.0,0.0,512.0,0.0,8.0,59990.0,0.0,1.0,LED,Yes,DDR4,intel,low,HP,Windows,intel,low,low
2133,1.5,157.0,1.2,3200.0,60.0,0.0,256.0,0.0,4.0,34990.0,0.0,0.0,LED,No,DDR4,intel,low,Asus,Windows,intel,low,low
2134,1.65,169.0,1.6,3200.0,120.0,0.0,512.0,0.0,8.0,74990.0,1.0,1.0,LED,Yes,DDR4,intel,low,Lenovo,Windows,intel,mid,low
2135,1.77,141.0,2.2,2400.0,120.0,0.0,0.0,1024.0,4.0,30500.0,0.0,1.0,LED,No,DDR4,intel,low,HP,Windows,intel,low,low
2136,1.5,157.0,2.0,3200.0,60.0,0.0,512.0,0.0,8.0,28990.0,0.0,0.0,LED,Yes,DDR4,intel,low,Dell,Windows,intel,low,low
2137,1.6,157.0,2.1,2400.0,120.0,0.0,512.0,0.0,8.0,66500.0,0.0,1.0,LED,Yes,DDR4,amd,low,Asus,Windows,amd,mid,low
2138,1.86,141.0,2.0,2133.0,120.0,0.0,0.0,1024.0,4.0,27490.0,0.0,1.0,LED,No,DDR4,intel,low,HP,Windows,intel,low,low
2139,2.3,141.0,2.2,3200.0,144.0,4.0,256.0,1024.0,16.0,94750.0,1.0,0.0,LED,No,DDR4,nvidia,low,Asus,Windows,intel,high,high
2140,1.4,135.0,1.6,1600.0,120.0,0.0,0.0,500.0,4.0,32000.0,0.0,1.0,LED,Yes,DDR3,intel,low,HP,Windows,intel,low,low
2141,1.98,100.0,2.0,2133.0,120.0,0.0,0.0,1024.0,4.0,28000.0,0.0,1.0,LED,No,DDR4,intel,low,Asus,DOS,intel,low,low
2142,2.19,100.0,2.0,2133.0,120.0,0.0,0.0,1024.0,4.0,28475.0,0.0,1.0,LED,No,DDR4,intel,low,HP,DOS,intel,low,low
2143,1.64,157.0,4.2,2666.0,120.0,0.0,512.0,0.0,8.0,51000.0,0.0,1.0,LED,No,DDR4,intel,mid,Dell,Windows,intel,mid,low
2144,2.6,127.0,4.7,3200.0,144.0,6.0,1024.0,0.0,16.0,86022.0,1.0,0.0,LED,No,DDR5,nvidia,mid,Asus,Windows,intel,high,high
2146,1.69,157.0,2.3,3200.0,120.0,0.0,512.0,0.0,8.0,52999.0,0.0,1.0,LED,No,DDR4,amd,low,Lenovo,Windows,amd,mid,low
2147,1.77,100.0,1.1,2400.0,120.0,0.0,0.0,1024.0,4.0,24590.0,0.0,1.0,LED,No,DDR4,intel,low,HP,Windows,intel,low,low
2148,1.77,100.0,2.3,2133.0,120.0,0.0,0.0,1024.0,4.0,22989.0,0.0,1.0,LED,No,DDR4,intel,low,HP,Windows,intel,low,low
2149,1.77,157.0,2.1,3200.0,120.0,0.0,0.0,1024.0,4.0,52990.0,1.0,1.0,LED,No,DDR4,intel,low,Lenovo,Windows,intel,low,low
2150,1.5,157.0,2.1,2400.0,120.0,0.0,0.0,1024.0,4.0,37990.0,0.0,1.0,LED,No,DDR4,amd,low,Asus,Windows,amd,mid,low
2151,1.28,227.0,1.6,2666.0,120.0,2.0,512.0,0.0,8.0,58750.0,0.0,1.0,LED,No,DDR4,nvidia,low,Lenovo,Windows,intel,mid,low
2152,2.3,141.0,2.9,3200.0,144.0,4.0,256.0,1024.0,8.0,82590.0,0.0,0.0,LED,No,DDR4,nvidia,low,Acer,Windows,amd,high,high
2153,1.9,100.0,1.1,3200.0,120.0,0.0,0.0,1024.0,4.0,26499.0,1.0,1.0,LED,No,DDR4,intel,low,Acer,Windows,intel,low,low
2154,1.11,166.0,4.2,4267.0,120.0,0.0,256.0,0.0,8.0,162499.0,0.0,1.0,OLED,No,LPDDR4X,intel,mid,Asus,Windows,intel,mid,low
2155,2.3,141.0,2.2,3200.0,144.0,6.0,1024.0,0.0,16.0,116990.0,1.0,0.0,LED,No,DDR4,nvidia,mid,Acer,Windows,intel,high,high
2156,1.8,141.0,1.6,2400.0,120.0,2.0,512.0,0.0,8.0,65790.0,0.0,1.0,LED,No,DDR4,nvidia,low,Asus,Windows,intel,mid,low
2158,2.36,141.0,2.5,2933.0,120.0,4.0,1024.0,0.0,8.0,84490.0,0.0,1.0,LED,No,DDR4,nvidia,low,HP,Windows,intel,mid,high
2159,2.23,141.0,2.5,2933.0,144.0,4.0,512.0,0.0,16.0,75990.0,0.0,0.0,LED,No,DDR4,nvidia,low,HP,Windows,intel,mid,high
2160,1.7,141.0,4.5,3200.0,60.0,0.0,512.0,0.0,8.0,42990.0,0.0,0.0,LED,No,DDR4,intel,low,Asus,Windows,intel,low,low
2161,1.85,141.0,1.6,2666.0,120.0,0.0,512.0,0.0,8.0,65000.0,0.0,1.0,LED,No,DDR4,intel,low,Lenovo,Windows,intel,mid,low
2162,1.4,157.0,2.4,2666.0,120.0,0.0,512.0,0.0,8.0,38812.0,0.0,1.0,LED,No,DDR4,intel,mid,Other,Windows,intel,mid,low
2163,1.9,100.0,2.6,3200.0,120.0,0.0,0.0,1024.0,4.0,28150.0,1.0,1.0,LED,No,DDR4,amd,low,Acer,Windows,amd,low,low
2164,1.8,141.0,2.1,3200.0,120.0,0.0,256.0,1024.0,8.0,59990.0,1.0,1.0,LED,No,DDR4,amd,low,Asus,Windows,amd,mid,low
2165,1.5,157.0,1.0,3200.0,120.0,0.0,512.0,0.0,8.0,52390.0,1.0,1.0,LED,No,DDR4,intel,low,Asus,Windows,intel,mid,low
2166,1.8,141.0,2.8,3200.0,120.0,0.0,256.0,1024.0,8.0,62990.0,1.0,1.0,LED,No,DDR4,amd,low,Asus,Windows,amd,mid,low
2167,1.86,100.0,1.6,2400.0,120.0,0.0,0.0,1024.0,4.0,39490.0,0.0,1.0,LED,No,DDR4,intel,low,HP,DOS,intel,mid,low
2168,1.59,141.0,2.1,3200.0,120.0,0.0,512.0,0.0,16.0,37990.0,1.0,1.0,TFT LCD,No,DDR4,amd,low,Acer,Windows,amd,mid,low
2169,1.05,135.0,2.8,3200.0,120.0,0.0,0.0,0.0,4.0,17990.0,1.0,1.0,LED,No,DDR4,intel,low,Asus,Windows,intel,low,low
2170,2.2,100.0,2.3,3200.0,120.0,0.0,0.0,1024.0,4.0,26990.0,1.0,1.0,LED,No,DDR4,intel,low,Dell,Other,intel,low,low
2171,2.3,100.0,2.0,1600.0,120.0,2.0,0.0,1024.0,4.0,31090.0,0.0,1.0,LED,No,DDR3,nvidia,low,Lenovo,DOS,intel,low,low
2172,2.6,127.0,2.9,3200.0,144.0,4.0,1024.0,0.0,8.0,75990.0,1.0,0.0,LED,No,DDR4,nvidia,mid,Asus,Windows,amd,high,high
2173,1.47,112.0,2.3,2133.0,120.0,0.0,0.0,1024.0,4.0,29700.0,0.0,1.0,LED,No,DDR4,intel,low,HP,Windows,intel,low,low
2174,1.74,141.0,1.6,2400.0,120.0,0.0,256.0,1024.0,8.0,51390.0,0.0,1.0,LED,No,DDR4,intel,low,HP,Windows,intel,mid,low
2175,2.4,100.0,2.3,2133.0,120.0,0.0,0.0,1024.0,4.0,34999.0,0.0,1.0,LED,No,DDR4,intel,low,Lenovo,DOS,intel,low,low
2176,1.7,141.0,2.4,3200.0,120.0,0.0,128.0,1024.0,16.0,67990.0,0.0,1.0,LED,No,DDR4,intel,mid,Lenovo,Windows,intel,mid,low
2177,1.7,141.0,2.4,2400.0,120.0,0.0,0.0,0.0,4.0,31990.0,0.0,1.0,LED,No,DDR4,intel,low,Asus,Windows,intel,low,low
2178,1.8,141.0,2.4,3200.0,120.0,0.0,256.0,1024.0,8.0,54000.0,1.0,1.0,LED,No,DDR4,intel,low,Dell,Windows,intel,mid,low
2179,2.2,112.0,1.7,2133.0,120.0,0.0,0.0,500.0,4.0,21590.0,0.0,1.0,LED,No,DDR4,amd,low,Lenovo,Windows,amd,low,low
2180,2.7,100.0,2.3,3200.0,120.0,0.0,0.0,1024.0,4.0,16890.0,1.0,1.0,LED,No,DDR4,intel,low,Lenovo,DOS,amd,low,low
2181,2.25,141.0,3.1,3200.0,120.0,4.0,512.0,0.0,16.0,72500.0,0.0,0.0,LED,No,DDR4,nvidia,mid,Lenovo,Windows,intel,mid,high
2182,2.2,100.0,1.5,1600.0,120.0,0.0,0.0,500.0,4.0,33094.0,0.0,1.0,LED,No,DDR3,amd,low,HP,Windows,amd,low,low
2183,1.75,141.0,2.6,2400.0,120.0,0.0,0.0,1024.0,4.0,21490.0,0.0,1.0,LED,No,DDR4,intel,low,Lenovo,Windows,intel,low,low
2184,1.9,141.0,3.9,3200.0,120.0,0.0,0.0,1024.0,4.0,32150.0,1.0,1.0,LED,No,DDR4,intel,low,Asus,Windows,intel,low,low
2185,1.88,142.0,4.2,3200.0,60.0,0.0,512.0,0.0,8.0,45313.0,1.0,0.0,LED,No,DDR4,amd,low,Asus,Windows,amd,mid,low
2186,1.6,157.0,3.0,3200.0,120.0,4.0,512.0,0.0,8.0,65999.0,0.0,0.0,LED,No,DDR4,nvidia,low,Asus,Windows,amd,mid,high
2187,1.7,141.0,3.7,2400.0,120.0,0.0,0.0,1024.0,8.0,38990.0,0.0,1.0,LED,No,DDR4,amd,low,Asus,Windows,amd,mid,low
2188,2.4,100.0,1.8,1600.0,120.0,0.0,0.0,1024.0,4.0,17999.0,0.0,1.0,LED,No,DDR4,amd,low,Acer,Other,amd,low,low
2189,1.58,166.0,2.7,2133.0,120.0,0.0,256.0,0.0,8.0,45000.0,0.0,1.0,LED,Yes,DDR4,intel,low,HP,Windows,intel,high,low
2190,2.5,282.0,4.5,2666.0,120.0,6.0,1024.0,0.0,32.0,209990.0,0.0,1.0,LED,No,DDR4,nvidia,mid,Asus,Windows,intel,high,high
2191,1.8,141.0,2.8,2400.0,120.0,2.0,512.0,0.0,8.0,84999.0,0.0,1.0,LED,No,DDR4,nvidia,low,Asus,Windows,intel,high,low
2192,2.2,141.0,2.6,2933.0,120.0,4.0,256.0,1024.0,8.0,115390.0,0.0,1.0,LED,No,DDR4,nvidia,low,Lenovo,Windows,intel,high,high
2193,1.85,141.0,1.6,2400.0,120.0,2.0,256.0,1024.0,8.0,64000.0,0.0,1.0,LED,No,DDR4,nvidia,low,HP,Windows,intel,mid,low
2194,2.3,141.0,2.3,2666.0,60.0,4.0,512.0,0.0,8.0,55890.0,0.0,0.0,LED,No,DDR4,nvidia,low,Lenovo,Windows,intel,mid,high
2195,1.5,157.0,2.4,3200.0,120.0,0.0,512.0,0.0,16.0,68990.0,1.0,1.0,LED,Yes,DDR4,intel,mid,Lenovo,Windows,intel,mid,low
2196,1.7,157.0,2.9,3200.0,120.0,6.0,1024.0,0.0,16.0,134990.0,0.0,0.0,LED,No,DDR4,nvidia,mid,Asus,Windows,amd,high,high
2197,1.98,156.0,2.8,3200.0,120.0,0.0,512.0,0.0,8.0,34999.0,1.0,1.0,LED,No,DDR4,intel,low,HP,Windows,intel,low,low
2199,1.66,141.0,4.6,3200.0,120.0,0.0,512.0,0.0,8.0,48990.0,1.0,0.0,LED,No,DDR4,intel,low,Dell,Windows,intel,mid,low
2200,2.38,141.0,5.1,5600.0,144.0,8.0,1024.0,0.0,16.0,105180.0,0.0,0.0,LED,No,DDR5,nvidia,mid,Lenovo,Windows,amd,high,high
2201,1.86,141.0,4.7,3200.0,144.0,4.0,512.0,0.0,16.0,62990.0,0.0,0.0,LED,No,DDR4,nvidia,low,MSI,Windows,intel,high,high
2202,1.58,162.0,4.5,4800.0,120.0,0.0,256.0,0.0,8.0,49990.0,0.0,1.0,LED,Yes,LPDDR5,intel,low,Dell,Windows,intel,low,low
2203,1.7,141.0,4.4,3200.0,60.0,0.0,512.0,0.0,8.0,42990.0,1.0,0.0,LED,No,DDR4,intel,mid,Asus,Windows,intel,mid,low
2204,2.29,141.0,4.2,3200.0,144.0,4.0,512.0,0.0,8.0,58990.0,0.0,0.0,LED,No,DDR4,nvidia,mid,HP,Windows,amd,mid,high
2205,1.51,224.0,4.1,3200.0,60.0,0.0,512.0,0.0,24.0,159990.0,1.0,0.0,LED,No,DDR4,intel,low,Apple,macOS,apple,mid,mid
2206,1.51,224.0,4.1,3200.0,60.0,0.0,512.0,1024.0,16.0,144990.0,1.0,0.0,LED,No,DDR4,intel,low,Apple,macOS,apple,mid,mid
2207,1.51,224.0,4.1,3200.0,60.0,0.0,512.0,0.0,16.0,139990.0,1.0,0.0,LED,No,DDR4,intel,low,Apple,macOS,apple,mid,mid
2208,1.69,141.0,4.4,3200.0,120.0,0.0,512.0,0.0,16.0,50310.0,1.0,1.0,LED,No,DDR4,intel,low,HP,Windows,intel,mid,low
2210,1.62,141.0,4.3,5500.0,60.0,0.0,512.0,0.0,8.0,39990.0,0.0,0.0,LED,No,LPDDR5,amd,low,Lenovo,Windows,amd,mid,low
2211,1.54,100.0,2.8,2400.0,60.0,0.0,256.0,0.0,8.0,25990.0,0.0,0.0,LED,No,DDR4,intel,low,Lenovo,Windows,intel,low,low
2212,1.5,100.0,2.8,3200.0,60.0,0.0,512.0,0.0,8.0,25990.0,1.0,0.0,LED,No,LPDDR4X,intel,low,Acer,Windows,intel,low,low
2213,1.51,224.0,4.1,3200.0,60.0,0.0,256.0,0.0,16.0,118990.0,1.0,0.0,LED,No,DDR4,intel,low,Apple,macOS,apple,mid,mid
2214,1.46,162.0,4.4,4800.0,60.0,0.0,1024.0,0.0,16.0,60990.0,0.0,0.0,LED,No,LPDDR5,intel,low,Lenovo,Windows,intel,mid,high
2215,1.35,162.0,4.7,3200.0,60.0,0.0,1024.0,0.0,16.0,79990.0,1.0,0.0,OLED,No,LPDDR5,intel,mid,Lenovo,Windows,intel,mid,high
2216,1.6,162.0,4.6,5200.0,60.0,0.0,512.0,0.0,16.0,72190.0,0.0,0.0,LED,Yes,LPDDR5X,intel,low,Lenovo,Windows,intel,mid,high
2217,1.43,157.0,4.4,3200.0,60.0,0.0,512.0,0.0,8.0,36990.0,0.0,0.0,LED,No,DDR4,intel,low,Lenovo,Windows,intel,low,low
2218,2.63,141.0,2.8,3200.0,120.0,0.0,512.0,0.0,8.0,35380.0,1.0,1.0,LED,No,DDR4,intel,low,Asus,Windows,intel,low,low
2219,1.59,141.0,4.6,3200.0,120.0,0.0,512.0,0.0,16.0,58000.0,0.0,1.0,LED,No,DDR4,intel,mid,HP,Windows,intel,mid,low
2220,1.61,162.0,4.9,5600.0,60.0,0.0,512.0,0.0,16.0,62990.0,0.0,0.0,LED,No,DDR5,amd,low,Dell,Windows,amd,mid,low
2221,2.38,141.0,4.6,3200.0,144.0,6.0,512.0,0.0,24.0,86199.0,1.0,0.0,LED,No,DDR5,nvidia,mid,Lenovo,Windows,intel,mid,high
2223,1.6,157.0,3.0,2666.0,60.0,0.0,256.0,0.0,4.0,32970.0,0.0,0.0,LED,No,DDR4,intel,low,Lenovo,Windows,intel,low,low
2225,1.75,142.0,3.3,4800.0,60.0,0.0,1024.0,0.0,16.0,60990.0,0.0,0.0,LED,No,LPDDR5,intel,low,Lenovo,Windows,intel,mid,high
2226,1.17,243.0,5.0,3200.0,120.0,0.0,512.0,0.0,16.0,99350.0,1.0,1.0,AMOLED,No,LPDDR5,intel,mid,Samsung,Windows,intel,high,mid
2227,1.24,225.0,3.5,3200.0,60.0,0.0,256.0,0.0,8.0,60799.0,1.0,0.0,LED,No,DDR4,intel,low,Apple,macOS,apple,mid,mid
2229,1.0,225.0,3.5,3200.0,60.0,0.0,256.0,0.0,8.0,79994.0,1.0,0.0,IPS LCD,No,Other,intel,low,Apple,macOS,apple,mid,mid
2230,1.3,243.0,4.5,3200.0,120.0,0.0,512.0,0.0,16.0,79999.0,1.0,1.0,OLED,No,LPDDR5X,intel,mid,Acer,Windows,intel,mid,high
2232,1.25,162.0,4.5,3200.0,120.0,0.0,512.0,0.0,16.0,89990.0,1.0,1.0,OLED,No,LPDDR5X,intel,mid,Acer,Windows,intel,mid,low
2233,1.25,162.0,4.8,3200.0,120.0,0.0,1024.0,0.0,16.0,104990.0,1.0,1.0,OLED,No,LPDDR5X,intel,mid,Acer,Windows,intel,high,low
2236,1.57,141.0,4.5,3200.0,120.0,0.0,512.0,0.0,8.0,40990.0,1.0,1.0,LED,No,LPDDR4X,intel,low,Samsung,Windows,intel,low,low
2237,1.74,141.0,4.5,3200.0,120.0,0.0,256.0,0.0,8.0,49990.0,1.0,1.0,LED,No,DDR4,intel,low,HP,Windows,intel,low,low
2238,1.7,141.0,4.7,3200.0,60.0,0.0,512.0,0.0,16.0,63890.0,1.0,0.0,LED,No,LPDDR5,intel,mid,Asus,Windows,intel,mid,high
2239,1.45,157.0,4.5,3200.0,120.0,0.0,512.0,0.0,16.0,33990.0,1.0,1.0,TFT LCD,No,DDR4,intel,low,Acer,Windows,intel,low,low
2240,1.6,254.0,4.5,3200.0,120.0,0.0,1024.0,0.0,24.0,229990.0,1.0,0.0,LED,No,DDR4,intel,low,Apple,macOS,apple,high,high
2241,1.86,141.0,4.4,3200.0,144.0,4.0,512.0,0.0,16.0,59990.0,0.0,0.0,LED,No,DDR4,nvidia,mid,MSI,Windows,intel,mid,high
2242,1.62,141.0,4.5,4800.0,60.0,0.0,512.0,0.0,8.0,37750.0,0.0,0.0,LED,No,LPDDR5,intel,low,Lenovo,Windows,intel,low,low
2243,1.67,141.0,4.3,3200.0,120.0,0.0,512.0,0.0,8.0,34990.0,1.0,0.0,LED,No,LPDDR5,amd,low,Dell,Windows,amd,mid,low
2244,2.39,137.0,5.2,5600.0,144.0,8.0,1024.0,0.0,16.0,128979.0,0.0,0.0,LED,No,DDR5,nvidia,mid,HP,Windows,intel,high,high
2245,1.57,141.0,2.8,3200.0,60.0,0.0,512.0,0.0,8.0,24890.0,1.0,0.0,LED,No,DDR4,intel,low,Asus,Windows,intel,low,low
2246,1.24,225.0,4.1,3200.0,120.0,0.0,512.0,0.0,16.0,99494.0,1.0,1.0,LED,No,DDR4,intel,low,Apple,macOS,apple,mid,mid
2247,1.6,157.0,1.7,3200.0,60.0,0.0,512.0,0.0,8.0,30990.0,1.0,0.0,LED,No,DDR4,intel,low,Asus,Windows,intel,low,low
2248,2.31,266.0,5.4,4800.0,60.0,8.0,1024.0,0.0,32.0,221990.0,0.0,0.0,LED,Yes,DDR5,nvidia,high,Dell,Windows,intel,high,high
2249,1.24,225.0,3.5,3200.0,120.0,0.0,256.0,0.0,16.0,81994.0,1.0,1.0,LED,No,DDR4,intel,low,Apple,macOS,apple,mid,mid
2250,2.39,137.0,5.2,5600.0,144.0,6.0,1024.0,0.0,16.0,128480.0,0.0,0.0,LED,No,DDR5,nvidia,mid,HP,Windows,intel,high,high
2251,1.24,225.0,4.1,3200.0,120.0,0.0,512.0,0.0,24.0,136990.0,1.0,1.0,LED,No,DDR4,intel,low,Apple,macOS,apple,mid,mid
2252,1.51,224.0,4.1,3200.0,120.0,0.0,0.0,0.0,16.0,118990.0,1.0,1.0,LED,No,DDR4,intel,low,Apple,macOS,apple,mid,mid
2253,1.51,224.0,4.1,3200.0,120.0,0.0,256.0,0.0,16.0,102994.0,1.0,1.0,LED,No,DDR4,intel,low,Apple,macOS,apple,mid,mid
2255,1.51,224.0,4.1,3200.0,120.0,0.0,256.0,0.0,16.0,123000.0,1.0,1.0,LED,No,DDR4,intel,low,Apple,macOS,apple,mid,mid
2256,1.24,225.0,3.5,3200.0,120.0,0.0,256.0,0.0,16.0,80990.0,1.0,1.0,LED,No,DDR4,intel,low,Apple,macOS,apple,mid,mid
2260,3.48,254.0,4.5,3200.0,120.0,0.0,512.0,0.0,48.0,279990.0,1.0,0.0,LED,No,DDR4,intel,low,Apple,macOS,apple,high,high
2261,1.24,225.0,4.1,3200.0,120.0,0.0,512.0,0.0,24.0,154900.0,1.0,1.0,LED,No,DDR4,intel,low,Apple,macOS,apple,mid,mid
2262,1.55,254.0,4.4,3200.0,120.0,0.0,1024.0,0.0,24.0,195990.0,1.0,0.0,LED,No,DDR4,intel,low,Apple,macOS,apple,mid,mid
2263,1.62,254.0,4.5,3200.0,120.0,0.0,1024.0,0.0,36.0,299990.0,1.0,0.0,LED,No,DDR4,intel,low,Apple,macOS,apple,high,high
2264,2.15,254.0,4.5,3200.0,120.0,0.0,1024.0,0.0,36.0,334990.0,1.0,0.0,LED,No,DDR4,intel,low,Apple,macOS,apple,high,high
2265,1.18,253.0,4.8,8533.0,60.0,0.0,1024.0,0.0,32.0,249111.0,0.0,0.0,OLED,Yes,LPDDR5X,intel,mid,Dell,Windows,intel,high,low
2266,1.34,189.0,2.8,3200.0,120.0,0.0,512.0,0.0,16.0,131463.0,1.0,1.0,LED,Yes,DDR5,qualcomm,low,HP,Windows,qualcomm,mid,mid
2267,2.81,141.0,4.9,4800.0,165.0,6.0,1024.0,0.0,16.0,131199.0,0.0,0.0,LED,No,DDR5,nvidia,mid,Dell,Windows,intel,high,high
2269,1.18,169.0,4.8,8533.0,120.0,0.0,512.0,0.0,16.0,211772.0,0.0,0.0,LED,No,LPDDR5X,intel,mid,Dell,Windows,intel,high,low
2270,1.53,162.0,3.4,8448.0,60.0,0.0,512.0,0.0,16.0,118067.0,0.0,0.0,LED,No,LPDDR5X,qualcomm,low,Dell,Windows,qualcomm,mid,mid
2271,2.1,189.0,5.0,7500.0,240.0,8.0,1024.0,0.0,32.0,207990.0,0.0,0.0,LED,No,LPDDR5X,nvidia,mid,MSI,Windows,amd,high,high
2272,2.01,141.0,5.4,5200.0,120.0,6.0,1024.0,0.0,32.0,229999.0,0.0,0.0,LED,No,DDR5,nvidia,mid,HP,Windows,intel,high,high
2273,1.74,100.0,4.6,3200.0,120.0,0.0,512.0,0.0,16.0,56990.0,0.0,1.0,LED,No,DDR4,intel,mid,HP,DOS,intel,mid,low
2274,3.93,189.0,5.8,3200.0,165.0,8.0,2048.0,0.0,32.0,189990.0,1.0,0.0,IPS LCD,No,DDR5,nvidia,high,Other,Windows,intel,high,high
2275,2.5,142.0,4.8,3200.0,144.0,6.0,512.0,0.0,16.0,102990.0,1.0,0.0,TFT LCD,No,DDR5,nvidia,mid,Acer,Windows,intel,mid,high
2276,1.59,141.0,4.1,3200.0,120.0,0.0,512.0,0.0,8.0,29920.0,1.0,1.0,LED,No,LPDDR5,amd,low,HP,Windows,amd,low,low
2277,2.78,170.0,5.0,4800.0,165.0,8.0,1024.0,0.0,16.0,126900.0,0.0,0.0,LED,No,DDR5,nvidia,mid,HP,Windows,intel,high,high
2278,1.59,157.0,4.4,3200.0,120.0,0.0,512.0,0.0,16.0,79900.0,1.0,1.0,Other,No,DDR4,intel,low,Lenovo,Windows,intel,mid,low
2279,2.5,142.0,5.2,3200.0,144.0,6.0,512.0,0.0,16.0,109999.0,1.0,0.0,TFT LCD,No,DDR5,nvidia,mid,Acer,Windows,intel,high,high
2280,1.6,162.0,4.6,5200.0,144.0,6.0,512.0,0.0,16.0,69990.0,0.0,0.0,IPS LCD,No,DDR5,nvidia,mid,MSI,Windows,intel,mid,high
2281,1.62,141.0,4.9,4800.0,60.0,0.0,512.0,0.0,16.0,68990.0,0.0,0.0,LED,No,LPDDR5,intel,low,Lenovo,Windows,intel,high,high
2282,1.23,243.0,4.5,3200.0,120.0,0.0,512.0,0.0,16.0,131990.0,1.0,1.0,AMOLED,Yes,DDR3,intel,mid,Samsung,Windows,intel,mid,high
2283,1.66,212.0,4.8,3200.0,120.0,0.0,1024.0,0.0,16.0,174990.0,1.0,0.0,AMOLED,Yes,LPDDR5X,intel,mid,Samsung,Windows,intel,high,high
2284,1.65,141.0,2.8,2666.0,120.0,0.0,512.0,0.0,8.0,37490.0,0.0,0.0,LED,No,DDR4,intel,low,Dell,Windows,intel,low,low
2285,1.37,156.0,4.4,3200.0,120.0,0.0,512.0,0.0,8.0,49490.0,1.0,1.0,Other,No,LPDDR5,intel,low,Lenovo,Windows,intel,mid,high
2287,1.34,243.0,4.8,3200.0,120.0,0.0,1024.0,0.0,32.0,187400.0,1.0,0.0,OLED,Yes,LPDDR5X,intel,mid,HP,Windows,intel,high,low
2288,1.43,157.0,3.3,3200.0,120.0,0.0,512.0,0.0,16.0,39690.0,0.0,1.0,LED,No,DDR4,intel,low,Lenovo,Windows,intel,low,low
2289,1.34,243.0,4.8,3200.0,120.0,0.0,1024.0,0.0,16.0,177998.0,1.0,0.0,OLED,Yes,LPDDR5X,intel,mid,HP,Windows,intel,high,low
2290,1.34,243.0,4.8,3200.0,120.0,0.0,1024.0,0.0,32.0,187590.0,1.0,0.0,OLED,Yes,LPDDR5X,intel,mid,HP,Windows,intel,high,low
2291,1.39,162.0,4.8,7467.0,60.0,0.0,1024.0,0.0,16.0,93990.0,0.0,0.0,OLED,No,LPDDR5X,intel,mid,Lenovo,Windows,intel,high,high
2292,1.7,141.0,2.8,3200.0,120.0,0.0,512.0,0.0,16.0,49900.0,1.0,1.0,TFT LCD,No,LPDDR5,intel,low,Acer,Windows,intel,mid,high
2293,2.29,189.0,5.0,5200.0,120.0,8.0,1024.0,0.0,32.0,265990.0,0.0,1.0,LED,No,DDR5,nvidia,high,MSI,Windows,intel,high,high
2294,2.38,141.0,4.9,4800.0,144.0,6.0,512.0,0.0,16.0,90490.0,0.0,0.0,LED,No,DDR5,nvidia,mid,Lenovo,Windows,intel,high,high
2295,1.5,189.0,4.8,6400.0,120.0,0.0,512.0,0.0,16.0,99990.0,0.0,1.0,LED,No,LPDDR5,intel,mid,MSI,Windows,intel,high,high
2296,1.99,141.0,4.9,3200.0,144.0,6.0,512.0,0.0,16.0,72999.0,1.0,0.0,LED,No,DDR4,nvidia,mid,Acer,Windows,intel,high,high
2297,2.38,141.0,4.9,4800.0,144.0,6.0,1024.0,0.0,16.0,104490.0,0.0,0.0,LED,No,DDR5,nvidia,mid,Lenovo,Windows,intel,high,high
2298,2.38,141.0,4.4,4800.0,144.0,4.0,512.0,0.0,12.0,62490.0,0.0,0.0,LED,No,DDR5,nvidia,low,Lenovo,Windows,intel,mid,high
2299,1.58,162.0,5.0,4800.0,120.0,0.0,1024.0,0.0,16.0,100190.0,0.0,1.0,LED,Yes,LPDDR5,intel,mid,Dell,Windows,intel,high,low
2300,1.62,141.0,2.0,4800.0,120.0,0.0,512.0,0.0,8.0,46899.0,0.0,1.0,LED,No,LPDDR5,intel,low,Lenovo,Windows,intel,mid,high
2301,2.6,156.0,4.8,3200.0,120.0,6.0,1024.0,0.0,16.0,139990.0,1.0,0.0,TFT LCD,No,LPDDR5X,nvidia,mid,Acer,Windows,intel,high,high
2302,0.85,255.0,3.4,3200.0,60.0,0.0,1024.0,0.0,16.0,120990.0,1.0,0.0,OLED,Yes,LPDDR5X,qualcomm,low,Asus,Windows,qualcomm,mid,mid
2303,2.2,140.0,2.6,3200.0,120.0,4.0,1024.0,0.0,16.0,165900.0,1.0,1.0,LED,No,DDR5,nvidia,mid,Lenovo,Windows,intel,high,mid
2305,1.82,142.0,4.5,3200.0,60.0,0.0,512.0,0.0,16.0,70990.0,1.0,0.0,LED,No,LPDDR5X,intel,mid,Lenovo,Windows,intel,mid,high
2306,1.46,216.0,3.8,7500.0,165.0,6.0,1024.0,0.0,16.0,114990.0,0.0,0.0,IPS LCD,No,LPDDR5X,nvidia,mid,Asus,Windows,amd,high,high
2307,1.7,141.0,4.4,3200.0,60.0,0.0,512.0,0.0,8.0,42190.0,1.0,0.0,LED,No,DDR4,intel,mid,Asus,Windows,intel,mid,low
2308,1.5,212.0,5.1,3200.0,120.0,0.0,1024.0,0.0,16.0,152990.0,1.0,0.0,OLED,No,LPDDR5X,intel,mid,Asus,Windows,intel,high,high
2309,1.23,243.0,4.8,3200.0,120.0,8.0,512.0,0.0,16.0,139990.0,1.0,0.0,AMOLED,Yes,LPDDR5X,intel,mid,Samsung,Windows,intel,high,low
2310,1.59,141.0,4.4,3200.0,120.0,0.0,1024.0,0.0,8.0,54990.0,0.0,1.0,LED,No,DDR4,intel,mid,HP,Windows,intel,mid,low
2311,1.7,141.0,1.3,3200.0,60.0,0.0,512.0,0.0,16.0,48990.0,1.0,0.0,LED,No,DDR4,intel,mid,Asus,Windows,intel,mid,low
2313,2.49,178.0,5.8,3200.0,165.0,8.0,2048.0,0.0,64.0,299990.0,1.0,0.0,LED,Yes,DDR5,nvidia,high,MSI,Windows,intel,high,high
2314,2.38,189.0,5.5,5600.0,240.0,8.0,1024.0,0.0,32.0,149990.0,0.0,0.0,LED,No,DDR5,nvidia,mid,MSI,Windows,intel,high,high
2315,1.6,162.0,4.9,3200.0,144.0,6.0,512.0,0.0,16.0,91790.0,1.0,0.0,IPS LCD,No,DDR5,nvidia,mid,MSI,Windows,intel,high,high
2316,1.4,157.0,2.8,3200.0,120.0,0.0,512.0,0.0,8.0,36990.0,0.0,1.0,LED,No,DDR4,intel,mid,MSI,Windows,intel,mid,low
2317,1.4,157.0,4.4,3200.0,120.0,0.0,512.0,0.0,16.0,35490.0,0.0,1.0,LED,No,DDR4,intel,low,MSI,Windows,intel,low,low
2318,2.1,141.0,4.6,5600.0,144.0,6.0,1024.0,0.0,16.0,82990.0,0.0,0.0,TFT LCD,No,DDR5,nvidia,mid,Acer,Windows,intel,mid,high
2319,1.75,142.0,5.8,5600.0,144.0,8.0,1024.0,0.0,16.0,149990.0,0.0,0.0,LED,No,DDR5,nvidia,mid,MSI,Windows,intel,high,high
2320,3.6,168.0,5.4,5200.0,240.0,12.0,1024.0,0.0,32.0,269990.0,0.0,0.0,LED,No,DDR5,nvidia,high,MSI,Windows,amd,high,high
2321,2.29,141.0,4.9,3200.0,120.0,6.0,512.0,0.0,16.0,84990.0,1.0,1.0,LED,No,DDR4,nvidia,mid,HP,Windows,intel,high,high
2322,1.28,239.0,3.4,3200.0,90.0,0.0,1024.0,0.0,32.0,120990.0,1.0,0.0,OLED,Yes,LPDDR5X,qualcomm,low,Lenovo,Windows,qualcomm,high,high
2323,1.37,157.0,2.0,3200.0,120.0,0.0,512.0,0.0,8.0,45990.0,1.0,1.0,LED,No,LPDDR5,intel,low,Lenovo,Windows,intel,mid,high
2324,2.49,178.0,5.5,5600.0,165.0,8.0,2048.0,0.0,32.0,279990.0,0.0,0.0,LED,Yes,DDR5,nvidia,high,MSI,Windows,intel,high,high
2325,1.75,112.0,4.4,3200.0,120.0,0.0,512.0,0.0,8.0,36970.0,0.0,1.0,LED,No,DDR4,intel,mid,HP,DOS,intel,low,low
2326,1.57,141.0,4.6,3200.0,120.0,0.0,512.0,0.0,16.0,64990.0,1.0,1.0,LED,No,LPDDR4X,intel,mid,Samsung,Windows,intel,mid,low
2327,1.41,162.0,4.8,5600.0,120.0,0.0,512.0,0.0,16.0,99800.0,0.0,1.0,LED,No,DDR5,intel,low,HP,DOS,intel,high,low
2328,2.38,141.0,4.4,4800.0,144.0,6.0,512.0,0.0,24.0,78990.0,0.0,0.0,IPS LCD,No,DDR5,nvidia,mid,Lenovo,Windows,intel,mid,high
2329,2.81,141.0,4.9,4800.0,165.0,8.0,1024.0,0.0,16.0,119490.0,0.0,0.0,LED,No,DDR5,nvidia,mid,Dell,Windows,intel,high,high
2330,1.56,162.0,5.4,2400.0,60.0,0.0,1024.0,0.0,16.0,105990.0,0.0,0.0,LED,No,DDR5,intel,low,Dell,Windows,intel,high,low
2331,1.78,142.0,4.7,3200.0,120.0,0.0,512.0,0.0,16.0,39990.0,1.0,1.0,IPS LCD,No,LPDDR4X,intel,low,Other,Windows,intel,high,low
2332,1.5,162.0,4.5,4266.0,60.0,0.0,512.0,0.0,8.0,57999.0,0.0,0.0,IPS LCD,Yes,LPDDR4X,intel,low,Lenovo,Windows,intel,low,low
2333,1.59,141.0,4.5,3200.0,120.0,0.0,512.0,0.0,8.0,38899.0,0.0,1.0,LED,No,DDR4,intel,low,HP,Windows,intel,low,low
2334,1.59,141.0,2.8,3200.0,120.0,0.0,512.0,0.0,8.0,32700.0,1.0,1.0,LED,No,DDR4,intel,low,Acer,Windows,intel,low,low
2335,1.0,170.0,4.9,3200.0,120.0,0.0,512.0,0.0,16.0,77290.0,1.0,1.0,LED,No,LPDDR5X,amd,low,HP,Windows,amd,mid,low
2336,2.5,142.0,4.9,4800.0,165.0,6.0,1024.0,0.0,16.0,102283.0,0.0,0.0,LED,No,DDR5,nvidia,mid,Other,Windows,intel,high,high
2337,1.75,189.0,2.5,5200.0,240.0,8.0,1024.0,0.0,16.0,152790.0,0.0,0.0,LED,No,DDR5,nvidia,mid,Lenovo,Windows,amd,high,high
2338,2.1,141.0,2.8,3200.0,144.0,6.0,512.0,0.0,16.0,55470.0,1.0,0.0,LED,No,DDR5,nvidia,mid,Acer,Windows,amd,mid,high
2339,1.45,141.0,1.1,2933.0,120.0,0.0,0.0,0.0,8.0,21990.0,0.0,1.0,Other,No,LPDDR4X,intel,low,Lenovo,Google Chrome,intel,low,low
2340,1.37,157.0,3.8,3200.0,120.0,0.0,0.0,0.0,8.0,47990.0,1.0,1.0,IPS LCD,Yes,LPDDR5,intel,low,HP,Google Chrome,intel,low,low
2341,1.37,157.0,3.8,3200.0,120.0,0.0,0.0,0.0,8.0,48990.0,1.0,1.0,IPS LCD,Yes,LPDDR5,intel,low,HP,Google Chrome,intel,low,low
2342,1.86,141.0,4.9,3200.0,144.0,6.0,512.0,0.0,16.0,88990.0,1.0,0.0,LED,No,DDR4,nvidia,mid,MSI,Windows,intel,high,high
2343,1.7,141.0,1.2,3200.0,120.0,0.0,512.0,0.0,16.0,49999.0,1.0,1.0,LED,No,DDR5,intel,mid,MSI,Windows,intel,high,low
2344,1.99,189.0,5.1,5600.0,240.0,8.0,2048.0,0.0,32.0,280990.0,0.0,0.0,OLED,No,DDR5,nvidia,high,MSI,Windows,intel,high,high
2345,1.49,141.0,3.8,3200.0,120.0,0.0,256.0,0.0,8.0,38999.0,1.0,1.0,LED,No,LPDDR5,intel,low,HP,Google Chrome,intel,low,low
2347,1.23,243.0,4.8,3200.0,120.0,0.0,1024.0,0.0,32.0,156990.0,1.0,0.0,AMOLED,Yes,LPDDR5X,intel,mid,Samsung,Windows,intel,high,high
2348,1.54,162.0,3.8,3200.0,120.0,0.0,512.0,0.0,8.0,41900.0,1.0,1.0,TFT LCD,Yes,LPDDR5,intel,low,Acer,Windows,intel,low,low
2349,2.38,141.0,4.6,4800.0,144.0,6.0,512.0,0.0,16.0,74990.0,0.0,0.0,LED,No,DDR5,nvidia,mid,Lenovo,Windows,intel,mid,high
2350,1.23,243.0,4.8,3200.0,120.0,0.0,512.0,0.0,16.0,124990.0,1.0,1.0,AMOLED,Yes,LPDDR5X,intel,mid,Samsung,Windows,intel,high,high
2351,1.5,162.0,4.6,5200.0,60.0,0.0,512.0,0.0,16.0,70300.0,0.0,0.0,IPS LCD,Yes,LPDDR5X,intel,low,Lenovo,Windows,intel,mid,high
2352,1.41,162.0,4.6,3200.0,120.0,0.0,1024.0,0.0,16.0,83000.0,0.0,1.0,LED,No,DDR4,intel,mid,Lenovo,Windows,intel,mid,low
2353,1.8,141.0,1.9,3200.0,120.0,0.0,0.0,0.0,4.0,17990.0,1.0,1.0,LED,No,LPDDR4X,intel,low,Asus,Google Chrome,intel,low,low
2354,1.79,142.0,4.8,6400.0,120.0,0.0,512.0,0.0,16.0,62990.0,0.0,1.0,LED,No,LPDDR5,amd,low,HP,Windows,amd,mid,low
2355,1.41,162.0,4.8,5600.0,120.0,4.0,1024.0,0.0,32.0,143800.0,0.0,1.0,LED,No,DDR5,nvidia,mid,HP,Windows,intel,high,high
2356,1.22,201.0,3.4,3200.0,120.0,0.0,512.0,0.0,16.0,150990.0,1.0,0.0,LCD,No,DDR5,qualcomm,low,Other,Windows,qualcomm,high,high
2357,1.34,255.0,4.8,7467.0,60.0,0.0,1024.0,0.0,32.0,239990.0,0.0,0.0,OLED,Yes,LPDDR5X,intel,low,Lenovo,Windows,intel,high,low
2358,1.41,162.0,4.8,5600.0,120.0,4.0,1024.0,0.0,16.0,136800.0,0.0,1.0,LED,No,DDR5,nvidia,mid,HP,Windows,intel,high,high
2359,1.65,141.0,4.2,3200.0,120.0,0.0,512.0,0.0,8.0,28990.0,1.0,1.0,LED,No,LPDDR4,intel,low,Other,Windows,intel,low,low
2360,1.66,212.0,4.8,3200.0,120.0,0.0,512.0,0.0,16.0,163990.0,1.0,0.0,AMOLED,Yes,LPDDR5X,intel,mid,Samsung,Windows,intel,high,high
2361,2.0,236.0,5.1,7467.0,165.0,6.0,1024.0,0.0,32.0,181990.0,0.0,0.0,LED,Yes,LPDDR5X,nvidia,mid,Lenovo,Windows,intel,high,high
2362,2.32,282.0,4.9,3200.0,120.0,6.0,1024.0,0.0,16.0,174990.0,1.0,1.0,TFT LCD,No,DDR5,nvidia,mid,Acer,Windows,intel,high,high
2363,1.0,170.0,4.8,3200.0,120.0,0.0,512.0,0.0,16.0,84990.0,1.0,1.0,LED,No,LPDDR5X,amd,low,HP,Windows,amd,high,low
2364,2.32,282.0,4.6,3200.0,120.0,4.0,512.0,0.0,16.0,149990.0,1.0,1.0,TFT LCD,No,DDR5,nvidia,low,Acer,Windows,intel,mid,high
2365,1.49,243.0,4.8,7467.0,120.0,0.0,1024.0,0.0,32.0,179990.0,0.0,0.0,OLED,Yes,LPDDR5X,intel,mid,Lenovo,Windows,intel,high,high
2367,1.65,141.0,4.7,3200.0,120.0,0.0,512.0,0.0,16.0,37990.0,1.0,1.0,LED,No,LPDDR4,intel,mid,Other,Windows,intel,high,low
2368,1.69,141.0,4.2,3200.0,120.0,0.0,512.0,0.0,8.0,33990.0,0.0,1.0,LED,No,DDR4,intel,low,HP,Windows,intel,low,low
2369,2.2,141.0,4.5,4800.0,144.0,6.0,512.0,0.0,16.0,84990.0,0.0,0.0,IPS LCD,No,DDR5,nvidia,mid,Asus,Windows,amd,high,high
2370,1.59,141.0,2.8,3200.0,120.0,0.0,512.0,1024.0,16.0,29990.0,1.0,1.0,TFT LCD,No,DDR4,amd,low,Acer,Windows,amd,low,low
2371,1.59,141.0,2.8,3200.0,120.0,0.0,512.0,0.0,8.0,46990.0,1.0,1.0,TFT LCD,No,DDR4,intel,low,Acer,Windows,intel,mid,low
2372,1.66,200.0,3.4,3200.0,120.0,0.0,256.0,0.0,16.0,126300.0,1.0,1.0,LCD,No,DDR5,qualcomm,low,Other,Windows,qualcomm,high,high
2373,1.59,234.0,4.8,7467.0,120.0,6.0,1024.0,0.0,16.0,123990.0,0.0,0.0,OLED,No,LPDDR5X,nvidia,mid,Lenovo,Windows,intel,high,high
2374,1.19,253.0,3.4,8448.0,60.0,0.0,1024.0,0.0,32.0,227418.0,0.0,0.0,OLED,Yes,LPDDR5X,qualcomm,low,Dell,Windows,qualcomm,high,high
2375,1.98,142.0,5.0,5200.0,60.0,0.0,512.0,0.0,8.0,93999.0,0.0,0.0,LED,No,DDR5,intel,low,Dell,Windows,intel,mid,low
2376,2.3,141.0,3.1,5600.0,144.0,4.0,512.0,0.0,16.0,64300.0,0.0,0.0,LED,No,DDR5,nvidia,mid,Asus,Windows,amd,high,high
2377,1.0,251.0,3.4,3200.0,120.0,0.0,512.0,0.0,16.0,126990.0,1.0,1.0,LCD,Yes,DDR5,qualcomm,low,Other,Windows,qualcomm,mid,mid
2378,1.22,201.0,3.4,3200.0,120.0,0.0,512.0,0.0,16.0,150990.0,1.0,0.0,LCD,No,LPDDR5X,qualcomm,low,Other,Windows,qualcomm,high,high
2379,1.22,201.0,3.4,3200.0,120.0,0.0,1024.0,0.0,16.0,170990.0,1.0,0.0,LCD,No,LPDDR5X,qualcomm,low,Other,Windows,qualcomm,high,high
2380,1.22,201.0,3.4,3200.0,120.0,0.0,512.0,0.0,16.0,126990.0,1.0,0.0,LCD,No,DDR5,qualcomm,low,Other,Windows,qualcomm,mid,mid
2381,2.67,189.0,5.0,3200.0,240.0,8.0,1024.0,0.0,16.0,155990.0,1.0,0.0,LED,No,DDR5,nvidia,high,MSI,Windows,intel,high,high
2382,2.5,142.0,5.1,3200.0,165.0,8.0,1024.0,0.0,16.0,112990.0,1.0,0.0,LCD,No,DDR5,nvidia,mid,Acer,Windows,amd,high,high
2383,1.4,162.0,2.8,3200.0,120.0,0.0,512.0,0.0,8.0,41990.0,1.0,1.0,LED,No,LPDDR5,intel,mid,Acer,Windows,intel,mid,low
2384,1.45,141.0,3.4,3200.0,120.0,0.0,0.0,0.0,4.0,29585.0,1.0,1.0,LED,No,LPDDR5,intel,low,HP,Google Chrome,intel,low,low
2385,1.66,200.0,3.4,3200.0,120.0,0.0,1024.0,0.0,16.0,183999.0,1.0,0.0,LCD,No,LPDDR5X,qualcomm,low,Other,Windows,qualcomm,high,high
2386,1.43,157.0,3.3,3200.0,120.0,0.0,512.0,0.0,8.0,32985.0,0.0,1.0,LED,No,DDR4,intel,low,Lenovo,Windows,intel,low,low
2387,1.28,243.0,5.1,3200.0,120.0,0.0,1024.0,0.0,32.0,170990.0,1.0,0.0,OLED,Yes,LPDDR5X,intel,mid,Asus,Windows,intel,high,high
2388,1.45,162.0,2.3,3200.0,60.0,4.0,1024.0,0.0,16.0,86990.0,1.0,0.0,LED,No,DDR4,nvidia,low,Asus,Windows,intel,high,high
2389,2.8,141.0,4.9,4800.0,144.0,6.0,512.0,0.0,16.0,105624.0,0.0,0.0,LED,No,DDR5,nvidia,mid,Other,Windows,intel,high,high
2390,1.69,141.0,4.2,3200.0,120.0,0.0,256.0,0.0,8.0,30999.0,1.0,1.0,LED,No,DDR4,intel,low,HP,Windows,intel,low,low
2391,2.8,141.0,4.7,4800.0,144.0,6.0,512.0,0.0,16.0,91257.0,0.0,0.0,LED,No,DDR5,nvidia,mid,Other,Windows,intel,mid,high
2392,2.7,127.0,4.8,5600.0,144.0,6.0,1024.0,0.0,16.0,114990.0,0.0,0.0,IPS LCD,No,DDR5,nvidia,mid,MSI,Windows,amd,high,high
2393,2.3,142.0,4.9,3200.0,165.0,8.0,512.0,0.0,16.0,105226.0,1.0,0.0,LED,No,DDR5,nvidia,mid,Other,Windows,intel,high,high
2394,2.3,142.0,4.9,4800.0,165.0,6.0,512.0,0.0,16.0,74990.0,0.0,0.0,LED,No,DDR5,nvidia,mid,Other,Windows,intel,high,high
2395,1.58,141.0,2.8,3200.0,120.0,0.0,512.0,0.0,8.0,36600.0,1.0,1.0,LED,No,DDR5,amd,low,Lenovo,Windows,amd,mid,low
2396,1.7,162.0,4.5,5600.0,144.0,0.0,512.0,0.0,16.0,84990.0,0.0,0.0,LED,No,DDR5,intel,mid,MSI,Windows,intel,mid,high
2397,1.7,141.0,4.6,3200.0,60.0,0.0,512.0,0.0,16.0,50990.0,1.0,0.0,LED,No,DDR4,intel,mid,Asus,Windows,intel,mid,low
2398,1.9,141.0,5.4,3200.0,144.0,0.0,512.0,0.0,16.0,69990.0,0.0,0.0,LED,No,DDR4,intel,mid,MSI,Windows,intel,high,high
2399,1.0,227.0,3.4,4800.0,90.0,0.0,1024.0,0.0,16.0,118990.0,0.0,0.0,LED,Yes,LPDDR5,intel,mid,Lenovo,Windows,intel,high,mid
2400,1.65,157.0,1.6,2400.0,120.0,0.0,512.0,0.0,8.0,66990.0,0.0,1.0,LED,Yes,DDR4,intel,low,Lenovo,Windows,intel,mid,low
2401,2.46,137.0,4.2,2933.0,144.0,4.0,512.0,0.0,16.0,68500.0,0.0,0.0,LED,No,DDR4,nvidia,low,HP,Windows,intel,mid,high
2402,2.1,112.0,1.6,2133.0,120.0,0.0,0.0,1024.0,4.0,47899.0,0.0,1.0,LED,No,DDR4,intel,low,Dell,Windows,intel,mid,low
2403,1.1,166.0,2.7,2133.0,120.0,0.0,256.0,0.0,8.0,74990.0,0.0,1.0,LED,No,DDR4,intel,low,Lenovo,Windows,intel,high,low
2404,2.25,141.0,2.7,3200.0,144.0,4.0,512.0,0.0,8.0,74999.0,0.0,0.0,LED,No,DDR4,nvidia,mid,MSI,Windows,intel,mid,high
2405,1.85,141.0,1.0,3200.0,120.0,0.0,256.0,0.0,4.0,42970.0,1.0,1.0,LED,No,DDR4,intel,low,Lenovo,DOS,intel,mid,low
2406,1.72,216.0,4.8,3200.0,120.0,8.0,1024.0,0.0,16.0,173885.0,1.0,0.0,LED,No,DDR5,amd,high,Asus,Windows,amd,high,high
2407,1.75,166.0,4.2,3200.0,120.0,0.0,512.0,0.0,8.0,69990.0,0.0,1.0,LED,No,DDR4,amd,low,HP,Windows,amd,mid,low
2408,2.59,141.0,2.8,3200.0,120.0,0.0,512.0,0.0,4.0,34998.0,1.0,1.0,LED,No,DDR4,intel,low,Lenovo,DOS,intel,low,low
2409,2.2,188.0,3.1,4800.0,165.0,6.0,1024.0,0.0,16.0,144990.0,0.0,0.0,LED,No,DDR5,nvidia,mid,Asus,Windows,amd,high,high
2410,1.5,157.0,2.1,2666.0,120.0,0.0,0.0,1024.0,4.0,36990.0,0.0,1.0,LED,No,DDR4,intel,low,Lenovo,Windows,intel,low,low
2411,0.9,166.0,3.7,4800.0,120.0,0.0,512.0,0.0,16.0,69990.0,0.0,1.0,LED,No,LPDDR5,intel,mid,Other,Windows,intel,high,low
2412,1.53,162.0,3.2,8448.0,60.0,0.0,512.0,0.0,16.0,82990.0,0.0,0.0,LED,No,LPDDR5X,qualcomm,low,Dell,Windows,qualcomm,mid,mid
2413,1.3,166.0,2.0,2400.0,120.0,0.0,128.0,0.0,4.0,79339.0,0.0,1.0,LED,Yes,DDR4,amd,low,HP,Windows,amd,low,low
2414,1.2,243.0,4.8,3200.0,120.0,0.0,1024.0,0.0,32.0,149990.0,1.0,0.0,OLED,Yes,LPDDR5X,intel,mid,Asus,Windows,intel,high,low
2415,1.7,234.0,2.3,3200.0,120.0,0.0,1024.0,0.0,16.0,158812.0,1.0,0.0,OLED,Yes,LPDDR5,intel,mid,Asus,Windows,intel,high,high
2416,1.6,112.0,2.4,3200.0,120.0,0.0,512.0,0.0,8.0,40960.0,0.0,1.0,LED,No,DDR4,intel,mid,Lenovo,DOS,intel,mid,low
2417,2.0,141.0,2.3,2133.0,120.0,4.0,128.0,1024.0,8.0,67990.0,0.0,1.0,LED,No,DDR4,nvidia,low,HP,Windows,intel,mid,high
2418,1.4,315.0,4.8,5200.0,120.0,0.0,1024.0,0.0,16.0,179759.0,0.0,1.0,LED,Yes,LPDDR5,intel,mid,Lenovo,Windows,intel,high,mid
2419,1.91,138.0,2.0,3200.0,60.0,0.0,512.0,0.0,16.0,76000.0,0.0,0.0,LED,No,DDR4,amd,low,Dell,Windows,amd,high,low
2420,1.8,141.0,3.1,3200.0,60.0,4.0,1024.0,0.0,16.0,92500.0,1.0,0.0,OLED,No,DDR4,nvidia,mid,Asus,Windows,amd,high,high
2422,2.2,141.0,3.3,3200.0,144.0,4.0,1024.0,0.0,16.0,108000.0,1.0,0.0,LED,No,DDR5,nvidia,mid,Asus,Windows,amd,high,high
2423,1.7,141.0,4.6,3200.0,60.0,0.0,512.0,0.0,16.0,50990.0,0.0,0.0,LED,No,DDR4,intel,mid,Asus,Windows,intel,mid,low
2424,1.24,329.0,1.2,5200.0,120.0,0.0,512.0,0.0,16.0,163660.0,0.0,1.0,LED,Yes,LPDDR5,intel,mid,Dell,Windows,intel,mid,mid
2425,2.4,141.0,2.6,2400.0,120.0,8.0,1024.0,0.0,32.0,258390.0,0.0,1.0,LED,No,DDR5,nvidia,high,MSI,Windows,intel,high,high
2426,1.5,141.0,4.7,3200.0,120.0,4.0,512.0,0.0,16.0,232221.0,0.0,1.0,LED,Yes,DDR4,nvidia,mid,Dell,Windows,intel,high,high
2427,2.07,141.0,2.6,3200.0,120.0,4.0,1024.0,0.0,16.0,154000.0,1.0,1.0,LED,No,DDR4,nvidia,mid,Lenovo,Windows,intel,high,high
2428,1.75,141.0,4.6,2666.0,120.0,2.0,256.0,1024.0,8.0,78990.0,0.0,1.0,LED,No,DDR4,nvidia,low,Asus,Windows,intel,high,low
2429,4.0,282.0,4.6,1380.0,120.0,6.0,1024.0,0.0,16.0,234990.0,0.0,1.0,LED,Yes,DDR4,nvidia,mid,Asus,Windows,intel,high,high
2430,2.7,141.0,3.0,2400.0,120.0,4.0,0.0,1024.0,8.0,59920.0,0.0,1.0,LED,No,DDR4,amd,mid,Acer,Windows,amd,low,mid
2431,1.8,141.0,4.3,3200.0,120.0,0.0,512.0,0.0,16.0,63999.0,1.0,1.0,LED,No,DDR4,amd,low,Asus,Windows,amd,high,low
2432,1.27,163.0,4.2,3200.0,120.0,0.0,256.0,0.0,8.0,77990.0,1.0,1.0,LED,Yes,LPDDR5,intel,low,Other,Windows,intel,mid,low
2433,1.56,200.0,4.7,3200.0,120.0,0.0,256.0,0.0,8.0,104990.0,1.0,1.0,LED,Yes,LPDDR5X,intel,mid,Other,Windows,intel,high,low
2434,1.75,157.0,3.0,3200.0,60.0,0.0,256.0,0.0,8.0,35590.0,1.0,0.0,LED,No,DDR4,intel,low,Lenovo,Windows,intel,low,low
2435,2.15,254.0,4.5,3200.0,120.0,0.0,1024.0,0.0,48.0,381990.0,1.0,0.0,LED,No,DDR4,intel,low,Apple,macOS,apple,high,high
2437,2.56,282.0,2.8,2400.0,120.0,6.0,128.0,1024.0,16.0,142990.0,0.0,1.0,LED,No,DDR4,nvidia,mid,HP,Windows,intel,high,high
2438,2.48,137.0,3.3,3200.0,144.0,4.0,512.0,0.0,8.0,78900.0,1.0,0.0,LED,No,DDR5,nvidia,mid,HP,Windows,amd,mid,high
2439,2.2,141.0,4.8,4800.0,120.0,4.0,1024.0,0.0,32.0,189900.0,0.0,1.0,LED,No,DDR5,nvidia,mid,Lenovo,Windows,intel,high,high
2440,1.8,141.0,4.0,3200.0,120.0,0.0,512.0,0.0,16.0,62990.0,1.0,1.0,LED,No,DDR4,amd,low,Asus,Windows,amd,mid,low
2441,1.6,266.0,4.7,4267.0,120.0,0.0,1024.0,0.0,16.0,165462.0,0.0,1.0,LED,Yes,LPDDR4X,intel,mid,Dell,Windows,intel,high,low
2442,2.57,266.0,5.0,3200.0,120.0,6.0,1024.0,0.0,32.0,331353.0,1.0,1.0,LED,No,DDR5,nvidia,mid,Dell,Windows,intel,high,high
2443,1.4,157.0,1.1,2400.0,120.0,0.0,64.0,0.0,4.0,17999.0,0.0,1.0,LED,No,LPDDR4,intel,low,Lenovo,Google Chrome,intel,low,low
2444,1.69,141.0,4.0,2666.0,60.0,0.0,256.0,1024.0,8.0,44990.0,0.0,0.0,LED,No,DDR4,intel,low,Dell,Windows,intel,low,low
2445,1.8,141.0,1.8,2666.0,120.0,4.0,512.0,0.0,16.0,153603.0,0.0,1.0,LED,No,DDR4,nvidia,low,Dell,Windows,intel,high,high
2446,1.12,149.0,2.4,3200.0,60.0,0.0,128.0,0.0,8.0,73999.0,1.0,0.0,LED,Yes,LPDDR4X,intel,mid,Other,Windows,intel,mid,low
2447,1.8,100.0,1.1,2400.0,60.0,0.0,0.0,0.0,4.0,30790.0,0.0,0.0,LED,No,DDR4,intel,low,Asus,Windows,intel,low,low
2448,1.12,166.0,1.6,2133.0,120.0,0.0,512.0,0.0,8.0,94990.0,0.0,1.0,LED,Yes,DDR4,intel,low,Lenovo,Windows,intel,mid,low
2449,1.6,112.0,3.0,3200.0,120.0,0.0,512.0,0.0,8.0,31910.0,0.0,1.0,LED,No,DDR4,intel,low,Lenovo,DOS,intel,low,low
2450,1.65,162.0,4.7,3200.0,144.0,8.0,1024.0,0.0,16.0,151990.0,1.0,0.0,LED,No,DDR5,amd,high,Asus,Windows,amd,high,high
2451,1.12,149.0,2.4,3200.0,60.0,0.0,256.0,0.0,8.0,80999.0,1.0,0.0,LED,Yes,LPDDR4X,intel,mid,Other,Windows,intel,mid,low
2452,1.6,157.0,2.3,2400.0,120.0,0.0,0.0,1024.0,4.0,22283.0,0.0,1.0,LED,No,DDR4,amd,low,Lenovo,Windows,amd,low,low
2453,1.98,141.0,2.8,3200.0,144.0,4.0,512.0,0.0,16.0,92490.0,0.0,0.0,LED,No,DDR4,nvidia,mid,HP,Windows,amd,high,high
2454,1.9,112.0,1.2,3200.0,120.0,0.0,0.0,1024.0,4.0,20899.0,1.0,1.0,LED,No,DDR4,amd,low,Acer,Windows,amd,low,low
2455,2.02,100.0,1.6,2400.0,120.0,2.0,0.0,1024.0,8.0,58990.0,0.0,1.0,LED,No,DDR4,nvidia,low,HP,Windows,intel,mid,low
2456,2.4,188.0,2.3,3200.0,165.0,8.0,1024.0,0.0,16.0,225337.0,1.0,0.0,LED,No,DDR4,nvidia,high,Other,Windows,intel,high,high
2457,1.46,112.0,1.1,2400.0,120.0,0.0,0.0,0.0,4.0,43580.0,0.0,1.0,LED,Yes,LPDDR4,intel,low,HP,Google Chrome,intel,low,low
2458,0.78,166.0,3.3,2933.0,120.0,0.0,128.0,0.0,4.0,42990.0,0.0,1.0,OLED,Yes,DDR4,intel,low,Asus,Windows,intel,low,low
2459,1.62,141.0,4.6,4800.0,120.0,0.0,512.0,0.0,16.0,57890.0,0.0,1.0,LED,No,LPDDR5,intel,low,Lenovo,Windows,intel,mid,high
2460,2.29,141.0,5.2,5600.0,144.0,8.0,1024.0,0.0,16.0,109990.0,0.0,0.0,LED,No,DDR5,nvidia,mid,HP,Windows,amd,high,high
2461,2.32,137.0,4.2,3200.0,144.0,4.0,512.0,0.0,16.0,99990.0,0.0,0.0,LED,No,DDR4,nvidia,mid,HP,Windows,amd,high,high
2462,1.5,157.0,2.8,3200.0,120.0,0.0,512.0,0.0,8.0,78478.0,0.0,1.0,LED,Yes,DDR4,intel,low,HP,Windows,intel,mid,low
2463,1.65,141.0,4.5,3200.0,120.0,0.0,1024.0,0.0,16.0,71990.0,1.0,1.0,LED,No,DDR5,intel,low,HP,Windows,intel,mid,high
2464,1.4,232.0,2.0,3733.0,120.0,0.0,512.0,0.0,16.0,174900.0,0.0,1.0,LED,No,LPDDR4X,intel,low,Apple,macOS,intel,mid,low
2465,1.37,157.0,2.8,5500.0,120.0,0.0,512.0,0.0,8.0,40190.0,0.0,1.0,LED,No,LPDDR5,amd,low,Lenovo,Windows,amd,mid,low
2466,1.59,141.0,4.5,3200.0,120.0,0.0,512.0,0.0,16.0,33490.0,1.0,1.0,LED,No,DDR4,intel,low,Acer,Windows,intel,low,low
2467,2.37,141.0,2.8,3200.0,144.0,6.0,1024.0,0.0,16.0,113490.0,1.0,0.0,LED,No,DDR4,nvidia,mid,HP,Windows,amd,high,high
2468,1.7,141.0,2.4,2666.0,120.0,0.0,512.0,0.0,8.0,52990.0,0.0,1.0,LED,No,DDR4,intel,mid,Lenovo,Windows,intel,mid,low
2469,1.62,141.0,4.4,4800.0,120.0,0.0,512.0,0.0,16.0,55400.0,0.0,1.0,LED,No,LPDDR5,intel,low,Lenovo,Windows,intel,mid,high
2470,2.1,100.0,2.0,2133.0,120.0,0.0,0.0,1024.0,4.0,37017.0,0.0,1.0,LED,No,DDR4,intel,low,Dell,Windows,intel,low,low
2471,2.57,141.0,3.3,3200.0,120.0,4.0,512.0,0.0,8.0,95999.0,0.0,0.0,LED,No,DDR4,nvidia,mid,Dell,Windows,amd,mid,high
2472,0.78,267.0,2.4,1866.0,120.0,0.0,128.0,0.0,4.0,79990.0,0.0,1.0,LCD,Yes,DDR3,intel,low,Other,Windows,intel,mid,low
2473,1.66,100.0,2.8,2400.0,120.0,0.0,256.0,0.0,8.0,49852.0,0.0,0.0,LED,No,DDR4,amd,low,Dell,Windows,amd,low,low
2474,1.48,157.0,0.8,2666.0,120.0,0.0,512.0,0.0,8.0,35990.0,0.0,1.0,LED,No,DDR4,intel,low,Dell,Windows,intel,low,low
2475,1.53,162.0,4.7,4800.0,120.0,0.0,1024.0,0.0,16.0,70190.0,0.0,1.0,LED,No,LPDDR5,intel,mid,Dell,Windows,intel,mid,low
2476,1.66,141.0,4.4,2666.0,120.0,0.0,512.0,0.0,8.0,35990.0,0.0,0.0,LED,No,DDR4,intel,low,Dell,Windows,intel,low,low
2478,1.66,141.0,4.2,2666.0,120.0,0.0,512.0,0.0,16.0,50989.0,0.0,0.0,LED,No,DDR4,intel,mid,Dell,Windows,intel,mid,low
2479,1.59,141.0,2.8,3200.0,120.0,0.0,512.0,0.0,8.0,32990.0,1.0,1.0,TFT LCD,No,DDR4,intel,low,Acer,Windows,intel,low,low
2480,2.3,100.0,2.5,2400.0,120.0,2.0,0.0,1024.0,8.0,59000.0,0.0,1.0,LED,No,DDR4,amd,low,Dell,Windows,intel,mid,low
2481,1.59,141.0,2.8,3200.0,120.0,0.0,512.0,0.0,16.0,38990.0,1.0,1.0,TFT LCD,No,DDR4,amd,low,Acer,Windows,amd,mid,low
2482,2.28,141.0,2.4,2666.0,120.0,4.0,256.0,1024.0,8.0,76390.0,0.0,1.0,LED,No,DDR4,nvidia,low,HP,Windows,intel,mid,high
2483,1.98,141.0,4.7,3200.0,144.0,6.0,512.0,0.0,16.0,89990.0,1.0,0.0,LED,No,DDR5,nvidia,mid,MSI,Windows,intel,high,high
2484,1.7,141.0,3.4,3200.0,120.0,0.0,1024.0,0.0,16.0,127107.0,1.0,1.0,OLED,Yes,DDR4,intel,mid,HP,Windows,intel,high,low
2485,1.86,100.0,2.0,2133.0,120.0,0.0,0.0,1024.0,4.0,28990.0,0.0,1.0,LED,No,DDR4,intel,low,HP,Windows,intel,low,low
2486,1.6,157.0,2.6,3200.0,120.0,0.0,256.0,0.0,4.0,30184.0,1.0,1.0,LED,Yes,DDR4,amd,low,Asus,Windows,amd,low,low
2487,1.8,141.0,1.2,3200.0,60.0,0.0,512.0,0.0,8.0,34225.0,0.0,0.0,LED,No,DDR4,intel,low,Asus,Windows,intel,low,low
2488,2.15,141.0,4.0,3200.0,120.0,4.0,512.0,0.0,8.0,45990.0,1.0,1.0,TFT LCD,No,DDR4,nvidia,low,Acer,Windows,amd,mid,low
2489,2.15,141.0,2.1,3200.0,60.0,4.0,512.0,0.0,8.0,72990.0,1.0,0.0,LED,No,DDR4,nvidia,low,Acer,Windows,amd,mid,high
2490,1.8,112.0,2.3,2133.0,120.0,0.0,0.0,1024.0,4.0,22990.0,0.0,1.0,LED,No,DDR4,intel,low,Acer,Windows,intel,low,low
2491,1.76,141.0,2.6,2400.0,120.0,0.0,0.0,1024.0,8.0,24831.0,0.0,1.0,LED,No,DDR4,amd,low,HP,Windows,amd,low,low
2492,1.35,128.0,1.8,1600.0,120.0,0.0,128.0,0.0,8.0,71990.0,0.0,1.0,LED,No,LPDDR3,intel,low,Apple,macOS,intel,mid,low
2493,1.9,141.0,2.3,3200.0,120.0,0.0,0.0,1024.0,4.0,29404.0,1.0,1.0,LED,No,DDR4,intel,low,Asus,Windows,intel,low,low
2494,1.47,112.0,2.3,2133.0,120.0,0.0,256.0,0.0,8.0,33990.0,0.0,1.0,LED,No,DDR4,intel,low,HP,Windows,intel,low,low
2495,1.85,141.0,2.6,2133.0,120.0,0.0,0.0,1024.0,4.0,28990.0,0.0,1.0,LED,No,DDR4,amd,low,Lenovo,Windows,amd,low,low
2496,1.85,141.0,2.3,3200.0,120.0,0.0,0.0,1024.0,4.0,30980.0,1.0,1.0,LED,No,DDR4,intel,low,Lenovo,Windows,intel,low,low
2498,1.77,141.0,1.2,2666.0,120.0,0.0,0.0,1024.0,8.0,45990.0,0.0,1.0,LED,No,DDR4,intel,low,HP,Windows,intel,low,low
2499,2.15,141.0,2.3,3200.0,120.0,4.0,512.0,0.0,8.0,57990.0,1.0,1.0,LED,Yes,DDR4,nvidia,low,Acer,Windows,amd,high,high
2500,1.15,135.0,1.6,3200.0,120.0,0.0,16.0,0.0,4.0,37874.0,1.0,1.0,LED,No,LPDDR3,intel,low,Samsung,Google Chrome,intel,low,low
2501,1.08,135.0,2.0,3733.0,120.0,0.0,0.0,0.0,4.0,50587.0,0.0,1.0,LED,Yes,LPDDR4,mediatek,low,HP,Google Chrome,mediatek,low,low
2502,1.91,100.0,1.2,2666.0,120.0,0.0,0.0,1024.0,8.0,38990.0,0.0,1.0,LED,No,DDR4,intel,low,HP,Windows,intel,low,low
2503,1.5,243.0,4.7,3200.0,90.0,0.0,512.0,0.0,16.0,65990.0,1.0,0.0,OLED,No,DDR4,intel,mid,Asus,Windows,intel,mid,high
2504,1.86,141.0,2.5,3200.0,60.0,4.0,256.0,1024.0,8.0,49990.0,1.0,0.0,LED,No,DDR4,nvidia,low,MSI,Windows,intel,mid,high
2505,2.0,100.0,2.4,2133.0,120.0,0.0,0.0,1024.0,4.0,24990.0,0.0,1.0,LED,No,DDR4,amd,low,Lenovo,Windows,amd,low,low
2506,1.41,157.0,4.2,3200.0,120.0,0.0,512.0,0.0,16.0,66999.0,0.0,1.0,LED,No,DDR4,intel,mid,HP,Windows,intel,mid,low
2507,1.85,100.0,2.6,2133.0,120.0,0.0,0.0,1024.0,4.0,17990.0,0.0,1.0,LED,No,DDR4,amd,low,Lenovo,DOS,amd,low,low
2508,1.66,157.0,1.0,2666.0,120.0,0.0,256.0,1024.0,8.0,57217.0,0.0,1.0,LED,No,DDR4,intel,low,Dell,Windows,intel,mid,low
2509,1.7,141.0,3.0,2666.0,120.0,0.0,512.0,0.0,8.0,35890.0,0.0,1.0,LED,No,DDR4,intel,low,Lenovo,Windows,intel,low,low
2510,2.7,141.0,2.0,2400.0,120.0,4.0,0.0,1024.0,8.0,79999.0,0.0,1.0,LED,No,DDR4,amd,mid,Acer,Windows,amd,mid,low
2511,2.3,141.0,2.1,3200.0,60.0,4.0,0.0,1024.0,8.0,47890.0,1.0,0.0,LED,No,DDR4,amd,mid,Acer,Windows,amd,mid,high
2512,1.79,112.0,1.6,2666.0,120.0,2.0,0.0,1024.0,8.0,50575.0,0.0,1.0,LED,No,DDR4,amd,low,Dell,Windows,intel,mid,low
2513,1.47,112.0,1.6,2666.0,120.0,0.0,512.0,0.0,8.0,53900.0,0.0,1.0,LED,No,DDR4,intel,low,HP,Windows,intel,mid,low
2514,1.7,141.0,2.1,2400.0,120.0,0.0,512.0,0.0,8.0,45499.0,0.0,1.0,LED,No,DDR4,amd,low,HP,Windows,amd,mid,low
2515,1.47,112.0,1.6,2400.0,120.0,0.0,0.0,1024.0,8.0,46990.0,0.0,1.0,LED,No,DDR4,intel,low,HP,Windows,intel,mid,low
2516,1.8,141.0,4.0,3200.0,120.0,0.0,256.0,1024.0,8.0,46990.0,0.0,1.0,LED,No,DDR4,amd,low,Asus,Windows,amd,mid,low
2517,1.5,130.0,1.3,3200.0,120.0,0.0,32.0,0.0,2.0,17999.0,1.0,1.0,LCD,Yes,DDR3,intel,low,Other,Windows,intel,low,low
2518,2.3,141.0,2.4,3200.0,120.0,3.0,0.0,1024.0,8.0,55490.0,1.0,1.0,LED,No,DDR4,nvidia,low,Acer,Windows,intel,mid,high
2519,1.15,135.0,1.6,1866.0,120.0,0.0,32.0,0.0,4.0,54211.0,0.0,1.0,LED,No,LPDDR3,intel,low,Samsung,Google Chrome,intel,low,low
2520,1.77,141.0,4.1,2666.0,120.0,0.0,0.0,1024.0,8.0,42990.0,0.0,1.0,LED,No,DDR4,intel,low,HP,Windows,intel,low,low
2521,1.58,157.0,1.7,2666.0,120.0,0.0,256.0,0.0,8.0,55448.0,0.0,1.0,LED,No,DDR4,intel,low,Dell,Windows,intel,low,low
2522,1.86,141.0,1.6,2400.0,120.0,0.0,0.0,1024.0,8.0,40990.0,0.0,1.0,LED,No,DDR4,intel,low,HP,DOS,intel,mid,low
2523,1.69,141.0,1.2,2666.0,120.0,0.0,512.0,0.0,4.0,41500.0,0.0,1.0,LED,No,DDR4,intel,low,HP,Windows,intel,low,low
2525,2.2,141.0,2.4,2666.0,120.0,4.0,512.0,0.0,8.0,138256.0,0.0,1.0,LED,No,DDR4,nvidia,low,Asus,Windows,intel,mid,high
2526,1.77,141.0,2.3,2133.0,120.0,0.0,0.0,1024.0,4.0,35276.0,0.0,1.0,LED,No,DDR4,intel,low,HP,Windows,intel,low,low
2527,3.18,141.0,4.2,3200.0,144.0,4.0,512.0,0.0,8.0,113752.0,1.0,0.0,LED,No,DDR4,nvidia,low,Asus,Windows,intel,mid,high
2528,2.1,141.0,2.6,2133.0,120.0,0.0,0.0,1024.0,4.0,21990.0,0.0,1.0,LED,No,DDR4,amd,low,Lenovo,Windows,amd,low,low
2529,1.74,100.0,2.4,2400.0,120.0,0.0,0.0,1024.0,4.0,29632.0,0.0,1.0,LED,No,DDR4,intel,low,HP,Windows,intel,low,low
2530,1.66,141.0,2.4,3200.0,120.0,0.0,512.0,0.0,16.0,58990.0,1.0,1.0,LED,No,DDR4,intel,mid,Lenovo,Windows,intel,mid,low
2531,1.5,162.0,2.5,3200.0,60.0,0.0,512.0,0.0,8.0,62990.0,1.0,0.0,LED,No,DDR4,intel,mid,Asus,Windows,intel,mid,high
2532,1.5,157.0,2.5,3200.0,60.0,0.0,512.0,0.0,8.0,62990.0,1.0,0.0,LED,No,DDR4,intel,mid,Asus,Windows,intel,mid,high
2533,1.8,141.0,3.0,3200.0,120.0,0.0,256.0,0.0,4.0,26990.0,1.0,1.0,LED,No,DDR4,intel,low,Asus,Windows,intel,low,low
2534,2.4,100.0,2.3,2400.0,120.0,0.0,0.0,1024.0,4.0,30590.0,0.0,1.0,LED,No,DDR4,intel,low,Dell,Windows,intel,low,low
2535,1.3,135.0,1.3,3200.0,120.0,0.0,32.0,0.0,2.0,10490.0,1.0,1.0,LCD,No,DDR3,intel,low,Other,Windows,intel,low,low
2536,2.19,141.0,2.4,2400.0,120.0,3.0,0.0,1024.0,8.0,52990.0,0.0,1.0,LED,No,DDR4,nvidia,low,Lenovo,Windows,intel,mid,high
2537,1.8,141.0,4.1,3200.0,120.0,0.0,256.0,0.0,8.0,58990.0,1.0,1.0,OLED,No,DDR4,intel,low,Asus,Windows,intel,low,low
2538,1.85,141.0,1.1,3200.0,120.0,0.0,0.0,1024.0,8.0,48744.0,1.0,1.0,LED,No,DDR4,intel,low,Lenovo,Windows,intel,mid,low
2539,2.3,141.0,2.8,3200.0,144.0,6.0,256.0,1024.0,16.0,79900.0,1.0,0.0,LED,No,DDR4,nvidia,mid,Acer,Windows,intel,high,high
2540,1.8,100.0,2.7,3200.0,120.0,0.0,0.0,1024.0,4.0,21990.0,1.0,1.0,LED,No,DDR4,intel,low,Asus,Windows,intel,low,low
2541,1.85,100.0,1.1,2400.0,120.0,0.0,256.0,0.0,4.0,29990.0,0.0,1.0,LED,No,DDR4,intel,low,Lenovo,Windows,intel,low,low
2542,1.1,157.0,1.6,2666.0,120.0,0.0,512.0,0.0,8.0,42917.0,0.0,1.0,LED,No,DDR4,intel,low,Other,Windows,intel,mid,low
2543,1.55,157.0,1.6,1600.0,120.0,0.0,32.0,0.0,4.0,59870.0,0.0,1.0,LED,No,DDR3,intel,low,Acer,Google Chrome,intel,low,low
2544,1.7,141.0,4.0,2666.0,120.0,0.0,256.0,0.0,8.0,39299.0,0.0,1.0,LED,No,DDR4,intel,low,HP,Windows,intel,low,low
2545,1.66,141.0,2.4,2400.0,120.0,0.0,512.0,0.0,16.0,60890.0,0.0,1.0,LED,No,DDR4,intel,mid,Lenovo,Windows,intel,mid,low
2546,1.7,141.0,2.6,2400.0,120.0,0.0,256.0,0.0,4.0,28999.0,0.0,1.0,LED,No,DDR4,amd,low,HP,Windows,amd,low,low
2547,1.15,135.0,1.6,1866.0,120.0,0.0,64.0,0.0,4.0,71310.0,0.0,1.0,LED,No,LPDDR3,intel,low,Samsung,Google Chrome,intel,low,low
2548,1.43,157.0,1.6,2400.0,120.0,0.0,0.0,1024.0,8.0,49990.0,0.0,1.0,LED,No,DDR4,intel,low,HP,Windows,intel,mid,low
2549,1.7,157.0,1.1,3200.0,120.0,0.0,64.0,0.0,4.0,17500.0,1.0,1.0,LED,No,LPDDR4,intel,low,Acer,Google Chrome,intel,low,low
2550,1.96,141.0,2.1,2400.0,120.0,0.0,512.0,0.0,8.0,52990.0,0.0,1.0,LED,No,DDR4,amd,low,Dell,Windows,amd,mid,low
2551,1.64,112.0,1.2,2666.0,120.0,0.0,0.0,1024.0,4.0,33990.0,0.0,1.0,LED,No,DDR4,intel,low,Dell,Windows,intel,low,low
2552,1.85,100.0,2.3,2400.0,120.0,0.0,0.0,1024.0,4.0,27990.0,0.0,1.0,LED,No,DDR4,amd,low,HP,Windows,amd,low,low
2553,1.43,157.0,1.6,2666.0,120.0,0.0,256.0,1024.0,8.0,56990.0,0.0,1.0,LED,No,DDR4,intel,low,HP,Windows,intel,mid,low
2554,2.4,141.0,2.4,2400.0,60.0,4.0,512.0,0.0,8.0,54990.0,0.0,0.0,LED,No,DDR4,nvidia,low,MSI,Windows,intel,mid,high
2555,1.66,112.0,1.2,2666.0,120.0,0.0,0.0,1024.0,4.0,39990.0,0.0,1.0,LED,No,DDR4,intel,low,Dell,Windows,intel,low,low
2557,1.75,100.0,2.8,3200.0,120.0,0.0,512.0,0.0,8.0,34890.0,1.0,1.0,LED,No,DDR4,intel,low,HP,Windows,intel,low,low
2558,2.28,141.0,2.4,2666.0,120.0,4.0,256.0,1024.0,8.0,74890.0,0.0,1.0,LED,No,DDR4,nvidia,low,HP,Windows,intel,mid,high
2559,1.6,141.0,1.6,2133.0,120.0,2.0,512.0,0.0,8.0,50230.0,0.0,1.0,LED,No,DDR4,nvidia,low,Asus,Windows,intel,mid,low
2560,1.85,100.0,2.3,2400.0,120.0,0.0,0.0,1024.0,4.0,25990.0,0.0,1.0,LED,No,DDR4,amd,low,Lenovo,Windows,amd,low,low
2561,1.41,157.0,4.8,3200.0,120.0,0.0,1024.0,0.0,16.0,78999.0,0.0,1.0,LED,No,DDR4,intel,mid,HP,Windows,intel,high,low
2562,1.76,141.0,2.1,2400.0,120.0,0.0,0.0,1024.0,8.0,90000.0,0.0,1.0,LED,No,DDR4,amd,low,HP,Windows,amd,mid,low
2563,1.9,141.0,1.2,3200.0,120.0,0.0,256.0,1024.0,4.0,36990.0,1.0,1.0,LED,No,DDR4,intel,low,Asus,Windows,intel,low,low
2564,1.51,157.0,1.0,2666.0,120.0,0.0,256.0,1024.0,8.0,78400.0,0.0,1.0,LED,No,DDR4,intel,low,HP,Windows,intel,mid,low
2565,2.2,100.0,2.4,3200.0,120.0,0.0,0.0,1024.0,8.0,25990.0,1.0,1.0,LED,No,DDR4,intel,low,Lenovo,DOS,amd,low,low
2566,1.65,141.0,3.0,3200.0,120.0,0.0,512.0,0.0,8.0,35500.0,1.0,1.0,LED,No,DDR4,intel,low,Lenovo,Windows,intel,low,low
2567,1.65,141.0,2.8,3200.0,120.0,0.0,0.0,1024.0,8.0,54999.0,1.0,1.0,LED,No,DDR4,intel,mid,Acer,Windows,intel,mid,low
2568,1.39,157.0,2.0,3200.0,120.0,0.0,512.0,0.0,8.0,48990.0,1.0,1.0,LED,No,DDR4,amd,low,Lenovo,Windows,amd,high,low
2569,1.77,141.0,2.3,2133.0,120.0,0.0,0.0,1024.0,8.0,37990.0,0.0,1.0,LED,No,DDR4,intel,low,HP,Windows,intel,low,low
2570,2.25,141.0,2.4,2666.0,60.0,3.0,256.0,0.0,8.0,121999.0,0.0,0.0,LED,No,DDR4,nvidia,low,HP,Windows,intel,mid,high
2571,2.3,141.0,4.0,3200.0,120.0,4.0,1024.0,0.0,8.0,65990.0,0.0,1.0,LED,No,DDR4,nvidia,low,Asus,Windows,amd,mid,high
2572,1.24,157.0,4.4,3200.0,120.0,0.0,512.0,0.0,8.0,27990.0,1.0,1.0,LED,No,LPDDR4X,intel,mid,Other,Windows,intel,low,low
2573,1.29,227.0,3.2,3200.0,60.0,0.0,256.0,0.0,16.0,112900.0,1.0,0.0,LED,No,DDR4,apple,mid,Apple,macOS,apple,mid,mid
2574,2.3,141.0,2.1,3200.0,120.0,4.0,0.0,1024.0,8.0,54990.0,1.0,1.0,LED,No,DDR4,nvidia,low,Acer,Windows,amd,mid,high
2575,1.6,157.0,1.2,2666.0,120.0,0.0,256.0,0.0,8.0,42490.0,0.0,1.0,LED,No,DDR4,intel,low,Lenovo,Windows,intel,low,low
2576,1.29,227.0,2.8,3733.0,120.0,0.0,256.0,0.0,8.0,83990.0,0.0,1.0,LED,No,LPDDR4X,intel,low,Apple,macOS,intel,low,low
2577,2.4,141.0,2.8,3200.0,144.0,4.0,256.0,1024.0,8.0,74699.0,1.0,0.0,LED,No,DDR4,nvidia,mid,Acer,Windows,intel,mid,high
2578,1.8,141.0,2.6,2400.0,120.0,0.0,0.0,1024.0,4.0,33256.0,0.0,1.0,LED,No,DDR4,amd,low,HP,Windows,amd,low,low
2580,1.76,100.0,2.6,3200.0,120.0,0.0,0.0,1024.0,4.0,30490.0,1.0,1.0,LED,No,DDR4,amd,low,HP,Windows,amd,low,low
2581,1.85,141.0,1.2,2666.0,120.0,0.0,256.0,0.0,8.0,36490.0,0.0,1.0,LED,No,DDR4,intel,low,Lenovo,Windows,intel,low,low
2582,2.1,112.0,2.6,2133.0,120.0,0.0,0.0,1024.0,4.0,21200.0,0.0,1.0,LED,No,DDR4,amd,low,HP,DOS,amd,low,low
2584,1.7,141.0,2.8,3200.0,120.0,0.0,256.0,0.0,8.0,31490.0,1.0,1.0,LED,No,LPDDR5,intel,low,Acer,Windows,intel,low,low
2585,1.1,135.0,1.3,1600.0,120.0,0.0,32.0,0.0,2.0,8990.0,0.0,1.0,LED,No,DDR3,intel,low,Other,Windows,intel,low,low
2586,1.7,141.0,2.8,3200.0,120.0,0.0,512.0,0.0,8.0,33999.0,1.0,1.0,LED,No,LPDDR5,intel,low,Acer,Windows,intel,low,low
2587,1.77,141.0,2.3,2133.0,120.0,0.0,0.0,1024.0,8.0,32190.0,0.0,1.0,LED,No,DDR4,intel,low,HP,Windows,intel,low,low
2588,2.5,141.0,2.5,3200.0,60.0,4.0,256.0,1024.0,8.0,74590.0,1.0,0.0,LED,No,DDR4,nvidia,low,Lenovo,Windows,intel,mid,high
2589,2.2,141.0,2.3,2133.0,120.0,0.0,0.0,1024.0,8.0,29990.0,0.0,1.0,LED,No,DDR4,intel,low,Lenovo,DOS,intel,low,low
2590,2.4,141.0,2.8,3200.0,144.0,4.0,256.0,1024.0,16.0,89999.0,0.0,0.0,LED,No,DDR4,nvidia,mid,Acer,Windows,intel,mid,high
2591,1.85,100.0,2.8,2400.0,120.0,0.0,0.0,1024.0,4.0,27770.0,0.0,1.0,LED,No,DDR4,amd,low,Lenovo,Windows,amd,low,low
2592,1.37,157.0,1.1,3200.0,120.0,0.0,128.0,0.0,4.0,23500.0,1.0,1.0,LED,No,LPDDR4,intel,low,Other,Windows,intel,low,low
2593,1.4,112.0,1.1,2400.0,120.0,0.0,32.0,0.0,4.0,34419.0,0.0,1.0,LED,No,LPDDR4,intel,low,Asus,Google Chrome,intel,low,low
2594,1.46,157.0,1.2,2666.0,120.0,0.0,512.0,0.0,8.0,42990.0,0.0,1.0,LED,No,DDR4,intel,low,HP,Windows,intel,low,low
2595,1.5,157.0,1.2,3200.0,120.0,0.0,512.0,0.0,4.0,37990.0,1.0,1.0,LED,No,DDR4,intel,low,Acer,Windows,intel,low,low
2596,1.8,112.0,2.0,1600.0,120.0,0.0,0.0,500.0,4.0,21399.0,0.0,1.0,LED,No,DDR3,amd,low,HP,DOS,amd,low,low
2597,2.4,100.0,1.1,1600.0,120.0,0.0,0.0,1024.0,4.0,24780.0,0.0,1.0,LED,No,DDR3,intel,low,Acer,Other,intel,low,low
2598,1.5,157.0,4.2,3200.0,120.0,0.0,512.0,0.0,8.0,59990.0,0.0,1.0,LED,No,DDR4,intel,low,Asus,Windows,intel,mid,low
2600,1.5,212.0,5.1,3200.0,120.0,0.0,1024.0,0.0,16.0,152990.0,1.0,0.0,OLED,No,LPDDR5X,intel,mid,Asus,Windows,intel,high,high
2601,1.49,162.0,4.5,3200.0,60.0,0.0,512.0,0.0,16.0,94990.0,1.0,0.0,OLED,Yes,LPDDR5X,intel,mid,Lenovo,Windows,intel,mid,high
2602,1.6,162.0,4.6,5200.0,144.0,4.0,512.0,0.0,16.0,59990.0,0.0,0.0,IPS LCD,No,DDR5,nvidia,low,MSI,Windows,intel,mid,high
2603,2.0,141.0,2.3,3200.0,300.0,8.0,1024.0,0.0,32.0,279990.0,0.0,0.0,LED,No,DDR4,nvidia,high,Asus,Windows,intel,high,high
2604,1.4,243.0,4.2,3200.0,90.0,4.0,512.0,0.0,16.0,82990.0,1.0,0.0,OLED,No,DDR4,nvidia,mid,Asus,Windows,amd,high,high
2605,1.3,338.0,3.0,3200.0,60.0,4.0,1024.0,0.0,32.0,94990.0,1.0,0.0,LED,No,LPDDR4X,nvidia,low,Asus,Windows,amd,high,high
2606,3.1,175.0,5.6,3200.0,240.0,16.0,2048.0,0.0,64.0,364990.0,1.0,0.0,LED,No,DDR5,nvidia,high,MSI,Windows,intel,high,high
2607,2.72,189.0,5.4,3200.0,240.0,16.0,2048.0,0.0,32.0,314990.0,1.0,0.0,LED,No,LPDDR5,nvidia,high,Dell,Windows,intel,high,high
2608,2.08,141.0,2.5,3200.0,120.0,6.0,512.0,0.0,8.0,69900.0,1.0,1.0,LED,No,DDR4,nvidia,mid,Other,Windows,intel,mid,high
2609,1.6,141.0,1.3,3200.0,120.0,0.0,512.0,0.0,16.0,79000.0,0.0,1.0,LED,Yes,DDR4,intel,mid,HP,Windows,intel,mid,low
2610,2.37,141.0,4.8,3200.0,165.0,6.0,1024.0,0.0,16.0,97990.0,1.0,0.0,LED,No,DDR5,nvidia,mid,HP,Windows,amd,high,high
2611,1.51,157.0,5.0,3200.0,120.0,0.0,512.0,0.0,16.0,88530.0,0.0,1.0,LED,Yes,DDR4,intel,mid,HP,Windows,intel,high,low
2612,1.45,250.0,3.4,3200.0,120.0,4.0,1024.0,0.0,16.0,139990.0,1.0,0.0,LED,Yes,LPDDR5,nvidia,mid,Lenovo,Windows,intel,high,high
2613,1.89,282.0,2.2,2400.0,120.0,4.0,1024.0,0.0,16.0,157999.0,0.0,1.0,LED,Yes,DDR4,nvidia,low,Asus,Windows,intel,high,high
2614,1.75,162.0,4.6,5200.0,60.0,0.0,512.0,0.0,16.0,83990.0,0.0,0.0,LED,Yes,DDR5,intel,mid,Dell,Windows,intel,mid,low
2615,1.56,141.0,1.1,2400.0,60.0,0.0,128.0,0.0,4.0,16990.0,0.0,0.0,LED,No,LPDDR4,intel,low,Other,Windows,intel,low,low
2616,2.34,282.0,2.2,2933.0,120.0,8.0,1024.0,0.0,32.0,239990.0,0.0,1.0,LED,No,DDR4,intel,low,Asus,Windows,intel,high,high
2617,1.6,254.0,4.5,3200.0,120.0,0.0,512.0,0.0,24.0,191990.0,1.0,0.0,LED,No,DDR4,intel,low,Apple,macOS,apple,high,high
2618,2.35,141.0,2.4,3200.0,300.0,8.0,1024.0,0.0,32.0,159990.0,0.0,0.0,LED,No,DDR4,nvidia,high,Asus,Windows,intel,high,high
2619,1.59,141.0,4.4,3200.0,120.0,0.0,512.0,0.0,8.0,34490.0,0.0,1.0,LED,No,DDR4,intel,low,HP,Windows,intel,low,low
2620,1.6,141.0,5.5,3200.0,120.0,0.0,1024.0,0.0,16.0,71990.0,1.0,1.0,LED,No,DDR4,intel,mid,MSI,Windows,intel,high,high
2621,2.2,141.0,4.0,3200.0,144.0,6.0,1024.0,0.0,16.0,119990.0,1.0,0.0,LED,No,DDR4,nvidia,mid,Asus,Windows,amd,high,high
2623,2.8,189.0,4.0,5600.0,240.0,12.0,1024.0,0.0,32.0,275190.0,0.0,0.0,LED,No,DDR5,nvidia,high,Lenovo,Windows,intel,high,high
2624,2.81,141.0,5.4,4800.0,165.0,8.0,1024.0,0.0,16.0,148620.0,0.0,0.0,LED,No,DDR5,nvidia,mid,Dell,Windows,intel,high,high
2625,1.7,141.0,1.7,3200.0,120.0,0.0,512.0,0.0,16.0,67999.0,1.0,1.0,LED,No,DDR4,intel,mid,Lenovo,Windows,intel,high,low
2626,1.56,212.0,4.5,3200.0,120.0,0.0,512.0,0.0,16.0,136990.0,1.0,1.0,AMOLED,Yes,LPDDR5X,intel,mid,Samsung,Windows,intel,mid,high
2627,3.0,127.0,2.2,3200.0,120.0,8.0,512.0,1024.0,16.0,179990.0,1.0,0.0,LED,No,DDR4,nvidia,high,MSI,Windows,intel,high,high
2628,2.18,141.0,2.5,2400.0,120.0,2.0,0.0,1024.0,8.0,70990.0,0.0,1.0,LED,No,DDR4,nvidia,low,HP,Windows,intel,mid,high
2630,2.01,226.0,4.7,3200.0,120.0,0.0,512.0,0.0,16.0,143490.0,0.0,1.0,LED,Yes,DDR4,intel,mid,HP,Windows,intel,high,high
2631,1.91,138.0,3.4,3200.0,60.0,2.0,512.0,0.0,16.0,91999.0,0.0,0.0,LED,No,DDR4,nvidia,mid,Dell,Windows,intel,high,mid
2632,2.0,141.0,2.4,3200.0,120.0,8.0,2048.0,0.0,32.0,349990.0,0.0,1.0,LED,No,DDR4,nvidia,high,Asus,Windows,intel,high,high
2633,2.01,283.0,4.7,3200.0,120.0,4.0,1024.0,0.0,16.0,133560.0,0.0,1.0,OLED,Yes,DDR4,intel,mid,HP,Windows,intel,high,mid
2634,2.5,141.0,2.6,2666.0,120.0,6.0,512.0,0.0,16.0,122999.0,0.0,1.0,LED,No,DDR4,nvidia,mid,Dell,Windows,intel,high,high
2635,1.5,162.0,4.9,5200.0,60.0,0.0,512.0,0.0,16.0,84690.0,0.0,0.0,OLED,Yes,LPDDR5X,intel,low,Lenovo,Windows,intel,high,high
2637,1.0,283.0,5.4,3200.0,60.0,8.0,1024.0,0.0,32.0,249990.0,1.0,0.0,OLED,No,DDR5,nvidia,mid,MSI,Windows,intel,high,high
2638,1.7,141.0,4.4,3200.0,60.0,0.0,512.0,0.0,16.0,49699.0,1.0,0.0,LED,No,DDR4,intel,mid,Asus,Windows,intel,mid,low
2639,1.42,212.0,3.4,4800.0,120.0,0.0,1024.0,0.0,16.0,79990.0,0.0,0.0,OLED,No,LPDDR5X,qualcomm,low,Asus,Windows,qualcomm,mid,mid
2640,1.46,216.0,5.1,7500.0,165.0,8.0,2048.0,0.0,32.0,164990.0,0.0,0.0,IPS LCD,No,LPDDR5X,nvidia,mid,Asus,Windows,amd,high,high
2641,2.5,126.0,5.6,4800.0,165.0,12.0,1024.0,0.0,32.0,269990.0,0.0,0.0,LED,No,DDR5,nvidia,high,Asus,Windows,intel,high,high
2642,1.47,100.0,2.6,3200.0,144.0,0.0,512.0,0.0,8.0,50490.0,0.0,0.0,LED,No,DDR4,intel,mid,HP,Windows,intel,mid,low
2643,1.36,267.0,5.0,4266.0,120.0,0.0,1024.0,0.0,16.0,124990.0,0.0,1.0,OLED,Yes,LPDDR4X,intel,mid,HP,Windows,intel,high,low
2644,2.5,189.0,5.6,4800.0,240.0,12.0,1024.0,0.0,32.0,279990.0,0.0,0.0,LED,No,DDR5,nvidia,high,Asus,Windows,intel,high,high
2645,2.2,142.0,5.2,4800.0,165.0,8.0,1024.0,0.0,16.0,89990.0,0.0,0.0,LED,No,DDR5,amd,high,Asus,Windows,amd,high,high
2647,1.9,188.0,4.8,4800.0,165.0,8.0,1024.0,0.0,16.0,189183.0,0.0,0.0,LED,No,DDR5,nvidia,high,Asus,Windows,amd,high,high
2648,1.75,234.0,2.5,3200.0,120.0,4.0,1024.0,0.0,16.0,164694.0,1.0,0.0,OLED,Yes,LPDDR5,intel,mid,Asus,Windows,intel,high,high
2649,1.5,157.0,2.4,3200.0,120.0,0.0,512.0,0.0,8.0,39990.0,0.0,1.0,LED,No,DDR4,intel,low,Asus,DOS,intel,mid,low
2650,2.9,170.0,4.8,4800.0,240.0,8.0,1024.0,0.0,16.0,210990.0,0.0,0.0,LED,No,DDR5,nvidia,high,Asus,Windows,amd,high,high
2651,2.3,188.0,2.5,3200.0,240.0,16.0,1024.0,0.0,32.0,166220.0,1.0,0.0,LED,No,DDR5,nvidia,high,Asus,Windows,intel,high,high
2652,1.1,157.0,1.8,2666.0,120.0,0.0,512.0,0.0,8.0,80920.0,0.0,1.0,LED,No,DDR4,intel,low,Other,Windows,intel,high,low
2653,2.0,189.0,4.7,3200.0,165.0,6.0,1024.0,0.0,16.0,159990.0,1.0,0.0,LED,Yes,DDR5,amd,mid,Asus,Windows,amd,high,high
2654,2.1,141.0,2.9,3200.0,120.0,4.0,512.0,0.0,8.0,80500.0,1.0,1.0,LED,No,DDR4,nvidia,low,Asus,Windows,amd,high,high
2655,1.29,157.0,1.8,3200.0,120.0,2.0,512.0,0.0,16.0,74890.0,1.0,1.0,LED,No,DDR4,nvidia,low,MSI,Windows,intel,high,low
2656,2.4,282.0,2.6,2133.0,120.0,4.0,0.0,1024.0,12.0,99500.0,0.0,1.0,LED,No,DDR4,nvidia,low,Acer,Windows,intel,high,high
2657,2.3,141.0,3.1,3200.0,300.0,8.0,1024.0,0.0,16.0,183990.0,0.0,0.0,LED,No,DDR4,nvidia,high,Asus,Windows,amd,high,high
2658,1.3,169.0,2.8,4266.0,120.0,4.0,1024.0,0.0,16.0,102990.0,0.0,0.0,LED,Yes,LPDDR4X,nvidia,low,Asus,Windows,amd,high,high
2659,1.5,243.0,4.0,6400.0,120.0,8.0,1024.0,0.0,16.0,164990.0,0.0,0.0,OLED,No,LPDDR5X,nvidia,mid,Asus,Windows,amd,high,high
2661,1.0,251.0,3.4,3200.0,120.0,0.0,512.0,0.0,16.0,161990.0,1.0,1.0,OLED,Yes,DDR5,qualcomm,low,Other,Windows,qualcomm,high,high
2663,1.35,111.0,1.1,2400.0,60.0,0.0,128.0,0.0,4.0,12990.0,0.0,0.0,LED,No,LPDDR4,intel,low,Other,Windows,intel,low,low
2664,1.22,201.0,3.4,3200.0,120.0,0.0,512.0,0.0,16.0,126990.0,1.0,0.0,LCD,No,LPDDR5X,qualcomm,low,Other,Windows,qualcomm,mid,mid
2665,1.41,162.0,4.8,5600.0,120.0,0.0,512.0,0.0,16.0,108780.0,0.0,1.0,LED,No,DDR5,intel,low,HP,Windows,intel,high,low
2666,2.61,189.0,4.8,5600.0,240.0,6.0,1024.0,0.0,16.0,154490.0,0.0,0.0,LED,No,DDR5,nvidia,mid,Dell,Windows,intel,high,high
2667,1.55,141.0,5.0,3200.0,120.0,0.0,512.0,0.0,16.0,63000.0,1.0,1.0,LED,No,LPDDR4X,intel,mid,Samsung,Windows,intel,high,low
2668,1.99,189.0,5.0,3200.0,240.0,8.0,1024.0,0.0,32.0,219990.0,1.0,0.0,LED,No,DDR5,nvidia,mid,MSI,Windows,intel,high,high
2669,1.44,243.0,4.8,6400.0,120.0,0.0,1024.0,0.0,32.0,138956.0,0.0,0.0,OLED,Yes,LPDDR5X,intel,mid,HP,Windows,intel,high,high
2670,2.35,137.0,5.0,4800.0,165.0,8.0,512.0,0.0,16.0,146990.0,0.0,0.0,LED,No,DDR5,nvidia,mid,HP,Windows,intel,high,high
2671,2.65,189.0,5.8,3200.0,240.0,12.0,2048.0,0.0,32.0,279990.0,1.0,0.0,Mini LED,No,DDR5,nvidia,high,Asus,Windows,intel,high,high
2672,1.44,243.0,4.8,3200.0,120.0,0.0,1024.0,0.0,32.0,149999.0,1.0,0.0,OLED,Yes,LPDDR5X,intel,mid,HP,Windows,intel,high,high
2673,2.1,188.0,4.9,3200.0,240.0,8.0,1024.0,0.0,16.0,150990.0,1.0,0.0,OLED,No,DDR5,nvidia,mid,MSI,Windows,intel,high,high
2675,1.65,216.0,4.7,2405.0,165.0,6.0,1024.0,0.0,16.0,114990.0,0.0,0.0,LED,No,DDR5,nvidia,mid,Asus,Windows,amd,high,high
2676,1.9,188.0,4.7,4800.0,165.0,6.0,1024.0,0.0,16.0,110990.0,0.0,0.0,LED,No,DDR5,nvidia,mid,Asus,Windows,amd,high,high
2677,1.82,141.0,2.0,4266.0,60.0,0.0,512.0,0.0,16.0,88490.0,0.0,0.0,LED,Yes,LPDDR4X,amd,low,HP,Windows,amd,high,low
2678,1.72,216.0,4.8,4800.0,165.0,8.0,1024.0,0.0,32.0,201288.0,0.0,0.0,LED,No,DDR5,nvidia,mid,Asus,Windows,amd,high,high
2679,1.8,141.0,2.9,3200.0,120.0,4.0,512.0,0.0,16.0,71990.0,1.0,1.0,OLED,No,DDR4,nvidia,low,Asus,Windows,amd,high,high
2680,1.5,112.0,3.1,3200.0,120.0,0.0,0.0,1024.0,8.0,29999.0,1.0,1.0,LED,No,DDR4,intel,low,Acer,Windows,amd,low,low
2681,1.63,141.0,1.3,3200.0,120.0,0.0,512.0,0.0,8.0,49850.0,1.0,1.0,LED,No,DDR4,intel,low,Lenovo,Windows,intel,mid,low
2682,2.1,189.0,4.8,3200.0,165.0,6.0,1024.0,0.0,16.0,211990.0,1.0,0.0,LED,Yes,DDR5,amd,mid,Asus,Windows,amd,high,high
2684,3.2,127.0,4.8,3200.0,360.0,16.0,1024.0,0.0,32.0,389990.0,1.0,0.0,LED,No,DDR5,nvidia,high,Dell,Windows,intel,high,high
2685,1.9,188.0,4.8,3200.0,165.0,6.0,1024.0,0.0,16.0,161990.0,1.0,0.0,LED,No,DDR5,amd,low,Asus,Windows,amd,high,high
2686,1.72,216.0,4.4,3200.0,120.0,8.0,1024.0,0.0,32.0,121990.0,1.0,0.0,LED,No,DDR5,amd,high,Asus,Windows,amd,high,high
2687,1.18,338.0,2.5,3200.0,60.0,4.0,1024.0,0.0,16.0,191990.0,1.0,0.0,LED,Yes,LPDDR5,nvidia,mid,Asus,Windows,intel,high,high
2688,1.9,188.0,4.8,3200.0,165.0,8.0,1024.0,0.0,16.0,189990.0,1.0,0.0,LED,No,DDR5,nvidia,high,Asus,Windows,amd,high,high
2690,1.9,188.0,3.0,3200.0,165.0,6.0,1024.0,0.0,16.0,139990.0,1.0,0.0,LED,No,DDR4,nvidia,mid,Asus,Windows,amd,high,high
2692,2.3,141.0,3.1,3200.0,300.0,6.0,1024.0,0.0,16.0,144990.0,0.0,0.0,LED,No,DDR4,nvidia,mid,Asus,Windows,amd,high,high
2693,2.6,127.0,4.0,3200.0,120.0,4.0,256.0,1024.0,8.0,74990.0,0.0,0.0,LED,No,DDR4,nvidia,low,Asus,Windows,amd,mid,high
2694,1.9,188.0,3.1,3200.0,120.0,6.0,1024.0,0.0,16.0,109990.0,0.0,1.0,LED,No,DDR4,nvidia,mid,Asus,Windows,amd,high,high
2695,1.62,254.0,4.5,3200.0,120.0,0.0,1024.0,0.0,36.0,309990.0,1.0,0.0,LED,No,DDR4,intel,low,Apple,macOS,apple,high,high
2696,2.2,141.0,5.2,5600.0,144.0,8.0,1024.0,0.0,16.0,124990.0,0.0,0.0,IPS LCD,No,DDR5,nvidia,mid,Asus,Windows,amd,high,high
2697,1.55,254.0,2.8,3200.0,120.0,0.0,1024.0,0.0,16.0,182990.0,1.0,0.0,LED,No,DDR4,intel,low,Apple,macOS,apple,mid,mid
2698,1.2,243.0,4.8,3200.0,120.0,0.0,1024.0,0.0,32.0,152990.0,1.0,0.0,OLED,Yes,LPDDR5,intel,mid,Asus,Windows,intel,high,low
2699,1.55,254.0,4.4,3200.0,120.0,0.0,1024.0,0.0,16.0,177990.0,1.0,0.0,LED,No,DDR4,intel,low,Apple,macOS,apple,mid,mid
2700,2.14,254.0,4.5,3200.0,120.0,0.0,512.0,0.0,24.0,239990.0,1.0,0.0,LED,No,DDR4,intel,low,Apple,macOS,apple,high,high
2701,1.82,142.0,4.8,7467.0,60.0,0.0,1024.0,0.0,16.0,88990.0,0.0,0.0,LED,No,LPDDR5X,intel,mid,Lenovo,Windows,intel,high,high
2702,1.0,251.0,3.4,3200.0,120.0,0.0,1024.0,0.0,16.0,180990.0,1.0,1.0,OLED,Yes,DDR5,qualcomm,low,Other,Windows,qualcomm,high,high
2703,1.41,162.0,5.0,3200.0,120.0,0.0,512.0,0.0,16.0,87990.0,0.0,1.0,LED,No,DDR4,intel,mid,Lenovo,Windows,intel,high,low
2704,1.72,142.0,5.0,5600.0,120.0,4.0,1024.0,0.0,16.0,128990.0,0.0,0.0,LED,Yes,DDR5,nvidia,mid,HP,Windows,intel,high,low
2705,1.66,200.0,3.4,3200.0,120.0,0.0,512.0,0.0,16.0,159990.0,1.0,0.0,LCD,No,LPDDR5X,qualcomm,low,Other,Windows,qualcomm,high,high
2706,1.19,253.0,4.0,8448.0,60.0,0.0,512.0,0.0,16.0,141583.0,0.0,0.0,OLED,Yes,LPDDR5X,qualcomm,low,Dell,Windows,qualcomm,high,high
2707,1.65,141.0,4.2,3200.0,120.0,0.0,512.0,0.0,16.0,37990.0,1.0,1.0,LED,No,LPDDR4,intel,mid,Other,Windows,intel,mid,low
2708,1.75,162.0,4.7,3200.0,60.0,0.0,512.0,0.0,8.0,58090.0,1.0,0.0,LED,Yes,DDR5,intel,low,Dell,Windows,intel,low,low
2709,2.65,189.0,5.8,5600.0,240.0,16.0,2048.0,0.0,32.0,329990.0,0.0,0.0,Mini LED,No,DDR5,nvidia,high,Asus,Windows,intel,high,high
2710,1.59,141.0,4.2,5500.0,120.0,0.0,0.0,0.0,8.0,37990.0,0.0,1.0,LED,No,LPDDR5,amd,low,HP,Windows,amd,mid,low
2711,2.29,141.0,4.6,3200.0,144.0,6.0,512.0,0.0,16.0,74490.0,0.0,0.0,LED,No,DDR4,nvidia,mid,HP,Windows,intel,mid,high
2712,1.95,212.0,4.8,6400.0,120.0,0.0,2048.0,0.0,32.0,187990.0,0.0,0.0,OLED,Yes,LPDDR5X,intel,mid,HP,Windows,intel,high,high
2713,3.3,189.0,4.8,4800.0,165.0,8.0,1024.0,0.0,16.0,200690.0,0.0,0.0,LED,No,DDR5,nvidia,mid,Dell,Windows,amd,high,high
2714,2.2,141.0,4.9,3200.0,144.0,6.0,512.0,0.0,16.0,94990.0,1.0,0.0,LED,No,DDR5,nvidia,mid,Asus,Windows,intel,high,high
2716,2.16,254.0,4.1,3200.0,60.0,0.0,512.0,0.0,18.0,229990.0,1.0,0.0,LED,No,DDR4,intel,low,Apple,macOS,apple,high,high
2717,2.3,141.0,3.3,4800.0,120.0,4.0,512.0,0.0,16.0,56900.0,0.0,0.0,LED,No,DDR5,nvidia,low,Lenovo,Windows,amd,mid,high
2718,1.13,149.0,3.4,3200.0,120.0,0.0,256.0,0.0,16.0,100999.0,1.0,1.0,LED,Yes,LPDDR5,intel,mid,Other,Windows,intel,mid,low
2719,2.4,141.0,3.6,4800.0,144.0,6.0,512.0,0.0,16.0,93190.0,0.0,0.0,LED,No,DDR5,nvidia,mid,Lenovo,Windows,intel,high,high
2720,3.48,254.0,4.1,3200.0,60.0,0.0,512.0,0.0,36.0,289900.0,1.0,0.0,LED,No,DDR4,apple,high,Apple,macOS,apple,high,high
2721,2.4,141.0,3.4,5600.0,144.0,8.0,512.0,0.0,16.0,97990.0,0.0,0.0,LED,No,DDR5,nvidia,mid,Lenovo,Windows,amd,high,high
2722,2.2,141.0,3.4,3200.0,120.0,0.0,512.0,0.0,8.0,27170.0,1.0,1.0,LED,No,DDR4,amd,low,Lenovo,DOS,amd,low,low
2723,1.59,141.0,5.0,4800.0,120.0,0.0,512.0,0.0,16.0,77890.0,0.0,1.0,LED,No,LPDDR5,intel,low,Dell,Windows,intel,high,low
2725,1.7,141.0,4.2,3200.0,120.0,0.0,512.0,0.0,8.0,56970.0,0.0,1.0,LED,No,DDR4,intel,low,Lenovo,Windows,intel,mid,low
2726,1.49,243.0,2.7,6400.0,90.0,0.0,512.0,0.0,16.0,97690.0,0.0,0.0,OLED,Yes,LPDDR5,amd,mid,Lenovo,Windows,amd,high,low
2727,1.7,141.0,2.8,3200.0,60.0,0.0,512.0,0.0,16.0,47490.0,1.0,0.0,LED,No,DDR4,intel,mid,Asus,Windows,intel,mid,low
2728,1.4,157.0,4.2,5500.0,120.0,0.0,512.0,0.0,8.0,42989.0,0.0,1.0,LED,No,LPDDR5,amd,low,HP,Windows,amd,mid,low
2729,1.72,216.0,5.2,4800.0,165.0,12.0,1024.0,0.0,32.0,214155.0,0.0,0.0,LED,No,DDR5,nvidia,high,Asus,Windows,amd,high,high
2730,2.6,127.0,4.8,4800.0,144.0,6.0,1024.0,0.0,16.0,142890.0,0.0,0.0,LED,No,DDR5,nvidia,mid,Asus,Windows,amd,high,high
2731,2.5,189.0,5.4,4800.0,240.0,16.0,2048.0,0.0,32.0,364990.0,0.0,0.0,LED,No,DDR5,nvidia,high,Asus,Windows,intel,high,high
2732,2.32,283.0,4.7,4800.0,60.0,4.0,512.0,0.0,16.0,149990.0,0.0,0.0,OLED,Yes,DDR5,intel,mid,HP,Windows,intel,high,high
2733,2.78,170.0,4.8,4800.0,165.0,16.0,2048.0,0.0,32.0,232990.0,0.0,0.0,LED,No,DDR5,nvidia,high,HP,Windows,intel,high,high
2734,1.5,162.0,2.1,4266.0,120.0,0.0,512.0,0.0,16.0,64990.0,0.0,1.0,LED,Yes,LPDDR4X,amd,low,Lenovo,Windows,amd,mid,low
2735,2.4,283.0,2.5,3200.0,120.0,8.0,1024.0,0.0,32.0,179990.0,1.0,1.0,LED,Yes,DDR5,nvidia,high,Asus,Windows,intel,high,high
2736,2.35,137.0,4.7,3200.0,144.0,4.0,512.0,0.0,16.0,83990.0,1.0,0.0,LED,No,DDR5,nvidia,mid,HP,Windows,amd,high,high
2737,1.29,201.0,1.5,3200.0,60.0,0.0,512.0,0.0,16.0,151999.0,1.0,0.0,LED,No,LPDDR4X,intel,low,Other,Windows,intel,mid,low
2738,1.65,141.0,1.0,2666.0,120.0,0.0,512.0,0.0,8.0,58132.0,0.0,1.0,LED,No,DDR4,intel,low,Other,Windows,intel,mid,low
2739,2.3,188.0,4.8,3200.0,165.0,8.0,1024.0,0.0,16.0,196309.0,1.0,0.0,LED,No,DDR5,nvidia,high,Asus,Windows,amd,high,high
2740,2.1,189.0,3.3,3200.0,165.0,8.0,1024.0,0.0,32.0,261990.0,1.0,0.0,LED,Yes,DDR5,nvidia,high,Asus,Windows,amd,high,high
2741,1.3,157.0,4.8,3200.0,120.0,0.0,512.0,0.0,8.0,53190.0,1.0,1.0,LED,No,DDR4,intel,low,Other,Windows,intel,mid,low
2742,2.5,142.0,4.8,3200.0,165.0,16.0,2048.0,0.0,32.0,361990.0,1.0,0.0,LED,Yes,DDR5,nvidia,high,Asus,Windows,amd,high,high
2743,2.6,127.0,2.6,3200.0,300.0,8.0,1024.0,0.0,32.0,367990.0,0.0,0.0,LED,No,DDR4,nvidia,high,Asus,Windows,intel,high,high
2745,2.0,141.0,3.0,3200.0,240.0,6.0,1024.0,0.0,16.0,120000.0,0.0,0.0,LED,No,DDR4,nvidia,mid,Asus,Windows,intel,high,high
2746,1.9,188.0,3.1,3200.0,165.0,4.0,1024.0,0.0,16.0,128990.0,0.0,0.0,LED,No,DDR4,nvidia,mid,Asus,Windows,amd,high,high
2747,0.99,157.0,1.8,3200.0,120.0,0.0,1024.0,0.0,16.0,154990.0,1.0,1.0,LED,No,LPDDR3,intel,low,Asus,Windows,intel,high,low
2748,2.0,141.0,3.3,3200.0,120.0,6.0,1024.0,0.0,16.0,119900.0,0.0,1.0,LED,No,DDR4,nvidia,mid,Asus,Windows,intel,high,high
2749,0.99,157.0,1.8,3200.0,120.0,0.0,1024.0,0.0,16.0,160990.0,1.0,1.0,LED,No,LPDDR3,intel,low,Asus,Windows,intel,high,low
2750,1.88,142.0,4.9,5600.0,60.0,0.0,512.0,0.0,16.0,75990.0,0.0,0.0,IPS LCD,No,DDR5,intel,low,Asus,Windows,intel,mid,high
2752,1.95,142.0,4.8,3200.0,144.0,6.0,512.0,0.0,16.0,84990.0,1.0,0.0,LED,No,DDR5,nvidia,mid,Asus,Windows,intel,mid,high
2753,1.57,162.0,4.8,3200.0,60.0,0.0,512.0,0.0,16.0,111990.0,1.0,0.0,OLED,Yes,LPDDR5X,intel,mid,Asus,Windows,intel,high,low
2754,1.38,162.0,4.6,5200.0,120.0,0.0,512.0,0.0,16.0,85000.0,0.0,1.0,LED,No,LPDDR5X,intel,mid,HP,Windows,intel,mid,low
2755,1.88,142.0,4.9,3200.0,60.0,0.0,512.0,0.0,16.0,75990.0,1.0,0.0,IPS LCD,No,DDR5,intel,low,Asus,Windows,intel,mid,high
2756,1.55,254.0,4.4,3200.0,120.0,0.0,1024.0,0.0,24.0,201990.0,1.0,0.0,LED,No,DDR4,intel,low,Apple,macOS,apple,mid,mid
2758,1.6,162.0,4.6,5200.0,144.0,6.0,512.0,0.0,8.0,63230.0,0.0,0.0,IPS LCD,No,DDR5,nvidia,mid,MSI,Windows,intel,mid,high
2759,1.41,162.0,5.0,3200.0,120.0,0.0,1024.0,0.0,16.0,93800.0,0.0,1.0,LED,No,DDR4,intel,mid,Lenovo,Windows,intel,high,low
2760,1.6,162.0,4.6,5200.0,144.0,4.0,512.0,0.0,8.0,56990.0,0.0,0.0,IPS LCD,No,DDR5,nvidia,low,MSI,Windows,intel,mid,high
2761,1.41,162.0,4.5,3200.0,120.0,0.0,1024.0,0.0,16.0,57690.0,0.0,1.0,LED,No,DDR4,amd,low,Lenovo,Windows,amd,mid,low
2762,1.41,162.0,4.5,3200.0,120.0,0.0,512.0,0.0,16.0,65990.0,0.0,1.0,LED,No,DDR4,amd,low,Lenovo,Windows,amd,high,low
2763,2.15,254.0,4.5,3200.0,120.0,0.0,1024.0,0.0,36.0,327990.0,1.0,0.0,LED,No,DDR4,intel,low,Apple,macOS,apple,high,high
2765,1.9,141.0,5.0,3200.0,120.0,0.0,1024.0,0.0,16.0,69990.0,0.0,1.0,LED,No,DDR4,intel,mid,MSI,Windows,intel,high,high
2766,1.7,141.0,1.4,3200.0,60.0,0.0,1024.0,0.0,16.0,58990.0,1.0,0.0,LED,No,DDR4,intel,low,Asus,Windows,intel,mid,low
2767,1.85,189.0,2.0,7500.0,240.0,8.0,1024.0,0.0,16.0,194750.0,0.0,0.0,IPS LCD,No,LPDDR5X,nvidia,mid,Asus,Windows,amd,high,high
2768,1.6,162.0,4.9,5200.0,144.0,4.0,512.0,0.0,16.0,67990.0,0.0,0.0,IPS LCD,No,DDR5,nvidia,low,MSI,Windows,intel,high,high
2769,1.38,255.0,2.0,7500.0,60.0,6.0,1024.0,0.0,24.0,159990.0,0.0,0.0,OLED,Yes,LPDDR5X,nvidia,mid,Asus,Windows,amd,high,high
2770,1.41,162.0,4.3,5600.0,120.0,0.0,512.0,0.0,16.0,80150.0,0.0,1.0,LED,No,DDR5,intel,low,HP,DOS,intel,mid,low
2771,1.7,141.0,4.4,3200.0,60.0,0.0,512.0,0.0,16.0,43999.0,1.0,0.0,LED,No,DDR4,intel,mid,MSI,Windows,intel,mid,low
2772,2.81,141.0,5.0,4800.0,120.0,6.0,1024.0,0.0,16.0,79990.0,0.0,0.0,LED,No,DDR5,nvidia,mid,Dell,Windows,amd,mid,high
2773,1.79,142.0,4.8,5600.0,120.0,4.0,1024.0,0.0,32.0,74990.0,0.0,1.0,LED,No,DDR5,nvidia,mid,HP,Windows,intel,high,high
2774,1.38,157.0,3.6,3200.0,120.0,0.0,512.0,0.0,16.0,96000.0,0.0,1.0,LED,No,DDR4,intel,low,HP,Windows,intel,mid,low
2775,1.4,157.0,4.7,3200.0,60.0,0.0,512.0,0.0,16.0,49990.0,0.0,0.0,LED,No,DDR5,intel,mid,MSI,Windows,intel,high,low
2776,1.41,162.0,4.3,5600.0,120.0,0.0,512.0,0.0,16.0,90590.0,0.0,1.0,LED,No,DDR5,intel,low,HP,Windows,intel,mid,low
2777,1.4,157.0,4.4,3200.0,60.0,0.0,512.0,0.0,8.0,39990.0,1.0,0.0,LED,No,DDR5,intel,mid,MSI,Windows,intel,mid,low
2778,1.0,251.0,3.4,3200.0,120.0,0.0,1024.0,0.0,32.0,232990.0,1.0,1.0,OLED,Yes,DDR5,qualcomm,low,Other,Windows,qualcomm,high,high
2779,1.79,142.0,4.8,5600.0,120.0,4.0,1024.0,0.0,16.0,138300.0,0.0,1.0,LED,No,DDR5,nvidia,mid,HP,Windows,intel,high,high
2781,1.92,261.0,5.0,4800.0,60.0,6.0,1024.0,0.0,16.0,257490.0,0.0,0.0,OLED,Yes,DDR5,nvidia,mid,Dell,Windows,intel,high,high
2782,1.41,162.0,4.8,5600.0,120.0,0.0,1024.0,0.0,16.0,132500.0,0.0,1.0,LED,No,DDR5,intel,mid,HP,Windows,intel,high,high
2783,1.22,201.0,3.4,3200.0,120.0,0.0,1024.0,0.0,32.0,201990.0,1.0,1.0,LCD,No,DDR5,qualcomm,low,Other,Windows,qualcomm,high,high
2784,1.8,260.0,4.8,6400.0,120.0,0.0,1024.0,0.0,16.0,248918.0,0.0,0.0,OLED,Yes,LPDDR5X,intel,mid,Dell,Windows,intel,high,high
2785,1.7,141.0,1.3,3200.0,60.0,0.0,512.0,0.0,16.0,48990.0,0.0,0.0,LED,No,DDR4,intel,mid,Asus,Windows,intel,mid,low
2786,2.13,278.0,5.1,6400.0,90.0,8.0,1024.0,0.0,32.0,366490.0,0.0,0.0,OLED,Yes,LPDDR5X,nvidia,mid,Dell,Windows,intel,high,high
2787,1.46,141.0,1.8,3200.0,120.0,0.0,1024.0,0.0,16.0,130990.0,1.0,1.0,AMOLED,Yes,LPDDR5,intel,low,Samsung,Windows,intel,high,low
2788,1.62,141.0,1.4,3200.0,120.0,0.0,512.0,0.0,16.0,58990.0,1.0,1.0,LED,No,DDR5,intel,low,Lenovo,Windows,intel,mid,low
2789,1.75,162.0,5.4,5200.0,120.0,0.0,1024.0,0.0,16.0,95990.0,0.0,1.0,LED,Yes,DDR5,intel,low,Dell,Windows,intel,high,low
2790,1.3,162.0,4.8,3200.0,120.0,0.0,1024.0,0.0,16.0,89990.0,1.0,1.0,OLED,Yes,LPDDR5X,intel,mid,Acer,Windows,intel,high,high
2791,2.56,141.0,4.2,3200.0,120.0,0.0,512.0,0.0,8.0,29985.0,0.0,1.0,LED,No,DDR4,amd,low,Lenovo,DOS,amd,low,low
2792,1.66,212.0,4.8,3200.0,120.0,0.0,512.0,0.0,16.0,153499.0,1.0,1.0,LED,Yes,LPDDR5X,intel,mid,Samsung,Windows,intel,high,high
2793,1.4,157.0,3.0,3200.0,120.0,0.0,512.0,0.0,8.0,42897.0,0.0,1.0,LED,No,LPDDR4,intel,low,Lenovo,DOS,intel,low,low
2794,1.5,162.0,4.4,3200.0,60.0,0.0,1024.0,0.0,16.0,73990.0,0.0,0.0,LED,Yes,DDR4,amd,low,Asus,Windows,amd,high,high
2795,1.41,157.0,2.8,3200.0,120.0,0.0,512.0,0.0,16.0,49990.0,1.0,1.0,LED,No,LPDDR5,amd,low,HP,Windows,amd,mid,low
2796,2.29,141.0,4.4,3200.0,144.0,4.0,512.0,0.0,8.0,59270.0,0.0,0.0,LED,No,DDR4,nvidia,low,HP,Windows,intel,mid,high
2797,1.66,212.0,4.8,3200.0,120.0,0.0,1024.0,0.0,16.0,168999.0,1.0,1.0,AMOLED,Yes,LPDDR5X,intel,mid,Samsung,Windows,intel,high,high
2798,2.22,141.0,2.3,4800.0,120.0,4.0,1024.0,0.0,32.0,160990.0,0.0,1.0,LED,No,DDR5,nvidia,mid,Lenovo,Windows,intel,high,high
2799,2.7,141.0,2.5,2400.0,120.0,4.0,0.0,1024.0,8.0,66347.0,0.0,1.0,LED,No,DDR4,nvidia,low,Acer,Windows,intel,high,high
2800,2.25,141.0,4.2,3200.0,120.0,4.0,512.0,0.0,8.0,68999.0,0.0,0.0,LED,No,DDR4,nvidia,mid,Lenovo,Windows,amd,high,high
2801,1.7,112.0,1.7,3200.0,120.0,0.0,0.0,500.0,4.0,18800.0,1.0,1.0,LED,No,DDR3,intel,low,Acer,Other,intel,low,low
2802,1.8,141.0,1.6,2400.0,120.0,2.0,256.0,1024.0,8.0,60870.0,0.0,1.0,LED,No,DDR4,nvidia,low,Lenovo,Windows,intel,mid,low
2804,1.8,141.0,2.6,3200.0,120.0,4.0,512.0,0.0,16.0,72990.0,1.0,0.0,LED,No,DDR4,nvidia,low,Asus,Windows,intel,high,high
2805,2.2,141.0,2.1,2666.0,120.0,4.0,256.0,1024.0,8.0,77990.0,0.0,1.0,LED,No,DDR4,nvidia,low,Asus,Windows,amd,mid,high
2806,1.85,147.0,1.2,2666.0,120.0,0.0,0.0,1024.0,4.0,37715.0,0.0,1.0,LED,No,DDR4,intel,low,HP,Windows,intel,low,low
2807,1.83,141.0,4.2,2666.0,120.0,2.0,256.0,1024.0,8.0,59899.0,0.0,1.0,LED,No,DDR4,nvidia,mid,HP,Windows,intel,mid,low
2808,1.8,141.0,1.2,2666.0,120.0,0.0,256.0,1024.0,8.0,54781.0,0.0,1.0,LED,No,DDR4,intel,low,Dell,Windows,intel,low,low
2809,1.75,141.0,4.2,2666.0,120.0,0.0,0.0,1024.0,8.0,53490.0,0.0,1.0,LED,No,DDR4,intel,low,HP,Windows,intel,mid,low
2810,1.6,141.0,3.6,2400.0,120.0,0.0,0.0,1024.0,8.0,34990.0,0.0,1.0,LED,No,DDR4,amd,low,Asus,Windows,amd,mid,low
2811,1.6,141.0,2.0,2400.0,120.0,0.0,512.0,1024.0,4.0,31400.0,0.0,1.0,LED,No,DDR4,amd,low,Asus,Windows,amd,mid,low
2812,1.77,141.0,2.3,2133.0,120.0,0.0,128.0,1024.0,4.0,36550.0,0.0,1.0,LED,No,DDR4,intel,low,HP,Windows,intel,low,low
2813,2.1,100.0,2.0,1600.0,120.0,0.0,0.0,1024.0,4.0,34857.0,0.0,1.0,LED,No,DDR3,intel,low,HP,Windows,intel,low,low
2814,2.1,112.0,2.6,2133.0,120.0,0.0,0.0,1024.0,4.0,21789.0,0.0,1.0,LED,No,DDR4,amd,low,HP,DOS,amd,low,low
2815,1.51,157.0,1.2,2666.0,120.0,0.0,0.0,1024.0,4.0,47000.0,0.0,1.0,LED,No,DDR4,intel,low,HP,Windows,intel,low,low
2816,2.3,100.0,1.1,2133.0,120.0,0.0,0.0,1024.0,4.0,22490.0,0.0,1.0,LED,No,DDR4,intel,low,HP,DOS,intel,low,low
2817,1.75,100.0,2.8,3200.0,120.0,0.0,512.0,0.0,8.0,37990.0,0.0,1.0,LED,No,DDR4,intel,low,HP,Windows,intel,low,low
2818,1.3,157.0,1.6,3200.0,120.0,0.0,256.0,0.0,8.0,46833.0,1.0,1.0,LED,No,DDR3,intel,low,Asus,Windows,intel,mid,low
2819,2.1,100.0,2.0,2133.0,120.0,0.0,0.0,500.0,4.0,22532.0,0.0,1.0,LED,No,DDR4,amd,low,Dell,Other,amd,low,low
2820,1.74,141.0,1.6,2666.0,120.0,2.0,256.0,1024.0,8.0,69990.0,0.0,1.0,LED,No,DDR4,nvidia,low,HP,Windows,intel,mid,low
2821,1.88,142.0,4.2,3200.0,60.0,0.0,512.0,0.0,16.0,61990.0,0.0,0.0,LED,No,DDR4,amd,low,Asus,Windows,amd,high,high
2822,1.85,141.0,2.2,2133.0,120.0,0.0,0.0,1024.0,4.0,31049.0,0.0,1.0,LED,No,DDR4,intel,low,Lenovo,Windows,intel,low,low
2823,1.43,157.0,2.7,2133.0,120.0,0.0,0.0,1024.0,4.0,23990.0,0.0,1.0,LED,No,DDR4,amd,low,Asus,Windows,amd,low,mid
2824,1.3,156.0,1.1,3200.0,120.0,0.0,128.0,0.0,4.0,15990.0,1.0,1.0,LED,No,LPDDR4,intel,low,Other,Windows,intel,low,low
2825,1.85,141.0,1.6,3200.0,120.0,0.0,512.0,0.0,8.0,61400.0,1.0,1.0,LED,No,DDR4,intel,low,Lenovo,Windows,intel,mid,low
2827,1.3,112.0,1.5,1866.0,120.0,0.0,0.0,0.0,4.0,43901.0,0.0,1.0,LED,No,DDR4,amd,low,HP,Windows,amd,low,low
2828,1.66,157.0,1.2,2666.0,120.0,0.0,256.0,1024.0,4.0,38302.0,0.0,1.0,LED,No,DDR4,intel,low,Dell,Windows,intel,low,low
2829,2.3,141.0,2.4,3200.0,120.0,4.0,256.0,1024.0,8.0,61499.0,1.0,1.0,LED,No,DDR4,nvidia,low,Acer,Windows,intel,mid,high
2830,1.58,157.0,2.1,2666.0,120.0,0.0,256.0,0.0,8.0,48629.0,0.0,1.0,LED,Yes,DDR4,intel,low,HP,Windows,intel,low,low
2832,1.68,141.0,2.3,2133.0,120.0,0.0,0.0,1024.0,8.0,30490.0,0.0,1.0,LED,No,DDR4,intel,low,Asus,Windows,intel,low,low
2833,1.86,141.0,2.4,3200.0,120.0,4.0,1024.0,0.0,8.0,62190.0,1.0,1.0,LED,No,DDR4,nvidia,low,MSI,Windows,intel,mid,high
2835,2.2,141.0,1.6,2400.0,120.0,4.0,0.0,0.0,8.0,68853.0,0.0,1.0,LED,No,DDR4,amd,low,Dell,Windows,intel,mid,low
2836,1.85,141.0,1.0,2666.0,120.0,0.0,0.0,1024.0,8.0,43990.0,0.0,1.0,LED,No,DDR4,intel,low,Lenovo,Windows,intel,mid,low
2837,1.6,141.0,2.0,3200.0,120.0,0.0,0.0,1024.0,8.0,35990.0,1.0,1.0,LED,No,DDR4,amd,low,Asus,Windows,amd,mid,low
2838,1.25,157.0,4.2,3200.0,120.0,0.0,512.0,0.0,8.0,31990.0,1.0,1.0,LED,No,DDR4,intel,low,Other,Windows,intel,mid,low
2839,1.66,157.0,1.2,2666.0,120.0,0.0,256.0,0.0,4.0,47800.0,0.0,1.0,LED,No,DDR4,intel,low,Dell,Windows,intel,low,low
2840,1.69,141.0,4.0,3200.0,120.0,0.0,256.0,0.0,8.0,36710.0,0.0,1.0,LED,No,DDR4,amd,low,HP,Windows,amd,low,low
2841,1.86,141.0,2.0,2133.0,120.0,0.0,0.0,1024.0,8.0,29100.0,0.0,1.0,LED,No,DDR4,intel,low,Asus,Windows,intel,low,low
2842,1.5,157.0,2.8,3200.0,120.0,0.0,256.0,0.0,8.0,54990.0,0.0,1.0,LED,Yes,DDR4,intel,low,Lenovo,Windows,intel,low,low
2843,1.77,100.0,2.3,2133.0,120.0,0.0,0.0,1024.0,4.0,27743.0,0.0,1.0,LED,No,DDR4,intel,low,HP,Windows,intel,low,low
2844,1.43,157.0,1.0,3200.0,120.0,2.0,512.0,0.0,8.0,63890.0,0.0,1.0,LED,No,DDR4,nvidia,low,Dell,Windows,intel,mid,low
2845,2.0,100.0,1.1,1600.0,120.0,0.0,0.0,1024.0,4.0,26990.0,0.0,1.0,LED,No,DDR3,intel,low,Asus,Windows,intel,low,low
2846,1.38,157.0,2.1,3200.0,60.0,0.0,512.0,0.0,16.0,43890.0,1.0,0.0,LED,No,DDR4,amd,low,Other,Windows,amd,mid,low
2847,1.47,112.0,2.3,2133.0,120.0,0.0,0.0,1024.0,4.0,31500.0,0.0,1.0,LED,No,DDR4,intel,low,HP,Windows,intel,low,low
2848,2.6,127.0,2.1,2400.0,120.0,4.0,0.0,1024.0,8.0,60990.0,0.0,1.0,LED,No,DDR4,amd,mid,Asus,Windows,amd,mid,high
2849,1.94,112.0,2.0,1600.0,120.0,0.0,0.0,1024.0,4.0,34900.0,0.0,1.0,LED,No,DDR4,intel,low,HP,Windows,intel,low,low
2850,1.77,141.0,1.6,2400.0,120.0,0.0,0.0,1024.0,8.0,49990.0,0.0,1.0,LED,No,DDR4,intel,low,HP,Windows,intel,mid,low
2851,1.85,141.0,2.2,2133.0,120.0,0.0,0.0,1024.0,8.0,35510.0,0.0,1.0,LED,No,DDR4,intel,low,Lenovo,Windows,intel,low,low
2852,1.59,157.0,2.2,2400.0,120.0,0.0,8.0,1024.0,4.0,46990.0,0.0,1.0,LED,Yes,DDR4,intel,low,HP,Windows,intel,low,low
2853,1.2,157.0,2.4,3200.0,120.0,0.0,512.0,0.0,8.0,49990.0,1.0,1.0,LED,No,DDR4,intel,mid,Acer,Windows,intel,mid,low
2854,1.5,157.0,1.2,3200.0,120.0,0.0,256.0,0.0,4.0,39900.0,0.0,1.0,LED,Yes,DDR4,intel,low,Lenovo,Windows,intel,low,low
2856,1.15,135.0,1.6,1600.0,120.0,0.0,16.0,0.0,2.0,36212.0,0.0,1.0,LED,No,DDR3,intel,low,Samsung,Google Chrome,intel,low,low
2857,1.7,141.0,3.3,3200.0,120.0,0.0,512.0,0.0,8.0,56999.0,1.0,1.0,LED,No,DDR4,intel,mid,Acer,Windows,intel,mid,low
2858,1.7,141.0,1.7,3200.0,120.0,0.0,256.0,0.0,8.0,52990.0,1.0,1.0,LED,No,DDR4,intel,low,Acer,Windows,intel,low,low
2859,1.7,141.0,3.3,3200.0,120.0,0.0,512.0,0.0,16.0,40990.0,1.0,1.0,LED,No,DDR4,intel,mid,Acer,Windows,intel,mid,low
2860,2.2,188.0,2.4,3200.0,165.0,6.0,1024.0,0.0,16.0,73140.0,1.0,0.0,LED,No,DDR4,nvidia,mid,Acer,Windows,amd,high,high
2861,1.69,157.0,1.6,3200.0,120.0,0.0,128.0,1024.0,8.0,60442.0,1.0,1.0,LED,No,DDR4,intel,low,Lenovo,Windows,intel,mid,low
2862,1.65,112.0,2.6,2133.0,120.0,0.0,0.0,1024.0,4.0,23990.0,0.0,1.0,LED,No,DDR4,amd,low,Lenovo,Windows,amd,low,low
2863,1.6,157.0,2.3,3200.0,60.0,0.0,256.0,0.0,4.0,27668.0,1.0,0.0,LED,No,DDR4,intel,low,Asus,Windows,intel,low,low
2864,1.5,157.0,1.2,3200.0,120.0,0.0,256.0,0.0,4.0,65999.0,0.0,1.0,LED,Yes,DDR4,intel,low,Lenovo,Windows,intel,low,low
2865,1.8,141.0,1.0,4267.0,60.0,0.0,512.0,0.0,16.0,29990.0,0.0,0.0,LED,No,LPDDR4X,intel,low,Other,Windows,intel,mid,low
2866,2.1,100.0,2.5,2133.0,120.0,2.0,0.0,1024.0,8.0,55950.0,0.0,1.0,LED,No,DDR4,amd,low,HP,Windows,intel,mid,low
2867,1.4,156.0,2.4,3200.0,120.0,0.0,512.0,0.0,16.0,40000.0,0.0,1.0,LED,No,DDR4,intel,mid,Other,Windows,intel,mid,low
2868,1.74,141.0,2.0,2400.0,120.0,0.0,512.0,0.0,8.0,46999.0,0.0,1.0,LED,No,DDR4,amd,low,HP,Windows,amd,mid,low
2869,1.65,157.0,1.8,2400.0,120.0,2.0,512.0,0.0,16.0,82490.0,0.0,1.0,LED,Yes,DDR4,nvidia,low,HP,Windows,intel,high,low
2870,2.2,100.0,2.5,3200.0,120.0,2.0,0.0,1024.0,8.0,27985.0,1.0,1.0,LED,No,DDR3,amd,low,Lenovo,DOS,amd,low,low
2871,1.86,141.0,2.3,2133.0,120.0,0.0,0.0,1024.0,4.0,29497.0,0.0,1.0,LED,No,DDR4,intel,low,HP,Windows,intel,low,low
2872,1.65,141.0,2.4,3200.0,120.0,0.0,512.0,0.0,16.0,51999.0,0.0,1.0,LED,No,LPDDR4,intel,mid,Other,Windows,intel,mid,low
2873,1.83,141.0,1.2,2666.0,120.0,0.0,0.0,1024.0,8.0,41400.0,0.0,1.0,LED,No,DDR4,intel,low,Dell,Windows,intel,low,low
2874,1.37,141.0,2.3,2666.0,120.0,0.0,0.0,1024.0,4.0,34990.0,0.0,1.0,LED,No,DDR4,intel,low,Dell,Windows,intel,low,low
2875,1.5,112.0,1.6,2133.0,120.0,0.0,0.0,1024.0,4.0,43990.0,0.0,1.0,LED,No,DDR4,intel,low,Asus,Windows,intel,mid,low
2876,1.24,135.0,2.8,3200.0,120.0,0.0,64.0,0.0,4.0,16990.0,1.0,1.0,LED,No,LPDDR4,intel,low,Asus,Google Chrome,intel,low,low
2878,2.1,100.0,2.6,2133.0,120.0,0.0,0.0,1024.0,4.0,17990.0,0.0,1.0,LED,No,DDR4,amd,low,Lenovo,Windows,amd,low,low
2879,1.6,157.0,1.2,2666.0,120.0,0.0,0.0,1024.0,8.0,44500.0,0.0,1.0,LED,No,DDR4,intel,low,Lenovo,Windows,intel,low,low
2881,2.4,127.0,2.9,3200.0,144.0,4.0,512.0,0.0,8.0,71550.0,0.0,0.0,LED,No,DDR4,nvidia,low,Asus,Windows,amd,high,high
2882,1.7,141.0,4.7,3200.0,120.0,0.0,512.0,0.0,8.0,54000.0,0.0,1.0,LED,No,DDR4,intel,mid,HP,Windows,intel,mid,low
2883,2.2,100.0,2.0,1600.0,120.0,0.0,0.0,1024.0,4.0,26990.0,0.0,1.0,LED,No,DDR3,intel,low,Dell,Windows,intel,low,low
2884,1.67,157.0,2.3,2133.0,120.0,0.0,0.0,1024.0,4.0,36990.0,0.0,1.0,LED,No,DDR4,intel,low,Lenovo,Windows,intel,low,low
2885,1.9,141.0,3.4,3200.0,120.0,0.0,0.0,1024.0,4.0,30990.0,0.0,1.0,LED,No,DDR4,intel,low,Asus,Windows,intel,low,low
2887,1.0,100.0,2.1,3200.0,120.0,0.0,0.0,1024.0,4.0,40999.0,1.0,1.0,LED,No,DDR4,amd,low,Acer,Windows,amd,low,low
2888,2.3,141.0,2.4,2666.0,120.0,4.0,1024.0,0.0,8.0,77290.0,0.0,1.0,LED,No,DDR4,nvidia,low,Lenovo,Windows,intel,mid,high
2889,2.3,141.0,2.5,2933.0,120.0,4.0,256.0,1024.0,8.0,72990.0,0.0,1.0,LED,No,DDR4,nvidia,low,Lenovo,Windows,intel,mid,high
2890,1.9,141.0,1.2,3200.0,120.0,0.0,0.0,1024.0,4.0,45999.0,1.0,1.0,LED,No,DDR4,intel,low,Acer,Windows,intel,low,low
2891,1.2,166.0,4.2,3200.0,120.0,0.0,512.0,0.0,8.0,64694.0,1.0,1.0,LED,No,LPDDR4X,intel,mid,Asus,Windows,intel,mid,low
2892,2.2,100.0,3.1,2133.0,120.0,0.0,0.0,1024.0,4.0,27254.0,0.0,1.0,LED,No,DDR4,amd,low,Dell,Windows,amd,low,low
2893,2.33,141.0,2.8,2400.0,120.0,0.0,256.0,0.0,4.0,27996.0,0.0,1.0,LED,No,DDR4,intel,low,Lenovo,DOS,intel,low,low
2894,1.6,157.0,1.2,2666.0,120.0,0.0,256.0,0.0,8.0,39499.0,0.0,1.0,LED,No,DDR4,intel,low,Lenovo,Windows,intel,low,low
2895,1.77,100.0,2.3,2133.0,120.0,0.0,0.0,1024.0,4.0,22490.0,0.0,1.0,LED,No,DDR4,intel,low,HP,Windows,intel,low,low
2896,1.8,141.0,3.0,3200.0,120.0,0.0,256.0,0.0,8.0,45990.0,1.0,1.0,LED,No,DDR4,intel,low,Asus,Windows,intel,low,low
2897,1.46,157.0,1.1,2400.0,120.0,0.0,32.0,0.0,4.0,32743.0,0.0,1.0,LED,No,LPDDR4,intel,low,HP,Google Chrome,intel,low,low
2898,2.0,157.0,2.5,2133.0,120.0,0.0,0.0,1024.0,8.0,47493.0,0.0,1.0,LED,No,DDR4,intel,low,Lenovo,Windows,intel,mid,low
2899,2.1,100.0,2.0,2400.0,120.0,0.0,0.0,1024.0,4.0,28990.0,0.0,1.0,LED,No,DDR4,intel,low,Dell,Windows,intel,low,low
2900,2.5,141.0,2.6,2133.0,120.0,2.0,0.0,1024.0,16.0,218158.0,0.0,1.0,LED,No,DDR4,nvidia,low,Asus,Windows,intel,high,high
2901,2.48,141.0,2.4,3200.0,120.0,0.0,512.0,0.0,8.0,36990.0,0.0,1.0,LED,No,DDR4,intel,low,HP,Windows,intel,low,low
2902,1.39,166.0,1.8,2400.0,120.0,0.0,256.0,0.0,8.0,60999.0,0.0,1.0,LED,No,DDR4,intel,low,Dell,Windows,intel,mid,low
2903,2.0,141.0,2.6,3200.0,144.0,4.0,1024.0,0.0,16.0,93990.0,0.0,0.0,LED,No,DDR4,nvidia,low,Asus,Windows,intel,high,high
2904,2.2,141.0,2.4,3200.0,120.0,4.0,128.0,1024.0,8.0,98990.0,1.0,1.0,LED,No,DDR4,nvidia,low,Lenovo,Windows,intel,mid,high
2905,1.6,157.0,1.2,3200.0,120.0,0.0,256.0,0.0,4.0,41100.0,0.0,1.0,LED,No,DDR4,intel,low,Asus,Windows,intel,low,low
2906,1.68,141.0,2.3,2400.0,120.0,0.0,0.0,1024.0,4.0,28999.0,0.0,1.0,LED,No,DDR4,intel,low,Asus,Windows,intel,low,low
2907,1.9,141.0,3.4,2666.0,120.0,0.0,512.0,0.0,8.0,37999.0,0.0,1.0,LED,No,DDR4,amd,low,Acer,Windows,amd,mid,low
2908,2.2,141.0,2.1,2400.0,120.0,4.0,256.0,1024.0,8.0,78990.0,0.0,0.0,LED,No,DDR4,nvidia,low,Asus,Windows,amd,mid,high
2909,2.7,141.0,2.8,2400.0,120.0,6.0,256.0,2048.0,16.0,120999.0,0.0,1.0,LED,No,DDR4,nvidia,mid,Acer,Windows,intel,high,high
2910,0.77,267.0,2.6,2133.0,120.0,0.0,256.0,0.0,8.0,82919.0,0.0,1.0,LED,Yes,DDR4,intel,low,Other,Windows,intel,mid,low
2911,2.0,141.0,2.3,3200.0,120.0,0.0,0.0,1024.0,4.0,29799.0,1.0,1.0,LED,No,DDR4,amd,low,Asus,Windows,amd,low,low
2912,1.6,157.0,1.2,3200.0,120.0,0.0,0.0,1024.0,4.0,34990.0,0.0,1.0,LED,No,DDR4,intel,low,Asus,Windows,intel,low,low
2913,2.1,112.0,1.5,1600.0,120.0,0.0,32.0,0.0,4.0,77460.0,0.0,1.0,LED,No,DDR3,amd,low,Asus,Windows,amd,low,low
2914,1.45,157.0,4.2,3200.0,120.0,0.0,512.0,0.0,8.0,55989.0,1.0,1.0,LED,No,DDR4,intel,mid,Acer,Windows,intel,mid,low
2916,1.21,166.0,2.2,1866.0,120.0,0.0,128.0,0.0,4.0,58051.0,0.0,1.0,LED,No,LPDDR3,intel,low,HP,Windows,intel,low,low
2917,1.74,141.0,2.1,3200.0,120.0,0.0,0.0,1024.0,4.0,27990.0,1.0,1.0,LED,No,DDR4,intel,low,HP,Windows,intel,low,low
2918,1.52,112.0,2.8,2133.0,120.0,0.0,0.0,1024.0,4.0,31490.0,0.0,1.0,LED,No,DDR4,amd,low,HP,DOS,amd,mid,mid
2919,1.51,224.0,3.5,3200.0,120.0,0.0,256.0,0.0,8.0,113690.0,1.0,1.0,LED,No,DDR4,intel,low,Apple,macOS,apple,mid,mid
2920,1.34,157.0,2.1,3200.0,120.0,0.0,256.0,0.0,4.0,28499.0,1.0,1.0,LED,No,DDR4,intel,low,Other,Windows,intel,low,low
2921,1.7,141.0,3.4,2666.0,120.0,0.0,256.0,0.0,8.0,38000.0,0.0,1.0,LED,No,DDR4,intel,low,HP,Windows,intel,low,low
2922,1.6,141.0,2.8,3200.0,120.0,0.0,512.0,0.0,16.0,60190.0,0.0,1.0,LED,No,DDR4,intel,mid,Lenovo,Windows,intel,high,low
2923,1.68,141.0,2.6,3200.0,60.0,0.0,256.0,0.0,8.0,33990.0,1.0,0.0,LED,No,DDR5,amd,low,Asus,Windows,amd,low,low
2925,2.14,141.0,2.4,3200.0,120.0,4.0,512.0,0.0,8.0,62990.0,1.0,0.0,LED,No,DDR4,nvidia,low,Asus,Windows,intel,mid,high
2926,1.77,141.0,2.2,2400.0,120.0,2.0,0.0,1024.0,4.0,40790.0,0.0,1.0,LED,No,DDR4,nvidia,low,HP,Windows,intel,low,low
2927,2.2,100.0,1.8,2133.0,120.0,0.0,0.0,1024.0,4.0,19490.0,0.0,1.0,LED,No,DDR4,amd,low,Acer,Windows,amd,low,low
2928,1.4,169.0,1.8,2400.0,120.0,2.0,256.0,0.0,8.0,84490.0,0.0,1.0,LED,No,DDR4,amd,low,Dell,Windows,intel,high,low
2929,1.21,135.0,1.1,2400.0,120.0,0.0,128.0,0.0,4.0,85743.0,0.0,1.0,LED,Yes,DDR4,intel,low,HP,Windows,intel,low,low
2930,2.3,141.0,2.8,3200.0,120.0,4.0,512.0,0.0,8.0,71990.0,1.0,1.0,LED,No,DDR4,nvidia,low,MSI,Windows,intel,mid,high
2931,2.25,141.0,2.6,2666.0,120.0,4.0,256.0,1024.0,8.0,91211.0,0.0,1.0,LED,No,DDR4,nvidia,low,HP,Windows,intel,high,high
2932,1.96,100.0,1.7,1600.0,120.0,2.0,0.0,1024.0,4.0,40890.0,0.0,1.0,LED,No,DDR3,nvidia,low,HP,DOS,intel,mid,low
2933,2.2,100.0,1.6,1600.0,120.0,0.0,0.0,1024.0,4.0,23987.0,0.0,1.0,LED,No,DDR3,intel,low,Lenovo,DOS,intel,low,low
2934,2.04,100.0,2.5,2133.0,120.0,4.0,0.0,1024.0,8.0,63854.0,0.0,1.0,LED,No,DDR4,nvidia,low,HP,Windows,intel,mid,low
2935,1.68,141.0,1.6,2133.0,120.0,2.0,0.0,1024.0,8.0,48990.0,0.0,1.0,LED,No,DDR4,nvidia,low,Asus,Windows,intel,mid,low
2936,1.4,232.0,1.4,2133.0,120.0,0.0,256.0,0.0,8.0,111990.0,0.0,1.0,LED,No,LPDDR3,intel,low,Apple,macOS,intel,mid,low
2937,1.77,141.0,2.2,2400.0,120.0,0.0,0.0,1024.0,4.0,30615.0,0.0,1.0,LED,No,DDR4,intel,low,HP,Windows,intel,low,low
2938,1.68,141.0,2.3,3200.0,120.0,0.0,0.0,1024.0,4.0,27000.0,1.0,1.0,LED,No,DDR4,intel,low,Asus,Windows,intel,low,low
2939,2.2,141.0,3.3,3200.0,120.0,4.0,512.0,1024.0,16.0,106999.0,1.0,1.0,LED,No,DDR4,nvidia,mid,Acer,Windows,amd,mid,high
2940,2.1,100.0,2.3,2133.0,120.0,0.0,0.0,1024.0,4.0,26480.0,0.0,1.0,LED,No,DDR4,intel,low,HP,DOS,intel,low,low
2941,1.85,141.0,1.0,2666.0,120.0,0.0,512.0,0.0,8.0,49990.0,0.0,1.0,LED,No,DDR4,intel,low,Lenovo,Windows,intel,mid,low
2942,1.75,141.0,1.2,2666.0,120.0,0.0,0.0,1024.0,4.0,43381.0,0.0,1.0,LED,No,DDR4,intel,low,HP,Windows,intel,low,low
2943,2.3,141.0,2.5,2933.0,120.0,4.0,1024.0,0.0,8.0,77990.0,0.0,1.0,LED,No,DDR4,nvidia,low,Asus,Windows,intel,mid,high
2945,1.29,227.0,1.1,3733.0,120.0,0.0,512.0,0.0,8.0,122990.0,0.0,1.0,LED,No,LPDDR4X,intel,low,Apple,macOS,intel,mid,mid
2946,1.77,100.0,1.1,2400.0,120.0,0.0,0.0,1024.0,4.0,21990.0,0.0,1.0,LED,No,DDR4,intel,low,HP,Windows,intel,low,low
2947,1.8,141.0,3.7,3200.0,120.0,0.0,0.0,1024.0,8.0,35990.0,1.0,1.0,LED,No,DDR4,amd,low,Asus,Windows,amd,mid,low
2948,1.77,141.0,4.0,2666.0,120.0,0.0,0.0,1024.0,8.0,51860.0,0.0,1.0,LED,No,DDR4,intel,low,HP,Windows,intel,low,low
2949,1.4,112.0,2.1,3200.0,120.0,0.0,512.0,0.0,8.0,31990.0,0.0,1.0,LED,No,DDR4,intel,low,Other,Windows,intel,mid,low
2950,1.9,141.0,2.0,2400.0,120.0,4.0,0.0,1024.0,8.0,50990.0,0.0,1.0,LED,No,DDR4,nvidia,low,Asus,Windows,amd,mid,low
2951,1.75,112.0,2.4,2133.0,120.0,0.0,0.0,1024.0,4.0,26650.0,0.0,1.0,LED,No,DDR4,intel,low,Dell,Other,intel,low,low
2952,1.85,141.0,1.0,2666.0,120.0,2.0,256.0,1024.0,8.0,74000.0,0.0,1.0,LED,No,DDR4,nvidia,low,HP,Windows,intel,mid,low
2953,1.52,112.0,2.8,2133.0,120.0,0.0,0.0,1024.0,8.0,37790.0,0.0,1.0,LED,No,DDR4,amd,low,HP,Windows,amd,mid,low
2954,1.9,112.0,2.0,2133.0,120.0,0.0,0.0,1024.0,4.0,31041.0,0.0,1.0,LED,No,DDR4,intel,low,HP,DOS,intel,low,low
2955,1.75,141.0,1.6,2666.0,120.0,2.0,0.0,1024.0,8.0,55000.0,0.0,1.0,LED,No,DDR4,amd,low,Dell,Windows,intel,mid,low
2956,2.83,127.0,2.6,2933.0,120.0,6.0,512.0,0.0,16.0,99790.0,0.0,0.0,LED,No,DDR4,nvidia,mid,Asus,Windows,intel,high,high
2957,1.86,100.0,1.5,1600.0,120.0,0.0,0.0,1024.0,4.0,22495.0,0.0,1.0,LED,No,DDR4,amd,low,HP,DOS,amd,low,low
2958,2.2,100.0,2.7,2400.0,120.0,2.0,0.0,1024.0,8.0,61658.0,0.0,1.0,LED,No,DDR4,amd,low,Dell,Windows,intel,high,low
2959,2.3,141.0,2.2,2400.0,120.0,4.0,128.0,1024.0,8.0,79999.0,0.0,1.0,LED,No,DDR4,nvidia,low,Asus,Windows,intel,high,high
2960,2.37,141.0,4.2,3200.0,144.0,4.0,512.0,0.0,16.0,66999.0,0.0,0.0,LED,No,DDR4,nvidia,mid,HP,Windows,intel,mid,high
2961,1.77,141.0,1.6,2400.0,120.0,0.0,256.0,0.0,8.0,47990.0,0.0,1.0,LED,No,DDR4,intel,low,HP,Windows,intel,mid,low
2962,1.7,141.0,2.8,3200.0,120.0,0.0,512.0,0.0,8.0,77262.0,0.0,1.0,LED,No,DDR4,intel,mid,Asus,Windows,intel,high,low
2963,2.19,141.0,2.4,2400.0,120.0,3.0,0.0,1024.0,8.0,51990.0,0.0,1.0,LED,No,DDR4,nvidia,low,Lenovo,Windows,intel,mid,high
2964,1.59,157.0,2.3,2400.0,120.0,0.0,256.0,0.0,4.0,18990.0,0.0,1.0,LED,No,DDR4,amd,low,Lenovo,DOS,amd,low,low
2965,1.85,141.0,2.2,2133.0,120.0,0.0,256.0,0.0,4.0,34990.0,0.0,1.0,LED,No,DDR4,intel,low,Lenovo,Windows,intel,low,low
2966,1.6,157.0,2.3,3200.0,60.0,0.0,0.0,1024.0,4.0,30923.0,1.0,0.0,LED,No,DDR4,intel,low,Asus,Windows,intel,low,low
2967,1.41,112.0,1.1,1600.0,120.0,0.0,32.0,0.0,3.0,17990.0,0.0,1.0,LED,No,DDR3,intel,low,Other,Windows,intel,low,low
2968,2.2,141.0,1.6,2133.0,120.0,0.0,0.0,1024.0,8.0,39990.0,0.0,1.0,LED,No,DDR4,intel,low,Lenovo,DOS,intel,mid,low
2970,1.66,112.0,1.2,2666.0,120.0,0.0,0.0,1024.0,4.0,30990.0,0.0,1.0,LED,No,DDR4,intel,low,Dell,Other,intel,low,low
2971,2.4,141.0,2.3,3200.0,120.0,4.0,512.0,0.0,16.0,85999.0,1.0,0.0,LED,No,DDR4,nvidia,mid,Lenovo,Windows,intel,high,high
2972,1.85,112.0,3.1,1866.0,120.0,0.0,0.0,1024.0,4.0,40999.0,0.0,1.0,LED,No,DDR4,amd,low,HP,DOS,amd,low,low
2973,2.13,141.0,1.6,2400.0,120.0,0.0,0.0,1024.0,8.0,45890.0,0.0,1.0,LED,No,DDR4,intel,low,Dell,Windows,intel,mid,low
2974,0.99,157.0,1.2,3200.0,120.0,0.0,256.0,0.0,8.0,64990.0,0.0,1.0,LED,No,DDR4,intel,low,Other,Windows,intel,mid,low
2975,1.2,176.0,1.1,1866.0,120.0,0.0,64.0,0.0,4.0,79060.0,0.0,1.0,LED,Yes,LPDDR3,intel,low,Asus,Google Chrome,intel,low,low
2976,2.27,100.0,1.8,2400.0,120.0,0.0,0.0,1024.0,4.0,22799.0,0.0,1.0,LED,No,DDR4,amd,low,Dell,Windows,amd,low,low
2977,2.2,141.0,2.4,2400.0,120.0,4.0,512.0,0.0,8.0,77441.0,0.0,1.0,LED,No,DDR4,nvidia,low,HP,Windows,intel,mid,high
2978,1.9,141.0,2.1,2400.0,120.0,0.0,0.0,1024.0,8.0,41590.0,0.0,1.0,LED,No,DDR4,amd,low,Asus,Windows,amd,mid,low
2979,2.1,141.0,4.6,3200.0,144.0,4.0,512.0,0.0,16.0,64990.0,1.0,0.0,TFT LCD,No,DDR5,nvidia,low,Acer,Windows,intel,mid,high
2980,1.6,141.0,2.4,3200.0,120.0,0.0,512.0,0.0,16.0,61290.0,0.0,1.0,LED,No,DDR4,intel,mid,Lenovo,Windows,intel,mid,low
2981,1.6,157.0,4.1,3200.0,120.0,0.0,512.0,0.0,16.0,34990.0,0.0,1.0,LED,No,DDR4,intel,low,Asus,Windows,intel,low,low
2982,1.4,323.0,2.5,3200.0,60.0,0.0,512.0,0.0,16.0,76990.0,1.0,0.0,OLED,Yes,LPDDR5,intel,mid,Asus,Windows,intel,mid,high
2984,1.68,100.0,1.1,2400.0,120.0,0.0,0.0,1024.0,4.0,20790.0,0.0,1.0,LED,No,DDR4,intel,low,Asus,Windows,intel,low,low
2985,1.65,141.0,4.2,3200.0,120.0,0.0,512.0,0.0,8.0,48499.0,1.0,1.0,LED,No,DDR4,intel,mid,Acer,Windows,intel,mid,low
2986,1.77,141.0,1.6,2400.0,120.0,0.0,256.0,1024.0,4.0,51394.0,0.0,1.0,LED,No,DDR4,intel,low,HP,Windows,intel,mid,low
2987,1.8,141.0,2.4,3200.0,120.0,0.0,256.0,1024.0,8.0,61186.0,0.0,1.0,LED,No,DDR4,intel,mid,Asus,Windows,intel,mid,low
2988,2.8,127.0,2.6,3200.0,120.0,6.0,1024.0,0.0,16.0,98457.0,1.0,0.0,LED,No,DDR4,nvidia,mid,Asus,Windows,intel,high,high
2989,2.1,141.0,2.3,3200.0,120.0,2.0,0.0,1024.0,4.0,29990.0,1.0,1.0,LED,No,DDR4,nvidia,low,Lenovo,DOS,intel,low,low
2990,1.7,141.0,1.6,2400.0,120.0,2.0,256.0,1024.0,8.0,60990.0,0.0,1.0,LED,No,DDR4,nvidia,low,Asus,Windows,intel,mid,low
2991,2.19,100.0,1.8,1600.0,120.0,0.0,0.0,1024.0,4.0,21990.0,0.0,1.0,LED,No,DDR3,amd,low,HP,DOS,amd,low,low
2992,1.61,112.0,4.0,3200.0,120.0,0.0,128.0,0.0,8.0,73439.0,0.0,1.0,LED,Yes,DDR4,intel,mid,HP,Windows,intel,low,low
2993,1.4,157.0,3.0,3200.0,120.0,0.0,512.0,0.0,8.0,42990.0,1.0,1.0,LED,No,DDR4,intel,low,Asus,Windows,intel,low,low
2994,1.69,141.0,2.6,2400.0,120.0,0.0,512.0,0.0,4.0,36298.0,0.0,1.0,LED,No,DDR4,amd,low,HP,Windows,amd,low,low
2995,1.8,141.0,4.7,3200.0,60.0,0.0,512.0,0.0,8.0,60490.0,0.0,0.0,IPS LCD,No,DDR4,intel,mid,Asus,Windows,intel,mid,high
2996,1.3,157.0,4.0,3200.0,60.0,0.0,0.0,0.0,8.0,44990.0,0.0,0.0,LED,No,DDR4,amd,low,MSI,Windows,amd,mid,low
2997,2.25,141.0,3.1,3200.0,120.0,4.0,512.0,0.0,16.0,81990.0,0.0,0.0,LED,No,DDR4,nvidia,mid,Lenovo,Windows,amd,high,high
2998,1.85,141.0,2.1,2666.0,120.0,0.0,256.0,0.0,8.0,56573.0,0.0,1.0,LED,No,DDR4,amd,low,Dell,Windows,amd,mid,low
2999,2.4,141.0,3.1,3200.0,144.0,4.0,512.0,0.0,24.0,63490.0,1.0,0.0,LED,No,DDR5,nvidia,low,Lenovo,Windows,intel,mid,high
3000,2.0,141.0,2.7,2133.0,120.0,4.0,0.0,2048.0,16.0,85181.0,0.0,1.0,LED,No,DDR4,nvidia,low,HP,Windows,intel,high,low
3001,1.75,142.0,5.6,3200.0,144.0,8.0,1024.0,0.0,32.0,124990.0,1.0,0.0,IPS LCD,No,DDR5,nvidia,mid,MSI,Windows,intel,high,high
3002,1.75,100.0,2.1,3200.0,60.0,0.0,256.0,0.0,8.0,22690.0,1.0,0.0,LED,No,DDR4,intel,low,HP,DOS,intel,low,low
3003,1.59,141.0,2.8,3200.0,120.0,0.0,1024.0,0.0,16.0,46990.0,1.0,1.0,LED,No,DDR4,intel,low,Acer,Windows,intel,mid,low
3004,1.7,141.0,1.2,3200.0,60.0,0.0,512.0,0.0,8.0,32990.0,1.0,0.0,LED,No,DDR4,intel,low,Asus,Windows,intel,low,low
3005,1.47,100.0,2.6,2400.0,120.0,0.0,512.0,0.0,8.0,25851.0,0.0,1.0,LED,No,DDR4,amd,low,HP,DOS,amd,low,low
3007,2.5,142.0,4.6,3200.0,165.0,6.0,1024.0,0.0,16.0,95990.0,1.0,0.0,LED,No,DDR5,nvidia,mid,Asus,Windows,intel,mid,high
3008,1.88,142.0,2.3,3200.0,60.0,0.0,512.0,0.0,16.0,61980.0,1.0,0.0,LED,No,DDR4,intel,mid,Asus,Windows,intel,high,high
3009,1.65,141.0,4.4,3200.0,120.0,0.0,512.0,0.0,16.0,51890.0,1.0,0.0,LED,No,DDR4,intel,low,Dell,Windows,intel,mid,low
3010,1.5,212.0,4.8,3200.0,120.0,0.0,1024.0,0.0,16.0,96990.0,1.0,0.0,OLED,No,LPDDR5X,intel,mid,Asus,Windows,intel,high,high
3011,2.3,141.0,3.3,3200.0,120.0,6.0,1024.0,0.0,16.0,147990.0,1.0,1.0,LED,No,DDR3,nvidia,mid,Asus,Windows,amd,high,high
3012,1.59,112.0,2.1,2666.0,120.0,0.0,256.0,0.0,4.0,44441.0,0.0,1.0,LED,Yes,DDR4,intel,low,HP,Windows,intel,low,low
3014,2.4,141.0,2.8,2400.0,120.0,6.0,256.0,1024.0,16.0,139990.0,0.0,1.0,LED,No,DDR4,nvidia,mid,MSI,Windows,intel,high,high
3015,2.29,141.0,4.2,3200.0,144.0,4.0,1024.0,0.0,16.0,68990.0,1.0,0.0,LED,No,DDR4,nvidia,mid,HP,Windows,intel,mid,high
3016,0.87,166.0,4.4,3200.0,120.0,0.0,512.0,0.0,16.0,106990.0,1.0,1.0,AMOLED,No,LPDDR5,intel,mid,Samsung,Windows,intel,mid,mid
3017,1.6,162.0,4.9,3200.0,120.0,0.0,1024.0,0.0,16.0,65990.0,1.0,1.0,LED,No,DDR4,intel,mid,MSI,Windows,intel,high,high
3018,1.6,141.0,3.0,3200.0,120.0,0.0,512.0,0.0,8.0,35990.0,0.0,1.0,LED,No,DDR4,intel,low,Lenovo,Windows,intel,low,low
3019,1.45,157.0,4.6,3200.0,120.0,0.0,1024.0,0.0,16.0,51990.0,1.0,1.0,TFT LCD,No,DDR4,intel,low,Acer,Windows,intel,mid,low
3020,1.86,141.0,4.7,3200.0,144.0,4.0,512.0,0.0,8.0,49990.0,0.0,0.0,LED,No,DDR4,nvidia,low,MSI,Windows,intel,mid,high
3021,1.7,142.0,4.5,5200.0,120.0,0.0,512.0,0.0,8.0,40990.0,0.0,1.0,LED,No,DDR5,intel,low,Lenovo,Windows,intel,low,low
3022,1.86,141.0,4.7,3200.0,144.0,4.0,512.0,1024.0,16.0,66456.0,1.0,0.0,LED,No,DDR4,nvidia,low,MSI,Windows,intel,high,high
3023,2.0,141.0,2.7,2133.0,120.0,4.0,0.0,1024.0,8.0,73392.0,0.0,1.0,LED,No,DDR4,nvidia,low,HP,Windows,intel,high,low
3024,1.45,157.0,4.6,3200.0,120.0,0.0,512.0,0.0,8.0,44990.0,1.0,1.0,TFT LCD,No,DDR4,intel,low,Acer,Windows,intel,mid,low
3025,1.75,141.0,4.7,3200.0,120.0,0.0,512.0,0.0,16.0,62690.0,0.0,1.0,IPS LCD,No,DDR4,intel,mid,HP,Windows,intel,high,low
3026,1.75,141.0,4.4,3200.0,60.0,0.0,512.0,0.0,8.0,28500.0,0.0,0.0,LED,No,DDR4,intel,low,Lenovo,DOS,intel,low,low
3027,1.45,157.0,4.6,3200.0,120.0,0.0,512.0,0.0,16.0,45990.0,1.0,1.0,TFT LCD,No,DDR4,intel,low,Acer,Windows,intel,mid,low
3028,1.55,141.0,1.4,3200.0,120.0,0.0,512.0,0.0,16.0,58980.0,1.0,1.0,LED,No,LPDDR4X,intel,low,Samsung,Windows,intel,mid,low
3029,1.55,141.0,5.0,3200.0,120.0,0.0,512.0,0.0,8.0,61490.0,1.0,1.0,LED,No,LPDDR4X,intel,low,Samsung,Windows,intel,mid,low
3031,1.6,157.0,2.4,3200.0,120.0,0.0,512.0,0.0,8.0,33900.0,1.0,1.0,LED,No,DDR4,intel,mid,Lenovo,Windows,intel,mid,low
3032,2.25,141.0,4.7,3200.0,144.0,4.0,512.0,0.0,8.0,70989.0,0.0,0.0,LED,No,DDR4,nvidia,mid,MSI,Windows,intel,mid,high
3033,1.5,157.0,4.2,3200.0,60.0,0.0,512.0,0.0,8.0,62890.0,0.0,0.0,LED,No,DDR4,intel,low,Lenovo,Windows,intel,mid,low
3034,1.7,141.0,3.3,3200.0,120.0,4.0,512.0,0.0,16.0,96990.0,0.0,1.0,OLED,Yes,DDR4,nvidia,low,HP,Windows,intel,mid,low
3035,1.86,141.0,4.2,3200.0,144.0,4.0,256.0,1024.0,16.0,60008.0,1.0,0.0,LED,No,DDR4,nvidia,low,MSI,Windows,intel,mid,high
3036,2.35,137.0,4.9,5200.0,144.0,6.0,1024.0,0.0,16.0,109990.0,0.0,0.0,LED,No,DDR5,nvidia,mid,HP,Windows,intel,high,high
3037,1.7,212.0,5.4,3200.0,120.0,0.0,512.0,0.0,16.0,90260.0,1.0,0.0,OLED,No,LPDDR5,intel,mid,Asus,Windows,intel,high,high
3038,3.11,141.0,2.5,3200.0,120.0,4.0,512.0,0.0,8.0,66068.0,1.0,1.0,LED,No,DDR4,nvidia,mid,Other,Windows,intel,mid,high
3039,1.46,141.0,1.4,6000.0,120.0,0.0,512.0,0.0,16.0,109990.0,0.0,1.0,AMOLED,Yes,LPDDR5,intel,mid,Samsung,Windows,intel,mid,low
3040,1.59,141.0,4.2,3200.0,120.0,0.0,512.0,0.0,8.0,39990.0,1.0,1.0,LED,No,DDR5,intel,mid,Acer,Windows,intel,mid,low
3041,2.6,127.0,3.1,3200.0,144.0,8.0,1024.0,0.0,8.0,113602.0,1.0,0.0,LED,No,DDR5,nvidia,mid,MSI,Windows,intel,high,high
3042,2.08,141.0,2.5,3200.0,144.0,8.0,512.0,0.0,8.0,94990.0,1.0,0.0,LCD,No,DDR4,nvidia,mid,Other,Windows,intel,mid,high
3043,1.6,166.0,2.7,2133.0,120.0,0.0,0.0,1024.0,8.0,75195.0,0.0,1.0,LED,Yes,DDR4,intel,low,Dell,Windows,intel,high,low
3044,1.59,141.0,4.6,3200.0,120.0,0.0,512.0,0.0,8.0,50490.0,0.0,1.0,LED,No,DDR4,intel,low,HP,Windows,intel,mid,low
3045,1.52,100.0,4.3,3200.0,120.0,0.0,512.0,0.0,8.0,29990.0,0.0,1.0,LED,No,DDR4,amd,low,HP,DOS,amd,mid,low
3046,1.7,212.0,5.4,3200.0,120.0,0.0,512.0,0.0,16.0,94990.0,1.0,0.0,OLED,No,LPDDR5,intel,mid,Asus,Windows,intel,high,high
3047,2.3,188.0,4.7,3200.0,165.0,6.0,1024.0,0.0,16.0,135990.0,0.0,0.0,LED,No,DDR4,nvidia,mid,Asus,Windows,amd,high,high
3048,1.7,141.0,2.0,3200.0,120.0,0.0,512.0,0.0,16.0,32999.0,0.0,1.0,LED,No,DDR4,amd,low,Lenovo,Windows,amd,mid,low
3049,1.66,212.0,5.0,3200.0,120.0,0.0,1024.0,0.0,16.0,149999.0,1.0,0.0,AMOLED,Yes,DDR4,intel,mid,Samsung,Windows,intel,high,mid
3050,1.44,216.0,4.5,6400.0,120.0,0.0,512.0,0.0,16.0,85900.0,0.0,0.0,LED,No,LPDDR5X,intel,mid,HP,Windows,intel,mid,high
3051,1.4,157.0,4.8,5600.0,120.0,0.0,512.0,0.0,16.0,82990.0,0.0,1.0,LED,No,DDR5,intel,mid,HP,Windows,intel,high,high
3052,1.85,138.0,5.0,4800.0,120.0,0.0,1024.0,0.0,16.0,88990.0,0.0,0.0,LED,No,LPDDR5,intel,mid,Dell,Windows,intel,high,mid
3053,1.65,141.0,4.1,5500.0,60.0,0.0,512.0,0.0,8.0,26499.0,0.0,0.0,LED,No,LPDDR5,amd,low,Lenovo,Windows,amd,low,low
3054,1.63,157.0,2.8,3200.0,60.0,0.0,0.0,0.0,8.0,24990.0,1.0,0.0,LED,Yes,LPDDR4X,intel,low,Asus,Google Chrome,intel,low,low
3056,2.6,170.0,4.7,3200.0,240.0,8.0,1024.0,0.0,16.0,127796.0,1.0,0.0,LED,No,DDR5,nvidia,mid,MSI,Windows,intel,high,high
3057,1.35,162.0,1.6,2400.0,120.0,0.0,512.0,0.0,8.0,57999.0,0.0,1.0,LED,Yes,DDR4,intel,low,Lenovo,Windows,intel,mid,low
3058,2.0,157.0,4.1,3200.0,120.0,0.0,512.0,0.0,8.0,29890.0,0.0,1.0,LED,No,DDR4,intel,low,Dell,DOS,intel,low,low
3059,1.39,162.0,4.5,7467.0,60.0,0.0,512.0,0.0,16.0,81990.0,0.0,0.0,OLED,No,LPDDR5X,intel,mid,Lenovo,Windows,intel,mid,high
3061,1.0,141.0,3.3,3200.0,60.0,0.0,512.0,0.0,8.0,32800.0,0.0,0.0,LED,No,LPDDR4X,intel,low,MSI,Windows,intel,low,low
3062,1.8,141.0,4.5,3200.0,120.0,0.0,512.0,0.0,16.0,57990.0,1.0,1.0,LED,No,DDR4,intel,mid,Other,Windows,intel,mid,high
3063,1.8,141.0,2.3,3200.0,120.0,0.0,512.0,0.0,16.0,65340.0,1.0,1.0,LED,No,LPDDR5,intel,mid,Other,Windows,intel,high,high
3064,2.2,141.0,2.8,2400.0,120.0,4.0,128.0,1024.0,8.0,92990.0,0.0,1.0,LED,No,DDR4,nvidia,low,MSI,DOS,intel,high,high
3065,1.5,157.0,2.6,3200.0,120.0,0.0,512.0,0.0,8.0,64890.0,0.0,1.0,LED,No,DDR4,intel,mid,Dell,Windows,intel,mid,high
3066,1.4,157.0,4.5,5600.0,120.0,0.0,512.0,0.0,16.0,67990.0,0.0,1.0,LED,No,DDR5,intel,mid,HP,Windows,intel,mid,high
3067,1.7,141.0,4.7,3200.0,60.0,0.0,512.0,0.0,16.0,64990.0,0.0,0.0,LED,No,DDR4,intel,mid,Asus,Windows,intel,mid,high
3068,1.8,141.0,5.1,3200.0,120.0,0.0,1024.0,0.0,32.0,85990.0,1.0,1.0,LED,No,LPDDR5X,intel,mid,Other,Windows,intel,high,high
3069,2.1,141.0,4.7,1550.0,144.0,4.0,512.0,0.0,16.0,81490.0,0.0,0.0,LED,No,DDR4,nvidia,mid,Asus,Windows,amd,high,high
3070,2.7,170.0,5.0,3200.0,240.0,8.0,1024.0,0.0,8.0,142991.0,1.0,0.0,IPS LCD,No,DDR5,nvidia,mid,MSI,Windows,intel,high,high
3072,1.64,267.0,1.9,1866.0,120.0,2.0,512.0,0.0,16.0,222999.0,0.0,1.0,LED,Yes,DDR3,nvidia,low,Other,Windows,intel,high,low
3073,3.0,127.0,3.3,3200.0,144.0,4.0,512.0,0.0,16.0,104694.0,1.0,0.0,LED,No,DDR4,nvidia,mid,Asus,Windows,amd,high,high
3074,2.29,141.0,4.6,3200.0,144.0,4.0,512.0,0.0,16.0,64990.0,0.0,0.0,LED,No,DDR4,nvidia,low,HP,Windows,intel,mid,high
3075,2.29,141.0,5.1,3200.0,144.0,6.0,1024.0,0.0,16.0,88490.0,1.0,0.0,LED,No,DDR5,nvidia,mid,HP,Windows,amd,high,high
3076,2.5,127.0,4.7,4800.0,144.0,4.0,512.0,0.0,16.0,88990.0,0.0,0.0,LED,No,DDR5,nvidia,mid,Asus,Windows,amd,high,high
3077,1.6,157.0,4.7,3200.0,120.0,0.0,512.0,0.0,16.0,62990.0,0.0,1.0,LED,No,DDR4,intel,mid,HP,Windows,intel,high,low
3078,1.45,157.0,2.4,3200.0,120.0,0.0,1024.0,0.0,16.0,42980.0,1.0,1.0,TFT LCD,No,DDR4,intel,low,Acer,Windows,intel,mid,low
3079,1.42,212.0,3.4,3200.0,120.0,0.0,1024.0,0.0,16.0,89990.0,1.0,0.0,OLED,No,LPDDR5X,qualcomm,low,Asus,Windows,qualcomm,high,high
3080,1.7,141.0,2.0,3200.0,120.0,0.0,512.0,0.0,8.0,51990.0,0.0,1.0,LED,No,DDR4,amd,low,Lenovo,DOS,amd,high,low
3081,1.59,141.0,4.6,3200.0,120.0,0.0,512.0,0.0,16.0,54599.0,0.0,1.0,LED,No,DDR4,intel,mid,HP,Windows,intel,mid,low
3082,1.55,258.0,4.1,3200.0,120.0,0.0,1024.0,0.0,8.0,169900.0,1.0,1.0,LED,No,DDR4,intel,low,Apple,macOS,apple,mid,mid
3083,2.0,141.0,3.1,1525.0,144.0,6.0,512.0,0.0,16.0,84990.0,0.0,0.0,LED,No,DDR4,nvidia,mid,Asus,Windows,intel,mid,high
3084,1.3,338.0,3.1,3200.0,60.0,4.0,1024.0,0.0,16.0,89990.0,1.0,0.0,LED,No,LPDDR4X,nvidia,low,Asus,Windows,amd,high,high
3085,1.9,188.0,4.8,3200.0,240.0,8.0,1024.0,0.0,16.0,201990.0,1.0,0.0,LED,No,DDR5,nvidia,high,Asus,Windows,amd,high,high
3086,1.6,189.0,4.8,6400.0,60.0,0.0,1024.0,0.0,16.0,99000.0,0.0,0.0,LED,No,LPDDR5X,intel,mid,Dell,Windows,intel,high,high
3087,2.2,142.0,4.5,3200.0,144.0,8.0,512.0,0.0,16.0,74990.0,1.0,0.0,IPS LCD,No,DDR5,amd,high,Asus,Windows,amd,high,high
3088,2.2,189.0,4.7,3200.0,120.0,6.0,1024.0,0.0,16.0,167990.0,1.0,0.0,LED,No,DDR4,nvidia,mid,MSI,Windows,intel,high,high
3089,1.7,141.0,4.6,5200.0,120.0,0.0,512.0,0.0,16.0,57990.0,0.0,1.0,LED,No,DDR4,intel,low,Lenovo,Windows,intel,mid,low
3090,1.65,141.0,3.0,3200.0,120.0,0.0,256.0,0.0,8.0,38999.0,0.0,1.0,LED,No,DDR4,intel,low,Lenovo,Windows,intel,low,low
3092,1.56,162.0,4.6,4400.0,60.0,0.0,512.0,0.0,16.0,62990.0,0.0,0.0,IPS LCD,No,DDR5,intel,mid,Dell,Windows,intel,mid,low
3094,1.9,188.0,4.8,3200.0,240.0,8.0,1024.0,0.0,16.0,137032.0,1.0,0.0,LED,No,DDR5,nvidia,high,Asus,Windows,amd,high,high
3095,1.75,127.0,2.8,2400.0,120.0,6.0,128.0,1024.0,16.0,129999.0,0.0,1.0,LED,No,DDR4,nvidia,mid,HP,Windows,intel,high,high
3096,1.8,141.0,4.8,3200.0,120.0,0.0,512.0,0.0,16.0,64990.0,1.0,1.0,LED,No,LPDDR5X,intel,mid,Other,Windows,intel,high,high
3097,3.3,255.0,5.6,3200.0,144.0,12.0,2048.0,0.0,64.0,389990.0,1.0,0.0,Mini LED,No,DDR5,nvidia,high,MSI,Windows,intel,high,high
3098,2.3,141.0,3.1,5600.0,144.0,4.0,512.0,0.0,16.0,60899.0,0.0,0.0,LED,No,DDR5,nvidia,low,Asus,Windows,amd,high,high
3099,1.35,162.0,4.7,5200.0,60.0,0.0,1024.0,0.0,16.0,70990.0,0.0,0.0,OLED,No,LPDDR5X,intel,mid,Lenovo,Windows,intel,mid,high
3100,1.75,141.0,2.8,3200.0,120.0,0.0,512.0,0.0,16.0,56000.0,0.0,1.0,LED,No,DDR4,amd,low,HP,Windows,amd,high,low
3101,2.25,141.0,5.4,3200.0,144.0,8.0,1024.0,0.0,16.0,119990.0,1.0,0.0,LED,No,DDR5,nvidia,mid,MSI,Windows,intel,high,high
3102,1.85,141.0,4.2,2666.0,60.0,0.0,512.0,0.0,8.0,51499.0,0.0,0.0,LED,No,DDR4,intel,low,Dell,Windows,intel,mid,low
3103,2.25,141.0,3.3,3200.0,144.0,6.0,1024.0,0.0,16.0,81906.0,1.0,0.0,LED,No,DDR5,nvidia,mid,MSI,Windows,intel,mid,high
3104,1.74,100.0,4.2,3200.0,120.0,0.0,512.0,0.0,8.0,34790.0,0.0,1.0,LED,No,DDR4,intel,mid,HP,DOS,intel,low,low
3105,1.56,212.0,4.8,3200.0,120.0,0.0,512.0,0.0,16.0,144990.0,1.0,1.0,AMOLED,Yes,LPDDR5X,intel,mid,Samsung,Windows,intel,high,high
3106,1.59,141.0,4.4,3200.0,120.0,0.0,512.0,0.0,8.0,35990.0,0.0,1.0,LED,No,DDR4,intel,low,HP,Windows,intel,low,low
3107,1.75,157.0,0.8,3200.0,60.0,0.0,512.0,0.0,8.0,45990.0,1.0,0.0,LED,No,DDR4,intel,low,MSI,Windows,intel,low,low
3108,2.6,127.0,4.2,3200.0,144.0,4.0,512.0,0.0,8.0,76990.0,1.0,0.0,LED,No,DDR4,nvidia,mid,Asus,Windows,amd,high,high
3109,1.7,141.0,2.0,3200.0,120.0,0.0,512.0,0.0,16.0,47810.0,0.0,1.0,LED,No,DDR4,amd,low,Lenovo,Windows,amd,high,low
3110,2.7,127.0,3.0,2400.0,120.0,4.0,256.0,1024.0,16.0,134990.0,0.0,1.0,LED,No,DDR4,amd,mid,Asus,Windows,amd,high,high
3111,1.75,141.0,4.0,3200.0,120.0,0.0,1024.0,0.0,16.0,64094.0,0.0,1.0,LED,No,DDR4,amd,low,HP,Windows,amd,mid,low
3112,1.75,141.0,4.6,3200.0,60.0,0.0,512.0,0.0,16.0,47990.0,1.0,0.0,TFT LCD,No,LPDDR5,intel,mid,Acer,Windows,intel,mid,low
3113,2.65,141.0,4.6,4800.0,120.0,6.0,512.0,0.0,16.0,70990.0,0.0,0.0,LED,No,DDR5,nvidia,mid,Dell,Windows,intel,mid,high
3114,2.3,141.0,4.0,3200.0,144.0,4.0,512.0,0.0,16.0,63250.0,1.0,0.0,LED,No,DDR4,nvidia,low,Asus,Windows,amd,mid,high
3115,1.47,100.0,2.1,3200.0,120.0,0.0,512.0,0.0,8.0,30990.0,1.0,1.0,LED,No,DDR4,amd,low,HP,DOS,amd,mid,low
3116,2.65,141.0,4.6,4800.0,120.0,6.0,512.0,0.0,16.0,97444.0,0.0,0.0,LED,No,DDR5,nvidia,mid,Dell,Windows,intel,mid,high
3117,2.32,182.0,4.7,3200.0,165.0,8.0,1024.0,0.0,16.0,170990.0,1.0,0.0,LED,No,DDR5,nvidia,high,HP,Windows,intel,high,high
3118,2.2,141.0,5.0,3200.0,144.0,6.0,512.0,0.0,16.0,103980.0,0.0,0.0,LED,No,DDR4,nvidia,mid,Asus,Windows,intel,high,high
3119,1.8,142.0,4.7,3200.0,144.0,4.0,512.0,0.0,16.0,69990.0,1.0,0.0,IPS LCD,No,DDR4,nvidia,mid,Asus,Windows,intel,high,high
3120,1.63,141.0,2.8,3200.0,60.0,0.0,512.0,0.0,16.0,46990.0,1.0,0.0,OLED,No,LPDDR5,amd,low,Asus,Windows,amd,mid,low
3121,1.6,157.0,3.0,3200.0,144.0,4.0,1024.0,0.0,8.0,103790.0,0.0,0.0,LED,No,DDR4,nvidia,mid,Asus,Windows,amd,high,high
3122,2.61,189.0,5.1,5600.0,240.0,8.0,1024.0,0.0,16.0,144900.0,0.0,0.0,LED,No,DDR5,nvidia,high,Dell,Windows,intel,high,high
3123,1.54,210.0,4.6,4400.0,120.0,0.0,1024.0,0.0,16.0,66999.0,0.0,1.0,LED,No,DDR5,intel,low,Dell,Windows,intel,mid,low
3124,2.6,127.0,4.7,3200.0,144.0,6.0,1024.0,0.0,16.0,116459.0,1.0,0.0,LED,No,DDR5,nvidia,mid,Asus,Windows,amd,high,high
3125,1.59,141.0,4.2,5500.0,120.0,0.0,512.0,0.0,16.0,42990.0,0.0,1.0,LED,No,LPDDR5,amd,low,HP,Windows,amd,mid,low
3126,2.32,141.0,4.7,3200.0,120.0,6.0,512.0,0.0,16.0,73190.0,1.0,0.0,LED,No,DDR5,nvidia,mid,Lenovo,Windows,amd,high,high
3127,1.4,157.0,4.4,3200.0,120.0,0.0,512.0,0.0,8.0,30990.0,0.0,1.0,LED,No,DDR4,intel,low,MSI,Windows,intel,low,low
3128,2.3,141.0,2.2,2933.0,144.0,6.0,512.0,0.0,8.0,89990.0,0.0,0.0,LED,No,DDR4,nvidia,mid,Asus,Windows,intel,high,high
3129,2.29,141.0,4.7,3200.0,144.0,6.0,512.0,0.0,16.0,90240.0,0.0,0.0,LED,No,DDR4,nvidia,mid,HP,Windows,intel,high,high
3130,1.29,157.0,2.4,3200.0,120.0,0.0,512.0,0.0,16.0,80490.0,1.0,1.0,LED,No,LPDDR4X,intel,mid,MSI,Windows,intel,mid,mid
3131,5.5,120.0,2.9,2400.0,120.0,8.0,512.0,1024.0,32.0,79990.0,0.0,1.0,LCD,No,DDR4,nvidia,high,MSI,Windows,intel,high,high
3132,2.03,141.0,2.7,3200.0,144.0,4.0,512.0,0.0,16.0,76990.0,1.0,0.0,LED,No,DDR4,nvidia,mid,Other,Windows,intel,mid,high
3133,2.29,141.0,4.2,3200.0,120.0,4.0,512.0,0.0,16.0,50990.0,0.0,1.0,LED,No,DDR4,amd,mid,HP,Windows,amd,mid,high
3134,2.55,283.0,4.8,3200.0,120.0,16.0,2048.0,0.0,32.0,82990.0,1.0,0.0,LED,Yes,DDR5,nvidia,high,Asus,Windows,amd,high,high
3135,1.65,141.0,3.3,3200.0,120.0,0.0,512.0,0.0,8.0,48901.0,1.0,0.0,LED,No,DDR4,intel,low,Dell,Windows,intel,mid,low
3136,1.4,157.0,2.0,3200.0,60.0,0.0,512.0,0.0,16.0,51990.0,1.0,0.0,LED,No,DDR4,amd,low,MSI,Windows,amd,high,low
3137,2.2,141.0,2.2,2933.0,240.0,8.0,1024.0,0.0,16.0,154990.0,0.0,0.0,LED,No,DDR4,nvidia,high,Acer,Windows,intel,high,high
3138,2.29,141.0,4.9,3200.0,144.0,8.0,1024.0,0.0,16.0,91490.0,0.0,0.0,LED,No,DDR4,nvidia,mid,HP,Windows,intel,high,high
3139,1.62,112.0,2.6,3200.0,120.0,0.0,512.0,0.0,8.0,49990.0,0.0,1.0,LED,No,DDR4,intel,low,HP,DOS,intel,mid,low
3140,2.29,141.0,4.9,3200.0,144.0,8.0,512.0,0.0,16.0,89990.0,0.0,0.0,LED,No,DDR4,nvidia,mid,HP,Windows,intel,high,high
3141,1.47,112.0,4.2,3200.0,120.0,0.0,512.0,0.0,8.0,49990.0,0.0,1.0,LED,No,DDR4,intel,mid,HP,DOS,intel,mid,low
3142,1.3,243.0,2.0,3200.0,120.0,0.0,512.0,0.0,24.0,104990.0,1.0,0.0,OLED,No,LPDDR5X,amd,low,Asus,Windows,amd,high,high
3143,1.88,142.0,2.9,3200.0,60.0,0.0,512.0,0.0,16.0,65620.0,1.0,0.0,IPS LCD,No,LPDDR5X,qualcomm,low,Asus,Windows,qualcomm,mid,low
3144,1.88,142.0,2.9,3200.0,60.0,0.0,512.0,0.0,16.0,65990.0,1.0,0.0,IPS LCD,No,LPDDR5X,qualcomm,low,Asus,Windows,qualcomm,mid,low
3145,1.46,162.0,4.6,5200.0,120.0,0.0,512.0,0.0,16.0,67590.0,0.0,1.0,OLED,No,LPDDR5,intel,low,Lenovo,Windows,intel,mid,high
3146,1.68,142.0,4.7,3200.0,60.0,0.0,512.0,0.0,16.0,56990.0,1.0,0.0,LED,No,DDR4,intel,mid,Asus,Windows,intel,mid,high
3147,1.75,234.0,5.0,3200.0,120.0,4.0,1024.0,0.0,32.0,188224.0,1.0,0.0,OLED,Yes,LPDDR5,intel,mid,Asus,Windows,intel,high,high
3149,1.7,141.0,1.7,3200.0,120.0,0.0,512.0,0.0,16.0,45990.0,1.0,1.0,LED,No,DDR4,intel,low,Lenovo,Windows,intel,high,low
3150,1.59,141.0,2.8,3200.0,120.0,0.0,1024.0,0.0,16.0,42990.0,1.0,1.0,TFT LCD,No,DDR4,amd,low,Acer,Windows,amd,high,low
3151,2.65,141.0,4.9,4800.0,120.0,6.0,512.0,0.0,16.0,123199.0,0.0,0.0,LED,No,DDR5,nvidia,mid,Dell,Windows,intel,high,high
3152,2.5,142.0,4.6,3200.0,165.0,6.0,1024.0,0.0,16.0,83999.0,1.0,0.0,LED,No,DDR5,nvidia,mid,Asus,Windows,intel,mid,high
3153,1.9,188.0,4.7,3200.0,165.0,6.0,1024.0,0.0,16.0,92990.0,1.0,0.0,LED,No,DDR5,nvidia,mid,Asus,Windows,amd,high,high
3154,2.3,137.0,3.4,3200.0,144.0,4.0,1024.0,0.0,16.0,132765.0,1.0,0.0,LED,No,DDR5,nvidia,mid,HP,Windows,intel,high,high
3155,1.4,243.0,3.4,4800.0,90.0,0.0,512.0,0.0,16.0,99990.0,0.0,0.0,LED,No,LPDDR5,intel,mid,Lenovo,Windows,intel,high,mid
3156,1.7,234.0,2.5,3200.0,120.0,0.0,512.0,0.0,16.0,99980.0,1.0,0.0,OLED,Yes,LPDDR5,intel,mid,Asus,Windows,intel,mid,high
3157,2.2,141.0,2.2,2400.0,120.0,6.0,256.0,1024.0,16.0,149990.0,0.0,1.0,LED,No,DDR4,nvidia,mid,MSI,Windows,intel,high,high
3158,1.7,141.0,1.2,3200.0,60.0,0.0,512.0,0.0,8.0,32650.0,1.0,0.0,LED,No,DDR4,intel,low,Asus,Windows,intel,low,low
3159,1.37,157.0,4.0,3200.0,120.0,0.0,512.0,0.0,8.0,31990.0,1.0,1.0,LED,No,LPDDR5,amd,low,Lenovo,Windows,amd,low,low
3160,1.61,254.0,4.1,3200.0,60.0,0.0,512.0,0.0,18.0,189900.0,1.0,0.0,LED,No,DDR4,intel,low,Apple,macOS,apple,high,high
3161,1.89,142.0,4.5,7467.0,60.0,0.0,512.0,0.0,16.0,72990.0,0.0,0.0,LED,No,LPDDR5X,intel,mid,Lenovo,Windows,intel,mid,high
3162,1.99,142.0,2.1,5200.0,120.0,6.0,512.0,0.0,16.0,69990.0,0.0,0.0,LED,No,LPDDR5X,nvidia,mid,Other,Windows,intel,mid,high
3164,2.45,141.0,3.2,4800.0,144.0,6.0,512.0,0.0,24.0,66990.0,0.0,0.0,LED,No,DDR5,nvidia,mid,Lenovo,Windows,amd,mid,high
3165,1.23,243.0,4.8,3200.0,120.0,0.0,1024.0,0.0,32.0,135990.0,1.0,1.0,AMOLED,Yes,LPDDR5X,intel,mid,Samsung,Windows,intel,high,high
3166,1.9,141.0,2.3,3200.0,300.0,8.0,1024.0,0.0,32.0,234990.0,0.0,0.0,LED,No,DDR4,nvidia,high,Asus,Windows,intel,high,high
3167,1.65,141.0,4.6,2666.0,120.0,0.0,512.0,0.0,8.0,67590.0,0.0,0.0,LED,No,DDR4,intel,low,Dell,Windows,intel,mid,low
3169,2.4,189.0,4.8,3200.0,165.0,8.0,512.0,0.0,16.0,128990.0,1.0,0.0,LED,No,DDR5,nvidia,mid,Lenovo,Windows,amd,high,high
3170,1.0,251.0,3.4,3200.0,120.0,0.0,256.0,0.0,16.0,108990.0,1.0,1.0,LCD,Yes,DDR5,qualcomm,low,Other,Windows,qualcomm,mid,mid
3172,1.9,141.0,3.4,3200.0,120.0,0.0,512.0,0.0,8.0,31990.0,1.0,1.0,LED,No,DDR4,amd,low,Acer,Windows,amd,low,low
3173,2.38,141.0,2.3,3200.0,240.0,8.0,1024.0,0.0,32.0,200990.0,0.0,0.0,LED,No,DDR4,nvidia,high,MSI,Windows,intel,high,high
3174,2.5,142.0,4.7,3200.0,165.0,6.0,2048.0,0.0,32.0,161187.0,1.0,0.0,LED,Yes,DDR5,nvidia,mid,Asus,Windows,amd,high,high
3175,1.3,169.0,4.7,3200.0,120.0,4.0,1024.0,0.0,32.0,136990.0,1.0,0.0,LED,Yes,DDR4,nvidia,mid,Asus,Windows,amd,high,high
3176,1.4,243.0,3.4,3200.0,90.0,0.0,512.0,0.0,16.0,112990.0,1.0,0.0,OLED,Yes,LPDDR5,intel,mid,Lenovo,Windows,intel,high,mid
3177,2.29,141.0,5.1,3200.0,144.0,6.0,512.0,0.0,16.0,84490.0,1.0,0.0,LED,No,DDR5,nvidia,mid,HP,Windows,amd,high,high
3178,2.09,189.0,5.0,4800.0,240.0,8.0,1024.0,0.0,16.0,200773.0,0.0,0.0,LED,No,DDR5,nvidia,high,HP,Windows,intel,high,high
3179,1.88,142.0,4.2,3200.0,60.0,0.0,512.0,0.0,16.0,72990.0,1.0,0.0,LED,No,DDR4,intel,mid,Asus,Windows,intel,mid,high
3180,1.3,243.0,2.0,3200.0,120.0,0.0,512.0,0.0,24.0,104990.0,1.0,0.0,OLED,No,LPDDR5X,amd,mid,Asus,Windows,amd,high,high
3181,2.1,138.0,3.4,3200.0,120.0,2.0,512.0,0.0,16.0,98991.0,1.0,1.0,LED,Yes,DDR4,nvidia,mid,Dell,Windows,intel,high,mid
3182,2.29,141.0,4.2,3200.0,120.0,4.0,512.0,0.0,8.0,48999.0,0.0,1.0,LED,No,DDR4,amd,mid,HP,Windows,amd,mid,high
3183,2.8,127.0,4.9,3200.0,144.0,4.0,512.0,0.0,16.0,74990.0,1.0,0.0,LED,No,DDR5,nvidia,low,MSI,Windows,intel,high,high
3184,1.3,170.0,4.9,6400.0,120.0,4.0,512.0,0.0,16.0,113571.0,0.0,0.0,LED,Yes,LPDDR5,nvidia,mid,Asus,Windows,amd,high,high
3186,2.45,141.0,5.5,5600.0,144.0,8.0,1024.0,0.0,16.0,122990.0,0.0,0.0,LED,No,DDR5,nvidia,mid,Lenovo,Windows,intel,high,high
3187,2.3,188.0,4.8,3200.0,240.0,8.0,1024.0,0.0,32.0,189990.0,1.0,0.0,LED,No,DDR5,nvidia,high,Asus,Windows,intel,high,high
3188,2.4,141.0,2.4,2933.0,120.0,4.0,512.0,0.0,16.0,89990.0,0.0,0.0,LED,No,DDR4,nvidia,low,Dell,Windows,intel,mid,high
3190,0.97,157.0,1.6,1600.0,120.0,0.0,512.0,0.0,8.0,69351.0,0.0,1.0,LED,No,LPDDR5,intel,low,Acer,Windows,intel,mid,low
3191,2.3,188.0,4.7,3200.0,165.0,6.0,1024.0,0.0,16.0,125999.0,1.0,0.0,LED,No,DDR5,nvidia,mid,Asus,Windows,amd,high,high
3192,2.61,189.0,5.1,5600.0,240.0,8.0,1024.0,0.0,16.0,158798.0,0.0,0.0,LED,No,DDR5,nvidia,mid,Dell,Windows,intel,high,high
3193,1.63,141.0,3.3,3200.0,60.0,0.0,256.0,0.0,8.0,32990.0,1.0,0.0,LED,No,DDR4,intel,low,Lenovo,Windows,intel,low,low
3194,2.36,141.0,3.1,2400.0,120.0,0.0,512.0,0.0,8.0,35649.0,0.0,1.0,LED,No,DDR4,amd,low,Lenovo,Windows,amd,mid,low
3195,1.75,141.0,3.4,3200.0,120.0,0.0,256.0,0.0,8.0,32990.0,0.0,1.0,LED,No,DDR4,intel,low,HP,Windows,intel,low,low
3196,2.5,168.0,5.6,4800.0,240.0,16.0,2048.0,0.0,32.0,359990.0,0.0,0.0,LED,No,DDR5,nvidia,high,Asus,Windows,intel,high,high
3198,1.9,188.0,4.7,3200.0,240.0,6.0,1024.0,0.0,16.0,94990.0,1.0,0.0,LED,No,DDR5,nvidia,mid,Asus,Windows,amd,high,high
3199,2.2,141.0,2.5,3200.0,144.0,4.0,512.0,0.0,16.0,72000.0,0.0,0.0,LED,No,DDR4,nvidia,mid,Asus,Windows,intel,mid,high
3200,1.3,225.0,4.8,3200.0,165.0,6.0,1024.0,0.0,16.0,139990.0,1.0,0.0,LED,Yes,LPDDR5,nvidia,mid,Asus,Windows,amd,high,high
3201,1.7,141.0,4.2,3200.0,120.0,0.0,512.0,0.0,8.0,42390.0,0.0,1.0,LED,No,DDR4,intel,mid,Lenovo,DOS,intel,mid,low
3202,1.88,283.0,5.4,3200.0,60.0,8.0,2048.0,0.0,32.0,256999.0,1.0,0.0,OLED,No,DDR5,nvidia,high,MSI,Windows,intel,high,high
3203,1.38,243.0,4.8,6400.0,120.0,0.0,1024.0,0.0,16.0,81990.0,0.0,0.0,OLED,No,LPDDR5X,amd,mid,HP,Windows,amd,high,low
3204,1.59,157.0,4.2,3200.0,120.0,0.0,512.0,0.0,8.0,64999.0,0.0,1.0,LED,No,DDR4,intel,mid,Lenovo,Windows,intel,mid,low
3205,1.47,112.0,4.2,3200.0,120.0,0.0,512.0,0.0,16.0,66280.0,0.0,1.0,LED,No,DDR4,intel,mid,HP,Windows,intel,mid,low
3207,2.72,189.0,5.4,3200.0,240.0,12.0,1024.0,0.0,32.0,388490.0,1.0,0.0,LED,No,LPDDR5,nvidia,high,Dell,Windows,intel,high,high
3208,1.0,216.0,4.8,4800.0,165.0,6.0,1024.0,0.0,16.0,135500.0,0.0,0.0,LED,No,DDR5,nvidia,mid,Asus,Windows,amd,high,high
3209,1.85,141.0,1.1,3200.0,120.0,0.0,0.0,1024.0,8.0,29990.0,1.0,1.0,LED,No,DDR4,amd,low,Lenovo,DOS,amd,low,low
3210,2.8,170.0,4.8,3200.0,240.0,6.0,1024.0,0.0,16.0,159990.0,1.0,0.0,LED,No,DDR5,nvidia,mid,Asus,Windows,amd,high,high
3211,1.0,255.0,1.7,3200.0,60.0,0.0,1024.0,0.0,32.0,154012.0,1.0,0.0,OLED,No,LPDDR5,intel,mid,Asus,Windows,intel,high,low
3212,1.39,243.0,1.7,5200.0,90.0,0.0,512.0,0.0,16.0,95469.0,0.0,0.0,OLED,Yes,LPDDR5,intel,mid,Asus,Windows,intel,mid,mid
3213,1.6,266.0,4.2,4267.0,120.0,0.0,512.0,0.0,16.0,129999.0,0.0,1.0,LED,Yes,LPDDR4X,intel,mid,Dell,Windows,intel,mid,low
3215,1.9,188.0,4.7,4800.0,240.0,6.0,1024.0,0.0,16.0,149837.0,0.0,0.0,LED,No,DDR5,nvidia,mid,Asus,Windows,amd,high,high
3216,1.8,141.0,2.9,3200.0,144.0,4.0,512.0,0.0,16.0,66990.0,1.0,0.0,LED,No,DDR4,nvidia,low,Asus,Windows,amd,high,high
3217,2.9,157.0,2.8,3200.0,120.0,0.0,256.0,0.0,4.0,28465.0,1.0,1.0,LED,No,DDR4,intel,low,Asus,Windows,intel,low,low
3218,2.35,137.0,4.7,4800.0,144.0,6.0,1024.0,0.0,16.0,103500.0,0.0,0.0,LED,No,DDR5,nvidia,mid,HP,Windows,amd,high,high
3219,2.1,189.0,4.7,3200.0,165.0,6.0,1024.0,0.0,16.0,207990.0,1.0,0.0,LED,Yes,DDR5,amd,mid,Asus,Windows,amd,high,high
3220,1.9,188.0,4.8,3200.0,165.0,6.0,1024.0,0.0,16.0,161990.0,1.0,0.0,LED,No,DDR5,nvidia,mid,Asus,Windows,amd,high,high
3221,2.6,189.0,4.8,3200.0,165.0,16.0,2048.0,0.0,32.0,391990.0,1.0,0.0,LED,Yes,DDR5,nvidia,high,Asus,Windows,amd,high,high
3222,1.75,157.0,2.4,3200.0,120.0,0.0,256.0,0.0,8.0,50499.0,0.0,1.0,LED,No,DDR4,intel,mid,Lenovo,Windows,intel,low,low
3223,1.9,141.0,3.3,3200.0,144.0,10.0,1024.0,0.0,16.0,109990.0,1.0,0.0,LED,No,DDR4,amd,high,MSI,Windows,amd,high,high
3224,1.72,216.0,4.8,3200.0,120.0,8.0,1024.0,0.0,32.0,154990.0,1.0,0.0,LED,No,DDR5,nvidia,high,Asus,Windows,amd,high,high
3225,1.3,169.0,4.8,3200.0,120.0,4.0,1024.0,0.0,32.0,142990.0,1.0,0.0,LED,Yes,LPDDR5,nvidia,mid,Asus,Windows,amd,high,high
3226,1.4,243.0,4.2,3200.0,90.0,4.0,512.0,0.0,16.0,29990.0,0.0,0.0,OLED,No,DDR4,nvidia,low,Asus,Windows,intel,mid,high
3227,1.6,157.0,1.6,2133.0,120.0,2.0,256.0,0.0,8.0,89890.0,0.0,1.0,LED,No,DDR4,nvidia,low,Lenovo,Windows,intel,mid,low
3228,2.3,141.0,2.8,3200.0,144.0,4.0,1024.0,0.0,8.0,110990.0,0.0,0.0,LED,No,DDR4,nvidia,mid,Asus,Windows,amd,mid,high
3230,1.3,169.0,3.0,3200.0,120.0,4.0,512.0,0.0,16.0,112990.0,1.0,0.0,LED,Yes,LPDDR4X,nvidia,low,Asus,Windows,amd,high,high
3231,1.9,188.0,3.1,3200.0,165.0,6.0,1024.0,0.0,16.0,146990.0,1.0,0.0,LED,No,DDR4,nvidia,mid,Asus,Windows,amd,high,high
3232,1.9,282.0,2.6,3200.0,60.0,6.0,1024.0,0.0,16.0,139990.0,1.0,0.0,LED,No,DDR4,nvidia,mid,Asus,Windows,intel,high,high
3233,1.51,157.0,5.0,3200.0,120.0,0.0,512.0,0.0,16.0,92990.0,0.0,1.0,LED,Yes,DDR4,intel,mid,HP,Windows,intel,high,low
3234,1.7,142.0,4.5,3200.0,144.0,4.0,512.0,0.0,16.0,58990.0,0.0,0.0,LED,No,DDR4,nvidia,low,Asus,Windows,intel,mid,high
3235,1.3,162.0,4.5,3200.0,60.0,0.0,1024.0,0.0,16.0,89990.0,1.0,0.0,OLED,No,LPDDR5X,amd,low,Asus,Windows,amd,mid,high
3236,1.77,142.0,4.3,6400.0,120.0,0.0,1024.0,0.0,16.0,78990.0,0.0,1.0,LED,No,LPDDR5,intel,low,HP,Windows,intel,mid,low
3237,2.29,141.0,4.4,3200.0,144.0,4.0,512.0,0.0,16.0,66890.0,0.0,0.0,LED,No,DDR4,nvidia,mid,HP,Windows,intel,mid,high
3238,1.4,157.0,1.2,3200.0,120.0,0.0,512.0,0.0,16.0,47900.0,0.0,1.0,LED,No,DDR4,intel,mid,MSI,Windows,intel,high,low
3239,0.98,162.0,2.9,3200.0,60.0,0.0,512.0,0.0,16.0,99400.0,1.0,0.0,OLED,No,LPDDR5X,qualcomm,low,Asus,Windows,qualcomm,mid,low
3240,1.39,246.0,4.8,3200.0,120.0,0.0,512.0,0.0,16.0,66990.0,1.0,0.0,OLED,No,DDR5,intel,low,Other,Windows,intel,mid,high
3241,1.39,246.0,5.2,3200.0,120.0,0.0,512.0,0.0,16.0,74990.0,1.0,0.0,OLED,No,DDR5,intel,low,Other,Windows,intel,high,high
3242,1.28,243.0,5.1,3200.0,120.0,0.0,1024.0,0.0,32.0,127990.0,1.0,0.0,OLED,Yes,LPDDR5X,intel,mid,Asus,Windows,intel,high,high
3243,1.39,246.0,4.8,3200.0,120.0,0.0,512.0,1024.0,16.0,66990.0,1.0,0.0,OLED,No,DDR5,intel,low,Other,Windows,intel,mid,high
3244,1.38,157.0,4.3,5500.0,60.0,0.0,512.0,0.0,16.0,41990.0,0.0,0.0,LED,No,LPDDR5,amd,low,Asus,Windows,amd,mid,low
3245,0.98,162.0,2.9,3200.0,60.0,0.0,512.0,0.0,16.0,99990.0,1.0,0.0,OLED,No,LPDDR5X,qualcomm,low,Asus,Windows,qualcomm,mid,low
3246,1.62,141.0,4.5,5200.0,60.0,0.0,512.0,0.0,16.0,39990.0,0.0,0.0,LED,No,DDR5,intel,low,Asus,Windows,intel,low,low
3247,1.4,157.0,4.5,5200.0,60.0,0.0,512.0,0.0,16.0,39990.0,0.0,0.0,LED,No,DDR5,intel,low,Asus,Windows,intel,low,low
3248,1.62,141.0,4.5,5200.0,60.0,0.0,512.0,0.0,8.0,37990.0,0.0,0.0,LED,No,DDR5,intel,low,Asus,Windows,intel,low,low
3250,1.4,157.0,4.5,5200.0,60.0,0.0,512.0,0.0,8.0,37990.0,0.0,0.0,LED,No,DDR5,intel,low,Asus,Windows,intel,low,low
3251,1.39,246.0,5.2,3200.0,120.0,0.0,1024.0,0.0,16.0,78990.0,1.0,0.0,OLED,No,DDR5,intel,low,Other,Windows,intel,high,high
3253,1.27,216.0,4.8,8533.0,144.0,0.0,1024.0,0.0,32.0,119990.0,0.0,0.0,LED,No,LPDDR5X,intel,mid,Asus,Windows,intel,high,low
3254,1.65,141.0,4.9,3200.0,60.0,0.0,512.0,0.0,16.0,65990.0,1.0,0.0,LED,No,DDR5,intel,low,Asus,Windows,intel,high,high
3255,2.1,141.0,2.8,3200.0,144.0,6.0,512.0,0.0,16.0,108999.0,1.0,0.0,TFT LCD,No,DDR5,nvidia,mid,Acer,Windows,amd,high,high
3256,2.29,141.0,4.6,3200.0,144.0,6.0,512.0,0.0,16.0,86360.0,0.0,0.0,LED,No,DDR4,nvidia,mid,HP,Windows,intel,mid,high
3257,1.65,141.0,4.6,3200.0,60.0,0.0,512.0,0.0,16.0,55990.0,1.0,0.0,LED,No,DDR5,intel,low,Asus,Windows,intel,mid,high
3258,1.88,142.0,4.9,3200.0,60.0,0.0,512.0,0.0,16.0,73705.0,1.0,0.0,LED,No,DDR4,intel,low,Asus,Windows,intel,high,high
3259,1.75,141.0,4.5,3200.0,60.0,0.0,512.0,0.0,16.0,39990.0,0.0,0.0,LED,No,DDR4,amd,low,MSI,Windows,amd,mid,low
3260,1.75,141.0,4.5,3200.0,60.0,0.0,512.0,0.0,8.0,36990.0,0.0,0.0,LED,No,DDR4,amd,low,MSI,Windows,amd,mid,low
3261,1.5,212.0,5.0,8000.0,120.0,0.0,1024.0,0.0,24.0,149990.0,0.0,0.0,OLED,Yes,LPDDR5X,amd,low,Asus,Windows,amd,high,high
3263,1.4,157.0,4.4,3200.0,60.0,0.0,512.0,0.0,16.0,42990.0,1.0,0.0,LED,No,DDR4,intel,mid,MSI,Windows,intel,mid,low
3264,2.3,141.0,4.5,4800.0,144.0,4.0,512.0,0.0,16.0,69290.0,0.0,0.0,LED,No,DDR5,nvidia,mid,Asus,Windows,amd,high,high
3265,2.5,189.0,5.6,4800.0,240.0,8.0,1024.0,0.0,16.0,152900.0,0.0,0.0,LED,No,DDR5,nvidia,mid,Asus,Windows,intel,high,high
3266,1.4,157.0,4.5,3200.0,60.0,0.0,512.0,0.0,8.0,36990.0,0.0,0.0,LED,No,DDR4,amd,low,MSI,Windows,amd,mid,low
3267,0.85,255.0,3.2,3200.0,60.0,0.0,1024.0,0.0,16.0,120990.0,1.0,0.0,OLED,Yes,LPDDR5X,qualcomm,low,Asus,Windows,qualcomm,mid,mid
3268,1.98,141.0,4.4,5600.0,144.0,4.0,512.0,0.0,16.0,56990.0,0.0,0.0,LED,No,DDR5,nvidia,low,MSI,Windows,intel,mid,high
3269,1.59,141.0,4.0,3200.0,120.0,0.0,512.0,0.0,16.0,34990.0,1.0,1.0,LED,No,DDR4,amd,low,Acer,Windows,amd,mid,low
3270,2.25,141.0,5.1,5600.0,144.0,6.0,512.0,0.0,16.0,91990.0,0.0,0.0,LED,No,DDR5,nvidia,mid,MSI,Windows,amd,high,high
3271,1.5,157.0,4.1,3200.0,120.0,0.0,256.0,0.0,4.0,34190.0,1.0,1.0,LED,No,DDR4,intel,low,Asus,Windows,intel,low,low
3272,1.7,141.0,4.4,3200.0,60.0,0.0,512.0,0.0,16.0,35499.0,1.0,0.0,LED,No,DDR4,intel,mid,MSI,Windows,intel,low,low
3273,2.5,142.0,4.9,4800.0,165.0,6.0,1024.0,0.0,16.0,115990.0,0.0,0.0,IPS LCD,No,DDR5,nvidia,mid,Asus,Windows,intel,high,high
3275,2.2,142.0,4.8,3200.0,144.0,4.0,512.0,0.0,16.0,72990.0,0.0,0.0,IPS LCD,No,DDR4,nvidia,mid,Asus,Windows,intel,mid,high
3276,1.63,141.0,4.3,3200.0,60.0,0.0,512.0,0.0,8.0,36990.0,1.0,0.0,LED,No,LPDDR5,amd,low,Asus,Windows,amd,mid,low
3277,1.47,157.0,2.8,3200.0,60.0,0.0,0.0,0.0,4.0,14990.0,1.0,0.0,LED,No,LPDDR4X,intel,low,Asus,Google Chrome,intel,low,low
3278,1.46,216.0,5.1,7500.0,165.0,8.0,1024.0,0.0,16.0,160840.0,0.0,0.0,IPS LCD,No,LPDDR5X,nvidia,mid,Asus,Windows,amd,high,high
3280,1.88,142.0,5.4,3200.0,60.0,0.0,512.0,0.0,16.0,79990.0,1.0,0.0,IPS LCD,No,DDR4,intel,mid,Asus,Windows,intel,high,high
3281,1.5,212.0,5.1,3200.0,120.0,0.0,1024.0,0.0,32.0,149990.0,1.0,0.0,OLED,Yes,LPDDR5X,amd,mid,Asus,Windows,amd,high,high
3282,1.7,141.0,4.5,3200.0,60.0,0.0,512.0,0.0,16.0,39990.0,1.0,0.0,LED,No,DDR4,intel,low,Asus,Windows,intel,low,low
3283,1.38,157.0,4.1,3200.0,60.0,0.0,512.0,0.0,8.0,30980.0,1.0,0.0,LED,No,LPDDR5,amd,low,Asus,Windows,amd,low,low
3285,0.98,162.0,3.4,3200.0,60.0,0.0,512.0,0.0,16.0,129990.0,1.0,0.0,OLED,No,LPDDR5X,qualcomm,low,Asus,Windows,qualcomm,high,high
3286,1.4,157.0,4.5,3200.0,60.0,0.0,512.0,0.0,8.0,36990.0,1.0,0.0,LED,No,DDR4,intel,low,Asus,Windows,intel,low,low
3287,1.7,141.0,4.9,3200.0,60.0,0.0,512.0,0.0,16.0,63990.0,1.0,0.0,IPS LCD,No,DDR4,intel,mid,Asus,Windows,intel,high,high
3288,1.38,157.0,4.3,3200.0,60.0,0.0,512.0,0.0,8.0,37990.0,1.0,0.0,LED,No,LPDDR5,amd,low,Asus,Windows,amd,mid,low
3289,1.4,157.0,4.6,3200.0,60.0,0.0,512.0,0.0,8.0,47980.0,1.0,0.0,LED,No,DDR4,intel,low,Asus,Windows,intel,mid,low
3290,1.7,141.0,4.5,3200.0,60.0,0.0,512.0,0.0,16.0,39890.0,1.0,0.0,LED,No,DDR4,intel,low,Asus,Windows,intel,low,low
3292,1.38,157.0,4.1,3200.0,60.0,0.0,512.0,0.0,8.0,30800.0,1.0,0.0,LED,No,LPDDR5,amd,low,Asus,Windows,amd,low,low
3294,1.69,141.0,4.4,3200.0,120.0,0.0,512.0,0.0,16.0,50990.0,1.0,1.0,LED,No,DDR4,intel,mid,Dell,Windows,intel,mid,low
3295,1.69,141.0,4.4,3200.0,120.0,0.0,512.0,0.0,8.0,45990.0,1.0,1.0,LED,No,DDR4,intel,low,Dell,Windows,intel,mid,low
3296,2.2,142.0,4.8,3200.0,144.0,4.0,512.0,0.0,16.0,72990.0,1.0,0.0,IPS LCD,No,DDR4,nvidia,mid,Asus,Windows,intel,mid,high
3297,1.7,141.0,4.9,3200.0,60.0,0.0,512.0,0.0,16.0,64990.0,1.0,0.0,LED,No,DDR4,intel,mid,Asus,Windows,intel,high,high
3298,2.65,141.0,4.9,3200.0,120.0,6.0,512.0,0.0,16.0,90990.0,1.0,1.0,LED,No,DDR5,nvidia,mid,Dell,Windows,intel,high,high
3299,1.88,142.0,4.9,3200.0,60.0,0.0,512.0,0.0,16.0,69980.0,1.0,0.0,IPS LCD,No,DDR4,intel,mid,Asus,Windows,intel,high,high
3300,1.8,142.0,4.6,3200.0,144.0,4.0,512.0,0.0,16.0,72490.0,1.0,0.0,IPS LCD,No,DDR4,nvidia,mid,Asus,Windows,intel,mid,high
3301,2.38,141.0,4.6,4800.0,144.0,6.0,512.0,0.0,16.0,87490.0,0.0,0.0,LED,No,DDR5,nvidia,mid,Lenovo,Windows,intel,mid,high
3302,1.57,141.0,1.1,3200.0,60.0,0.0,512.0,0.0,8.0,26990.0,1.0,0.0,LED,No,DDR4,intel,low,Asus,Windows,intel,low,low
3303,1.51,224.0,4.4,3200.0,60.0,0.0,512.0,0.0,24.0,164900.0,1.0,0.0,LED,No,DDR4,apple,low,Apple,macOS,apple,mid,mid
3305,1.51,224.0,4.4,3200.0,60.0,0.0,512.0,0.0,24.0,164900.0,1.0,0.0,LED,No,DDR4,intel,low,Apple,macOS,apple,mid,mid
3306,1.28,243.0,4.9,7467.0,120.0,0.0,1024.0,0.0,16.0,112990.0,0.0,0.0,OLED,Yes,LPDDR5X,intel,mid,Asus,Windows,intel,mid,high
3308,1.24,225.0,4.4,3200.0,60.0,0.0,512.0,0.0,24.0,139900.0,1.0,0.0,LED,No,DDR4,apple,low,Apple,macOS,apple,mid,mid
3309,1.24,225.0,4.4,3200.0,60.0,0.0,512.0,0.0,16.0,119900.0,1.0,0.0,LED,No,DDR4,apple,low,Apple,macOS,apple,mid,mid
3310,1.51,224.0,4.4,3200.0,60.0,0.0,256.0,0.0,16.0,124900.0,1.0,0.0,LED,No,DDR4,apple,low,Apple,macOS,apple,mid,mid
3312,2.38,141.0,4.9,4800.0,144.0,6.0,512.0,0.0,16.0,90990.0,0.0,0.0,LED,No,DDR5,nvidia,mid,Lenovo,Windows,intel,high,high
3315,1.51,224.0,4.4,3200.0,60.0,0.0,256.0,0.0,16.0,89999.0,1.0,0.0,LED,No,DDR4,apple,low,Apple,macOS,apple,mid,mid
3316,1.24,225.0,4.4,3200.0,60.0,0.0,256.0,0.0,16.0,99900.0,1.0,0.0,LED,No,DDR4,apple,low,Apple,macOS,apple,mid,mid
3317,1.24,225.0,4.4,3200.0,60.0,0.0,256.0,0.0,16.0,57999.0,1.0,0.0,LED,No,DDR4,apple,low,Apple,macOS,apple,mid,mid
3325,1.24,225.0,4.4,3200.0,60.0,0.0,256.0,0.0,16.0,99900.0,1.0,0.0,LED,No,DDR4,apple,low,Apple,macOS,apple,mid,mid
3328,1.46,138.0,4.8,3200.0,60.0,8.0,512.0,0.0,16.0,122990.0,1.0,0.0,AMOLED,Yes,LPDDR5X,intel,mid,Samsung,Windows,intel,high,low
3330,1.23,243.0,4.8,3200.0,120.0,8.0,1024.0,0.0,16.0,155990.0,1.0,0.0,AMOLED,Yes,LPDDR5X,intel,mid,Samsung,Windows,intel,high,low
3331,1.46,138.0,4.8,3200.0,60.0,16.0,1024.0,0.0,32.0,154990.0,1.0,0.0,AMOLED,Yes,LPDDR5X,intel,mid,Samsung,Windows,intel,high,low
3333,1.23,243.0,4.8,3200.0,120.0,16.0,1024.0,0.0,32.0,171990.0,1.0,0.0,AMOLED,Yes,LPDDR5X,intel,mid,Samsung,Windows,intel,high,low
3334,1.28,243.0,4.9,3200.0,120.0,0.0,1024.0,0.0,16.0,112990.0,1.0,0.0,OLED,Yes,LPDDR5X,intel,mid,Asus,Windows,intel,mid,high
3335,1.56,212.0,4.8,3200.0,120.0,8.0,512.0,0.0,16.0,149990.0,1.0,0.0,AMOLED,Yes,LPDDR5X,intel,mid,Samsung,Windows,intel,high,low
3336,1.23,243.0,4.5,3200.0,120.0,8.0,512.0,0.0,16.0,131990.0,1.0,0.0,AMOLED,Yes,LPDDR5X,intel,mid,Samsung,Windows,intel,mid,low
3337,1.69,212.0,4.5,3200.0,120.0,8.0,512.0,0.0,16.0,155990.0,1.0,0.0,AMOLED,Yes,LPDDR5X,intel,mid,Samsung,Windows,intel,mid,low
3338,1.69,212.0,4.8,3200.0,120.0,16.0,1024.0,0.0,32.0,195990.0,1.0,0.0,AMOLED,Yes,LPDDR5X,intel,mid,Samsung,Windows,intel,high,low
3339,1.46,138.0,4.5,3200.0,120.0,8.0,512.0,0.0,16.0,114990.0,1.0,1.0,AMOLED,Yes,LPDDR5X,intel,mid,Samsung,Windows,intel,mid,low
3341,1.28,243.0,5.4,3200.0,120.0,0.0,1024.0,0.0,32.0,142990.0,1.0,0.0,OLED,Yes,LPDDR5X,intel,mid,Asus,Windows,intel,high,high
3342,1.98,141.0,4.4,3200.0,144.0,6.0,512.0,0.0,16.0,61990.0,1.0,0.0,LED,No,DDR5,nvidia,mid,MSI,Windows,intel,mid,high
3343,2.38,141.0,4.4,3200.0,144.0,4.0,512.0,0.0,12.0,62990.0,1.0,0.0,LED,No,DDR4,nvidia,low,Lenovo,Windows,intel,mid,high
3345,1.52,100.0,3.5,3200.0,60.0,0.0,256.0,0.0,8.0,27750.0,0.0,0.0,LED,No,DDR4,amd,low,HP,DOS,amd,low,low
3347,2.38,145.0,4.4,3200.0,144.0,6.0,512.0,0.0,16.0,72490.0,1.0,0.0,LED,No,DDR4,nvidia,mid,Lenovo,Windows,intel,mid,high
3348,1.59,141.0,4.6,3200.0,30.0,0.0,512.0,0.0,16.0,56999.0,1.0,0.0,LED,No,DDR4,intel,mid,HP,Windows,intel,mid,low
3349,1.46,162.0,4.9,3200.0,60.0,0.0,512.0,0.0,16.0,73990.0,1.0,0.0,IPS LCD,No,DDR5,intel,mid,Asus,Windows,intel,mid,high
3350,2.2,141.0,4.9,4800.0,144.0,6.0,512.0,0.0,16.0,94990.0,0.0,0.0,LED,No,DDR5,nvidia,mid,Asus,Windows,intel,high,high
3351,1.59,141.0,5.0,3200.0,120.0,0.0,512.0,0.0,16.0,72419.0,0.0,1.0,LED,No,DDR4,intel,mid,HP,Windows,intel,high,low
3352,2.38,141.0,5.5,5600.0,144.0,8.0,1024.0,0.0,16.0,114990.0,0.0,0.0,LED,No,DDR5,nvidia,mid,Lenovo,Windows,intel,high,high
3353,1.3,162.0,4.5,8533.0,60.0,0.0,512.0,0.0,16.0,94990.0,0.0,0.0,OLED,No,LPDDR5X,intel,mid,Asus,Windows,intel,mid,low
3354,1.98,141.0,4.7,3200.0,144.0,6.0,512.0,0.0,16.0,79990.0,1.0,0.0,LED,No,DDR5,nvidia,mid,MSI,Windows,intel,high,high
3355,2.29,141.0,5.0,5600.0,144.0,6.0,512.0,0.0,16.0,75650.0,0.0,0.0,LED,No,DDR5,nvidia,mid,HP,Windows,amd,mid,high
3356,1.0,157.0,4.6,3200.0,120.0,0.0,1024.0,0.0,16.0,84990.0,0.0,1.0,LED,Yes,DDR4,intel,mid,HP,Windows,intel,mid,low
3357,1.3,162.0,4.8,8533.0,60.0,0.0,512.0,0.0,16.0,114990.0,0.0,0.0,OLED,No,LPDDR5X,intel,mid,Asus,Windows,intel,high,low
3359,1.51,157.0,4.6,3200.0,120.0,0.0,512.0,0.0,16.0,79990.0,0.0,1.0,LED,Yes,DDR4,intel,mid,HP,Windows,intel,mid,low
3360,1.59,141.0,4.6,3200.0,120.0,0.0,512.0,0.0,8.0,54990.0,0.0,1.0,LED,No,DDR4,intel,low,HP,Windows,intel,mid,low
3361,1.65,243.0,5.4,3200.0,120.0,0.0,1024.0,0.0,32.0,239990.0,1.0,0.0,OLED,Yes,LPDDR5X,intel,mid,Asus,Windows,intel,high,high
3363,2.2,141.0,4.9,4800.0,144.0,8.0,1024.0,0.0,16.0,107990.0,0.0,0.0,IPS LCD,No,DDR5,nvidia,mid,Asus,Windows,intel,high,high
3364,1.59,141.0,4.5,3200.0,120.0,0.0,512.0,0.0,8.0,39790.0,0.0,1.0,LED,No,DDR4,intel,low,HP,Windows,intel,low,low
3365,1.59,157.0,4.3,3200.0,120.0,0.0,512.0,0.0,8.0,52390.0,0.0,1.0,LED,No,DDR4,amd,low,Lenovo,Windows,amd,mid,low
3367,1.86,141.0,4.6,3200.0,144.0,4.0,512.0,0.0,16.0,64990.0,0.0,0.0,LED,No,DDR4,nvidia,mid,MSI,Windows,intel,mid,high
3368,1.37,157.0,4.1,5500.0,60.0,0.0,512.0,0.0,8.0,30990.0,0.0,0.0,LED,No,LPDDR5,amd,low,Lenovo,Windows,amd,low,low
3369,1.6,141.0,4.0,3200.0,60.0,0.0,512.0,0.0,8.0,36490.0,1.0,0.0,LED,No,DDR4,amd,low,Lenovo,Windows,amd,mid,low
3370,1.62,141.0,4.4,4800.0,60.0,0.0,512.0,0.0,16.0,54390.0,0.0,0.0,LED,No,LPDDR5,intel,low,Lenovo,Windows,intel,mid,high
3372,2.29,141.0,4.2,3200.0,144.0,4.0,512.0,0.0,16.0,59990.0,0.0,0.0,LED,No,LPDDR4,nvidia,mid,HP,Windows,amd,mid,high
3373,1.62,141.0,4.1,5500.0,60.0,0.0,512.0,0.0,8.0,33490.0,0.0,0.0,LED,No,LPDDR5,amd,low,Lenovo,Windows,amd,low,low
3374,1.62,141.0,4.6,4800.0,60.0,0.0,512.0,0.0,16.0,57890.0,0.0,0.0,LED,No,LPDDR5,intel,low,Lenovo,Windows,intel,mid,high
3375,1.6,162.0,4.6,2133.0,60.0,0.0,512.0,0.0,16.0,71990.0,0.0,0.0,LED,Yes,LPDDR5X,intel,low,Lenovo,Windows,intel,mid,high
3376,1.55,162.0,4.0,4266.0,60.0,0.0,512.0,0.0,16.0,57990.0,0.0,0.0,LED,Yes,LPDDR4X,amd,low,Lenovo,Windows,amd,mid,low
3377,1.62,141.0,4.9,4800.0,60.0,0.0,512.0,0.0,16.0,66490.0,0.0,0.0,LED,No,LPDDR5,intel,low,Lenovo,Windows,intel,high,high
3378,2.29,141.0,4.6,3200.0,144.0,6.0,512.0,0.0,16.0,72990.0,1.0,0.0,LED,No,LPDDR4,nvidia,mid,HP,Windows,intel,mid,high
3379,1.7,141.0,4.4,3200.0,60.0,0.0,512.0,0.0,8.0,32990.0,1.0,0.0,LED,No,DDR4,intel,low,Asus,Windows,intel,low,low
3380,1.0,135.0,2.8,3200.0,120.0,0.0,512.0,0.0,8.0,18990.0,1.0,1.0,LED,No,DDR4,intel,low,Acer,Windows,intel,low,low
3381,1.0,135.0,2.8,3200.0,120.0,0.0,128.0,0.0,8.0,15990.0,1.0,1.0,LED,No,DDR4,intel,low,Acer,Windows,intel,low,low
3382,1.55,162.0,4.3,4266.0,120.0,0.0,512.0,0.0,16.0,63990.0,0.0,1.0,LED,Yes,LPDDR4X,amd,low,Lenovo,Windows,amd,high,low
3383,2.32,141.0,4.9,4800.0,144.0,8.0,512.0,0.0,24.0,146990.0,0.0,0.0,LED,No,DDR5,nvidia,mid,Lenovo,Windows,intel,high,high
3384,1.75,141.0,2.8,3200.0,120.0,0.0,512.0,0.0,8.0,51490.0,0.0,1.0,LED,No,DDR4,amd,low,HP,Windows,amd,mid,low
3385,1.75,141.0,4.2,4800.0,144.0,6.0,512.0,0.0,24.0,66490.0,0.0,0.0,IPS LCD,No,DDR5,nvidia,mid,Lenovo,Windows,amd,mid,high
3386,1.75,141.0,2.8,3200.0,144.0,4.0,512.0,0.0,16.0,58990.0,0.0,0.0,LED,No,DDR4,nvidia,low,HP,Windows,intel,mid,high
3387,2.38,141.0,4.4,4800.0,144.0,6.0,512.0,0.0,24.0,72990.0,0.0,0.0,LED,No,DDR5,nvidia,mid,Lenovo,Windows,intel,mid,high
3388,1.62,145.0,4.3,5500.0,60.0,0.0,512.0,0.0,16.0,46490.0,0.0,0.0,LED,No,LPDDR5,amd,low,Lenovo,Windows,amd,mid,low
3389,1.28,239.0,3.4,8448.0,90.0,0.0,1024.0,0.0,32.0,128490.0,0.0,0.0,OLED,Yes,LPDDR5X,qualcomm,low,Lenovo,Windows,qualcomm,mid,mid
3390,1.51,224.0,4.1,3200.0,120.0,0.0,512.0,0.0,24.0,159990.0,1.0,1.0,LED,No,DDR4,intel,low,Apple,macOS,apple,mid,mid
3391,1.51,224.0,4.1,3200.0,120.0,0.0,512.0,0.0,24.0,167990.0,1.0,1.0,LED,No,DDR4,intel,low,Apple,macOS,apple,mid,mid
3392,0.99,255.0,5.1,3200.0,60.0,0.0,1024.0,0.0,32.0,129990.0,1.0,0.0,OLED,No,LPDDR5X,intel,mid,MSI,Windows,intel,high,low
3394,1.2,243.0,4.5,3200.0,120.0,0.0,1024.0,0.0,16.0,89990.0,1.0,0.0,OLED,No,LPDDR5X,intel,mid,Asus,Windows,intel,mid,high
3395,2.29,141.0,4.4,3200.0,144.0,4.0,512.0,0.0,8.0,55990.0,1.0,0.0,LED,No,DDR4,nvidia,low,HP,Windows,intel,mid,high
3396,1.6,157.0,2.8,3200.0,120.0,0.0,1024.0,0.0,16.0,53999.0,1.0,1.0,LED,No,DDR4,intel,low,Acer,Windows,intel,high,low
3397,1.86,141.0,4.4,3200.0,144.0,4.0,512.0,0.0,16.0,52270.0,0.0,0.0,LED,No,DDR4,nvidia,low,MSI,Windows,intel,mid,high
3398,2.1,141.0,4.7,4800.0,144.0,6.0,512.0,0.0,16.0,73999.0,0.0,0.0,TFT LCD,No,DDR5,nvidia,mid,Acer,Windows,amd,high,high
3399,2.29,141.0,4.6,3200.0,144.0,6.0,512.0,0.0,16.0,73799.0,0.0,0.0,LED,No,DDR4,nvidia,mid,HP,Windows,intel,mid,high
3400,2.25,141.0,3.3,3200.0,120.0,4.0,512.0,1024.0,16.0,58990.0,0.0,0.0,LED,No,DDR4,nvidia,low,Lenovo,Windows,amd,mid,high
3401,1.75,141.0,4.2,3200.0,120.0,0.0,1024.0,0.0,16.0,69999.0,0.0,1.0,LED,No,DDR4,amd,low,HP,Windows,amd,high,low
3402,1.8,142.0,4.7,3200.0,120.0,0.0,1024.0,0.0,16.0,146100.0,1.0,1.0,LED,No,DDR5,intel,low,HP,Windows,intel,high,low
3403,1.63,254.0,3.7,3200.0,120.0,0.0,1024.0,0.0,32.0,289990.0,1.0,0.0,LED,No,DDR4,intel,low,Apple,macOS,apple,high,high
3404,3.25,189.0,4.8,4800.0,165.0,8.0,1024.0,0.0,16.0,211990.0,0.0,0.0,LED,No,DDR5,nvidia,mid,Dell,Windows,intel,high,high
3405,1.5,162.0,4.6,3200.0,60.0,0.0,512.0,0.0,16.0,65999.0,0.0,0.0,LED,No,DDR4,intel,low,Asus,Windows,intel,mid,low
3406,1.6,141.0,1.9,3200.0,60.0,0.0,512.0,0.0,16.0,65570.0,0.0,0.0,OLED,No,DDR4,intel,mid,Asus,Windows,intel,mid,mid
3407,1.63,141.0,1.8,3200.0,60.0,0.0,512.0,0.0,8.0,40990.0,0.0,0.0,OLED,No,DDR4,intel,low,Asus,Windows,intel,low,low
3408,1.38,112.0,4.2,3200.0,120.0,0.0,512.0,0.0,8.0,65900.0,0.0,1.0,LED,No,DDR4,intel,mid,HP,Windows,intel,mid,low
3409,1.0,255.0,5.0,3200.0,60.0,0.0,1024.0,0.0,16.0,113430.0,1.0,0.0,OLED,No,LPDDR5,intel,mid,Asus,Windows,intel,high,low
3410,1.3,166.0,4.2,3200.0,120.0,0.0,512.0,0.0,16.0,102214.0,0.0,1.0,LED,Yes,DDR4,amd,low,HP,Windows,amd,high,low
3411,2.1,188.0,3.4,4800.0,240.0,8.0,1024.0,0.0,32.0,289990.0,0.0,0.0,LED,No,DDR5,nvidia,high,MSI,Windows,intel,high,high
3413,1.6,141.0,3.3,3200.0,120.0,0.0,512.0,0.0,8.0,35990.0,0.0,1.0,LED,No,DDR4,intel,low,Lenovo,Windows,intel,low,low
3414,2.0,141.0,3.3,3200.0,144.0,4.0,1024.0,0.0,32.0,167441.0,1.0,0.0,LED,No,DDR4,nvidia,mid,Asus,Windows,intel,high,high
3415,2.32,137.0,4.8,4800.0,144.0,8.0,1024.0,0.0,32.0,179999.0,0.0,0.0,LED,No,DDR5,amd,mid,HP,Windows,amd,high,high
3416,1.36,267.0,4.7,4266.0,120.0,0.0,1024.0,0.0,16.0,115010.0,0.0,1.0,OLED,Yes,LPDDR4X,intel,mid,HP,Windows,intel,high,low
3417,2.4,283.0,2.3,3200.0,120.0,6.0,1024.0,0.0,16.0,198114.0,1.0,1.0,OLED,No,DDR5,nvidia,mid,Asus,Windows,intel,high,high
3418,1.7,141.0,4.2,3200.0,120.0,0.5,512.0,0.0,8.0,80900.0,1.0,1.0,LED,No,DDR4,intel,low,Lenovo,Windows,intel,mid,low
3419,1.9,188.0,3.3,3200.0,120.0,6.0,1024.0,0.0,16.0,126980.0,1.0,1.0,LED,No,DDR5,nvidia,mid,Asus,Windows,amd,high,high
3420,2.0,141.0,3.1,3200.0,60.0,4.0,256.0,1024.0,8.0,58490.0,0.0,0.0,LED,No,DDR4,nvidia,low,Lenovo,Windows,intel,mid,high
3421,2.37,141.0,4.2,3200.0,144.0,4.0,512.0,0.0,8.0,83512.0,0.0,0.0,LED,No,DDR4,nvidia,mid,HP,Windows,amd,high,high
3422,2.2,141.0,2.8,2933.0,60.0,4.0,512.0,0.0,8.0,62999.0,0.0,0.0,LED,No,DDR4,nvidia,low,Lenovo,Windows,intel,mid,high
3423,2.4,141.0,2.3,3200.0,165.0,4.0,512.0,0.0,16.0,119990.0,0.0,0.0,LED,No,DDR4,nvidia,mid,Lenovo,Windows,intel,high,high
3424,2.48,137.0,4.7,3200.0,144.0,4.0,512.0,0.0,8.0,73150.0,1.0,0.0,LED,No,DDR5,nvidia,mid,HP,Windows,amd,high,high
3425,2.34,282.0,2.3,3200.0,120.0,6.0,1024.0,0.0,32.0,239975.0,1.0,1.0,OLED,Yes,LPDDR5,nvidia,mid,Asus,Windows,intel,high,high
3426,2.38,141.0,2.3,3200.0,60.0,6.0,1024.0,0.0,16.0,170990.0,0.0,0.0,OLED,No,DDR4,nvidia,mid,MSI,Windows,intel,high,high
3427,1.3,338.0,3.3,3200.0,60.0,0.0,1024.0,0.0,16.0,227990.0,1.0,0.0,LED,Yes,LPDDR5,amd,low,Asus,Windows,amd,high,high
3428,2.67,100.0,2.5,3200.0,120.0,0.0,0.0,1024.0,8.0,51490.0,0.0,1.0,LED,No,DDR4,intel,mid,HP,Windows,intel,mid,low
3429,1.75,179.0,2.8,3200.0,144.0,4.0,512.0,0.0,16.0,149990.0,1.0,0.0,LED,No,LPDDR5,nvidia,mid,Dell,Windows,intel,mid,high
3431,2.25,141.0,2.2,3200.0,144.0,4.0,512.0,0.0,8.0,78490.0,0.0,0.0,LED,No,DDR4,nvidia,mid,MSI,Windows,intel,mid,high
3432,1.25,166.0,3.1,4267.0,60.0,0.0,512.0,0.0,16.0,69990.0,0.0,0.0,LED,No,LPDDR4X,intel,mid,Dell,Windows,intel,mid,high
3433,2.7,141.0,2.3,3200.0,120.0,4.0,1024.0,0.0,16.0,149990.0,0.0,1.0,LED,No,DDR4,nvidia,mid,Lenovo,Windows,intel,high,high
3434,2.9,127.0,4.8,3200.0,360.0,8.0,1024.0,0.0,16.0,207990.0,1.0,0.0,LED,No,DDR5,nvidia,high,Asus,Windows,amd,high,high
3435,2.7,141.0,2.3,3200.0,120.0,4.0,1024.0,0.0,32.0,169990.0,0.0,1.0,LED,No,DDR4,nvidia,mid,Lenovo,Windows,intel,high,high
3436,1.18,338.0,2.5,3200.0,60.0,4.0,1024.0,0.0,16.0,304980.0,1.0,0.0,LED,Yes,LPDDR5,nvidia,mid,Asus,Windows,intel,high,high
3437,1.27,166.0,2.8,4267.0,60.0,0.0,512.0,0.0,16.0,109990.0,0.0,0.0,LED,No,LPDDR4,intel,mid,Dell,Windows,intel,mid,low
3439,2.3,141.0,2.5,2933.0,144.0,4.0,512.0,0.0,8.0,86479.0,0.0,0.0,LED,No,DDR4,nvidia,low,Asus,Windows,intel,mid,high
3440,1.58,157.0,2.4,3200.0,120.0,0.0,256.0,1024.0,8.0,59690.0,1.0,1.0,LED,No,DDR4,intel,mid,Dell,Windows,intel,mid,low
3441,1.83,141.0,2.6,2933.0,120.0,4.0,512.0,0.0,16.0,189143.0,0.0,1.0,LED,No,DDR4,nvidia,low,Dell,Windows,intel,high,high
3442,2.0,141.0,4.7,3200.0,360.0,6.0,1024.0,0.0,16.0,289988.0,1.0,0.0,LED,No,LPDDR5,nvidia,mid,Dell,Windows,intel,high,high
3443,2.1,141.0,2.4,2133.0,120.0,4.0,0.0,1024.0,8.0,87990.0,0.0,1.0,LED,No,DDR4,nvidia,low,Asus,Windows,intel,high,high
3444,1.2,276.0,2.7,1600.0,120.0,0.0,512.0,0.0,8.0,94960.0,0.0,1.0,LED,No,DDR3,intel,low,Asus,Windows,intel,high,low
3445,2.6,141.0,2.8,2400.0,120.0,2.0,128.0,1024.0,8.0,101490.0,0.0,1.0,LED,No,DDR4,nvidia,low,HP,Windows,intel,high,high
3446,1.44,315.0,3.0,4266.0,120.0,0.0,1024.0,0.0,16.0,111560.0,0.0,1.0,LED,Yes,LPDDR4X,intel,mid,Lenovo,Windows,intel,high,low
3447,2.02,141.0,1.8,2133.0,120.0,4.0,0.0,1024.0,8.0,74990.0,0.0,1.0,LED,No,DDR4,nvidia,low,HP,Windows,intel,high,low
3448,1.94,266.0,2.2,3200.0,120.0,0.0,256.0,0.0,16.0,158990.0,1.0,1.0,LED,Yes,DDR4,intel,mid,Other,Windows,intel,high,low
3449,3.78,127.0,2.8,2400.0,120.0,8.0,256.0,1024.0,16.0,171990.0,0.0,1.0,LED,No,DDR4,nvidia,high,HP,Windows,intel,high,high
3450,2.6,141.0,2.8,2400.0,120.0,6.0,256.0,1024.0,16.0,149990.0,0.0,1.0,LED,No,DDR4,nvidia,mid,Asus,Windows,intel,high,high
3451,1.8,141.0,3.0,3200.0,60.0,0.0,256.0,0.0,8.0,29600.0,1.0,0.0,LED,No,DDR4,intel,low,Asus,Windows,intel,low,low
3452,1.7,100.0,4.2,2666.0,120.0,0.0,512.0,0.0,8.0,57899.0,0.0,1.0,LED,No,DDR4,intel,low,HP,DOS,intel,mid,low
3453,1.8,141.0,3.3,3200.0,120.0,0.0,512.0,0.0,16.0,64340.0,0.0,1.0,LED,No,DDR4,intel,mid,Lenovo,Windows,intel,mid,low
3454,2.5,141.0,2.6,2933.0,120.0,4.0,512.0,0.0,8.0,109990.0,0.0,0.0,LED,No,DDR4,nvidia,low,Dell,Windows,intel,high,high
3455,1.36,267.0,4.7,4266.0,120.0,0.0,1024.0,0.0,16.0,157990.0,0.0,1.0,OLED,Yes,LPDDR4X,intel,mid,HP,Windows,intel,high,low
3456,1.4,157.0,2.3,3200.0,120.0,0.0,512.0,0.0,16.0,49999.0,0.0,1.0,LED,No,DDR4,amd,low,Lenovo,Windows,amd,mid,low
3458,2.3,282.0,2.3,3200.0,120.0,8.0,1024.0,0.0,16.0,166199.0,1.0,1.0,LED,No,DDR4,nvidia,high,Other,Windows,intel,high,high
3459,1.4,323.0,3.4,5200.0,120.0,0.0,1024.0,0.0,16.0,131990.0,0.0,1.0,OLED,Yes,LPDDR5,intel,mid,Lenovo,Windows,intel,high,mid
3460,1.0,266.0,4.7,3200.0,120.0,0.0,1024.0,0.0,32.0,202999.0,1.0,0.0,LED,Yes,LPDDR5,intel,mid,Other,Windows,intel,high,low
3461,1.3,164.0,2.8,3200.0,120.0,4.0,1024.0,0.0,16.0,94900.0,1.0,0.0,LED,Yes,DDR4,nvidia,low,Asus,Windows,amd,high,high
3462,1.5,282.0,2.8,3200.0,120.0,4.0,512.0,0.0,8.0,99500.0,1.0,1.0,LED,No,DDR4,amd,mid,Acer,Windows,intel,mid,low
3463,1.44,157.0,2.8,3200.0,60.0,0.0,512.0,0.0,16.0,68931.0,0.0,0.0,LED,No,DDR4,amd,low,Dell,Windows,amd,high,low
3464,1.4,246.0,2.3,3200.0,90.0,0.0,1024.0,0.0,16.0,105441.0,1.0,0.0,OLED,Yes,LPDDR5,intel,mid,Asus,Windows,intel,high,high
3465,1.38,162.0,4.5,5200.0,120.0,0.0,512.0,0.0,8.0,44990.0,0.0,1.0,LED,No,DDR5,intel,low,Lenovo,Windows,intel,low,low
3466,1.0,141.0,4.5,4800.0,120.0,0.0,512.0,0.0,8.0,42999.0,0.0,1.0,LED,No,DDR5,amd,low,HP,Windows,amd,mid,high
3467,2.55,189.0,5.0,5500.0,240.0,8.0,1024.0,0.0,32.0,172990.0,0.0,0.0,LED,No,DDR5,nvidia,high,Lenovo,Windows,intel,high,high
3468,1.35,162.0,4.6,5200.0,60.0,0.0,512.0,0.0,16.0,67290.0,0.0,0.0,OLED,No,LPDDR5,intel,mid,Lenovo,Windows,intel,mid,mid
3469,1.89,142.0,5.0,5200.0,60.0,0.0,512.0,0.0,16.0,78190.0,0.0,0.0,LED,No,LPDDR5,intel,mid,Lenovo,Windows,intel,high,high
3471,1.23,329.0,3.4,5200.0,120.0,0.0,1024.0,0.0,16.0,159990.0,0.0,1.0,LED,Yes,LPDDR5,intel,mid,Dell,Windows,intel,high,mid
3472,1.92,141.0,1.7,3200.0,120.0,0.0,512.0,0.0,16.0,62980.0,1.0,1.0,LED,No,DDR4,intel,low,Asus,Windows,intel,mid,mid
3473,2.48,137.0,4.2,3200.0,144.0,4.0,512.0,0.0,8.0,57990.0,0.0,0.0,LED,No,DDR4,nvidia,low,HP,Windows,amd,mid,high
3474,1.74,141.0,4.7,3200.0,120.0,2.0,512.0,0.0,16.0,73990.0,0.0,1.0,LED,No,DDR4,nvidia,mid,HP,Windows,intel,mid,low
3475,1.9,189.0,5.0,3200.0,165.0,0.0,1024.0,0.0,16.0,124990.0,1.0,0.0,LED,No,LPDDR5,intel,mid,MSI,Windows,intel,high,high
3476,1.33,258.0,4.0,3200.0,120.0,0.0,1024.0,0.0,16.0,149990.0,1.0,1.0,LED,Yes,LPDDR4,nvidia,low,Other,Windows,intel,high,low
3477,2.3,141.0,2.9,3200.0,144.0,4.0,1024.0,0.0,8.0,80990.0,0.0,0.0,LED,No,DDR4,nvidia,mid,Asus,Windows,amd,high,high
3478,2.6,127.0,2.6,2400.0,144.0,8.0,512.0,1024.0,16.0,180000.0,0.0,0.0,LED,No,DDR4,nvidia,high,MSI,Windows,intel,high,high
3479,2.1,141.0,2.3,2133.0,120.0,0.0,0.0,1024.0,4.0,26999.0,0.0,1.0,LED,No,DDR4,intel,low,Lenovo,Windows,intel,low,low
3481,1.98,141.0,2.1,2400.0,120.0,4.0,256.0,1024.0,8.0,60294.0,0.0,1.0,LED,No,DDR4,nvidia,low,HP,Windows,amd,mid,high
3484,1.8,141.0,3.0,3200.0,60.0,0.0,512.0,0.0,16.0,29990.0,1.0,0.0,LED,No,DDR4,intel,low,Asus,Windows,intel,low,low
3485,2.1,100.0,1.6,1600.0,120.0,0.0,0.0,500.0,2.0,21753.0,0.0,1.0,LED,No,DDR3,intel,low,Acer,Windows,intel,low,low
3486,1.46,157.0,4.2,3200.0,60.0,0.0,512.0,0.0,8.0,36990.0,0.0,0.0,LED,No,DDR4,intel,low,HP,Windows,intel,low,low
3488,1.79,112.0,2.3,2133.0,120.0,0.0,0.0,1024.0,4.0,25225.0,0.0,1.0,LED,No,DDR4,intel,low,Dell,Other,intel,low,low
3489,1.46,157.0,4.0,2666.0,120.0,0.0,256.0,0.0,8.0,36990.0,0.0,1.0,LED,No,DDR4,intel,low,HP,Windows,intel,low,low
3490,1.76,141.0,1.2,3200.0,60.0,0.0,256.0,0.0,8.0,23999.0,1.0,0.0,LED,No,DDR4,intel,low,Other,Windows,intel,low,low
3491,1.5,157.0,2.1,2400.0,120.0,0.0,512.0,0.0,8.0,42990.0,0.0,1.0,LED,No,DDR4,amd,low,Asus,Windows,amd,mid,low
3492,2.2,100.0,2.3,3200.0,120.0,2.0,0.0,1024.0,8.0,49490.0,1.0,1.0,LED,No,DDR4,nvidia,low,Lenovo,Windows,intel,mid,low
3493,1.63,141.0,2.4,3200.0,60.0,0.0,512.0,0.0,8.0,29990.0,1.0,0.0,LED,No,LPDDR5,amd,low,Asus,Windows,amd,low,low
3494,1.81,141.0,4.2,3200.0,120.0,0.0,512.0,0.0,16.0,44999.0,1.0,1.0,LED,No,DDR4,intel,mid,Samsung,Windows,intel,mid,low
3495,1.63,141.0,4.1,3200.0,60.0,0.0,512.0,0.0,8.0,29990.0,1.0,0.0,LED,No,LPDDR5,amd,low,Asus,Windows,amd,low,low
3496,1.8,141.0,4.1,3200.0,120.0,0.0,256.0,0.0,8.0,33750.0,1.0,1.0,LED,No,DDR4,intel,low,Asus,Windows,intel,low,low
3497,2.3,141.0,2.9,3200.0,144.0,4.0,512.0,0.0,16.0,52990.0,1.0,0.0,LED,No,DDR4,nvidia,low,Asus,Windows,intel,mid,high
3499,1.7,141.0,4.4,3200.0,60.0,0.0,512.0,0.0,8.0,33250.0,1.0,0.0,LED,No,DDR4,intel,low,Asus,Windows,intel,low,low
3500,1.5,157.0,2.1,3200.0,120.0,0.0,512.0,0.0,4.0,35990.0,1.0,1.0,LED,No,DDR4,intel,low,Asus,Windows,intel,low,low
3503,1.47,157.0,2.8,3200.0,120.0,0.0,0.0,0.0,4.0,19276.0,1.0,1.0,LED,No,LPDDR4X,intel,low,Asus,Google Chrome,intel,low,low
3504,1.43,157.0,3.3,3200.0,120.0,0.0,512.0,0.0,8.0,33870.0,0.0,1.0,LED,No,DDR4,intel,low,Lenovo,Windows,intel,low,low
3505,1.8,141.0,1.1,3200.0,120.0,0.0,0.0,0.0,8.0,15990.0,1.0,1.0,LED,No,LPDDR4X,intel,low,Asus,Google Chrome,intel,low,low
3506,1.6,139.0,4.5,3200.0,120.0,0.0,512.0,0.0,8.0,34990.0,1.0,1.0,LED,No,DDR4,intel,low,Other,Windows,intel,mid,low
3507,1.8,141.0,4.0,3200.0,120.0,0.0,256.0,1024.0,8.0,51990.0,1.0,1.0,LED,No,DDR4,amd,low,Asus,Windows,amd,mid,low
3508,1.57,141.0,1.1,3200.0,60.0,0.0,256.0,0.0,8.0,27901.0,1.0,0.0,LED,No,DDR4,intel,low,Asus,Windows,intel,low,low
3509,1.3,112.0,2.8,5500.0,120.0,0.0,512.0,0.0,8.0,22990.0,0.0,1.0,LED,No,LPDDR4X,intel,low,Acer,Windows,intel,low,low
3510,2.2,100.0,2.0,3200.0,120.0,0.0,0.0,1024.0,4.0,36500.0,1.0,1.0,LED,No,DDR4,intel,low,Lenovo,Windows,intel,low,low
3511,1.0,141.0,1.7,3733.0,60.0,0.0,512.0,0.0,8.0,24999.0,0.0,0.0,LED,No,LPDDR4X,intel,low,Other,Windows,intel,low,low
3512,1.57,141.0,2.8,3200.0,60.0,0.0,256.0,0.0,4.0,23900.0,1.0,0.0,LED,No,DDR4,intel,low,Asus,Windows,intel,low,low
3513,2.1,100.0,1.6,2400.0,120.0,2.0,0.0,1024.0,8.0,39990.0,0.0,1.0,LED,No,DDR4,intel,low,Lenovo,Windows,intel,mid,low
3514,1.4,157.0,2.0,3200.0,60.0,0.0,512.0,0.0,16.0,39990.0,0.0,0.0,LED,No,DDR4,amd,low,MSI,Windows,amd,mid,low
3515,1.5,162.0,2.5,8448.0,60.0,0.0,512.0,0.0,16.0,64990.0,0.0,0.0,LED,No,DDR4,intel,mid,Asus,Windows,intel,mid,high
3516,1.99,141.0,4.6,3200.0,144.0,4.0,512.0,0.0,8.0,57990.0,1.0,0.0,LED,No,DDR4,nvidia,low,Acer,Windows,intel,mid,high
3517,1.63,141.0,2.4,3200.0,60.0,0.0,512.0,0.0,8.0,35980.0,1.0,0.0,OLED,No,LPDDR5,amd,low,Asus,Windows,amd,low,low
3518,1.4,157.0,2.0,3200.0,60.0,0.0,512.0,0.0,8.0,36990.0,1.0,0.0,LED,No,DDR4,amd,low,MSI,Windows,amd,mid,low
3519,1.7,141.0,3.2,3200.0,60.0,0.0,512.0,0.0,16.0,51990.0,1.0,0.0,LED,No,DDR4,amd,low,Asus,Windows,amd,high,high
3520,1.6,141.0,1.6,3200.0,120.0,0.0,0.0,1024.0,8.0,39990.0,1.0,1.0,LED,No,DDR4,intel,low,Asus,Windows,intel,mid,low
3521,1.76,141.0,2.8,3200.0,120.0,0.0,128.0,0.0,4.0,17990.0,1.0,1.0,LED,No,LPDDR4X,intel,low,Other,Windows,intel,low,low
3522,1.8,141.0,2.4,3200.0,60.0,0.0,512.0,0.0,16.0,37999.0,1.0,0.0,LED,No,DDR4,intel,mid,Asus,Windows,intel,mid,low
3524,1.43,157.0,3.3,3200.0,120.0,0.0,512.0,0.0,8.0,37500.0,0.0,1.0,LED,No,DDR4,intel,low,Lenovo,Windows,intel,low,low
3525,1.63,141.0,2.8,5500.0,60.0,0.0,512.0,0.0,8.0,43990.0,0.0,0.0,OLED,No,LPDDR5,amd,low,Asus,Windows,amd,mid,low
3526,2.1,141.0,2.9,3200.0,120.0,4.0,512.0,0.0,8.0,82990.0,1.0,1.0,LED,No,DDR4,nvidia,mid,Asus,Windows,amd,high,high
3527,1.63,141.0,2.8,3200.0,60.0,0.0,512.0,0.0,8.0,45990.0,1.0,0.0,OLED,No,LPDDR5,amd,low,Asus,Windows,amd,mid,low
3528,1.4,157.0,2.0,3200.0,120.0,0.0,512.0,0.0,8.0,59990.0,0.0,1.0,LED,No,DDR4,amd,low,Asus,Windows,amd,high,low
3529,1.86,141.0,4.2,3200.0,60.0,4.0,512.0,0.0,8.0,49365.0,1.0,0.0,LED,No,DDR4,nvidia,low,MSI,Windows,intel,mid,high
3530,2.2,100.0,2.5,2133.0,120.0,0.0,0.0,0.0,8.0,41499.0,0.0,1.0,LED,No,DDR4,intel,low,Acer,Other,intel,mid,low
3532,1.63,141.0,4.3,3200.0,60.0,0.0,512.0,0.0,8.0,43990.0,1.0,0.0,OLED,No,LPDDR5,amd,low,Asus,Windows,amd,mid,low
3533,2.35,141.0,3.1,3200.0,144.0,4.0,512.0,0.0,8.0,59037.0,1.0,0.0,LED,No,DDR4,amd,mid,MSI,Windows,amd,high,high
3534,2.29,141.0,4.6,3200.0,144.0,6.0,512.0,0.0,16.0,73990.0,0.0,0.0,LED,No,DDR4,nvidia,mid,HP,Windows,intel,mid,high
3535,1.45,157.0,4.5,3200.0,120.0,0.0,256.0,0.0,8.0,29990.0,1.0,1.0,TFT LCD,No,DDR4,intel,low,Acer,Windows,intel,low,low
3536,1.86,141.0,4.2,3200.0,60.0,4.0,512.0,0.0,16.0,50990.0,1.0,0.0,LED,No,DDR4,nvidia,low,MSI,Windows,intel,mid,high
3537,2.37,141.0,3.3,3200.0,144.0,4.0,512.0,0.0,8.0,55490.0,1.0,0.0,LED,No,DDR4,nvidia,mid,HP,Windows,amd,mid,high
3538,2.3,141.0,2.3,2133.0,120.0,4.0,128.0,1024.0,8.0,65832.0,0.0,1.0,LED,No,DDR4,nvidia,low,Asus,Windows,intel,mid,high
3539,1.86,141.0,4.7,3200.0,60.0,4.0,512.0,0.0,8.0,50990.0,1.0,0.0,LED,No,DDR4,nvidia,low,MSI,Windows,intel,mid,high
3540,1.9,141.0,1.6,3200.0,120.0,2.0,0.0,1024.0,8.0,41990.0,1.0,1.0,LED,No,DDR4,nvidia,low,Asus,Windows,intel,mid,low
3541,2.37,141.0,3.3,3200.0,144.0,4.0,512.0,0.0,16.0,57500.0,1.0,0.0,LED,No,DDR4,nvidia,mid,HP,Windows,amd,mid,high
3542,2.81,141.0,4.6,4800.0,120.0,6.0,1024.0,0.0,16.0,79990.0,0.0,0.0,LED,No,DDR5,nvidia,mid,Dell,Windows,intel,mid,high
3543,1.86,141.0,4.4,3200.0,144.0,4.0,512.0,0.0,16.0,49999.0,0.0,0.0,LED,No,DDR4,nvidia,low,MSI,Windows,intel,mid,high
3544,1.48,141.0,4.7,4266.0,60.0,0.0,512.0,0.0,16.0,47999.0,0.0,0.0,LED,No,DDR4,intel,mid,Other,Windows,intel,mid,low
3545,1.4,157.0,4.5,3200.0,120.0,0.0,512.0,0.0,8.0,53990.0,0.0,1.0,LED,No,DDR4,intel,low,HP,Windows,intel,low,low
3546,2.6,141.0,4.1,2400.0,120.0,4.0,256.0,1024.0,8.0,101990.0,0.0,1.0,LED,No,DDR4,nvidia,low,Asus,Windows,intel,high,high
3547,2.0,100.0,2.3,2133.0,120.0,2.0,0.0,1024.0,8.0,54990.0,0.0,1.0,LED,No,DDR4,nvidia,low,HP,Windows,intel,mid,low
3548,2.38,141.0,3.1,4800.0,144.0,8.0,512.0,0.0,24.0,87990.0,0.0,0.0,LED,No,DDR5,nvidia,mid,Lenovo,Windows,amd,high,high
3549,1.8,141.0,1.2,3200.0,120.0,0.0,256.0,0.0,8.0,24990.0,1.0,1.0,LED,No,DDR4,intel,low,Asus,Windows,intel,low,low
3550,1.8,141.0,3.0,3200.0,120.0,0.0,256.0,0.0,8.0,34100.0,1.0,1.0,LED,No,DDR4,intel,low,Asus,Windows,intel,low,low
3551,1.86,141.0,3.0,3200.0,144.0,4.0,256.0,1024.0,16.0,62990.0,1.0,0.0,LED,No,DDR4,nvidia,mid,MSI,Windows,intel,high,high
3552,2.62,141.0,2.8,2400.0,120.0,4.0,128.0,1024.0,8.0,69999.0,0.0,1.0,LED,No,DDR4,nvidia,low,Dell,Windows,intel,high,high
3553,2.45,141.0,3.1,4800.0,144.0,6.0,512.0,0.0,24.0,79990.0,0.0,0.0,LED,No,DDR5,nvidia,mid,Lenovo,Windows,amd,high,high
3554,1.25,157.0,2.8,3200.0,120.0,0.0,512.0,0.0,16.0,39990.0,1.0,1.0,TFT LCD,No,DDR4,amd,low,Acer,Windows,amd,mid,low
3555,1.6,139.0,2.0,3200.0,120.0,0.0,512.0,0.0,8.0,24999.0,1.0,1.0,LED,No,DDR4,intel,low,Other,Windows,intel,low,low
3556,2.3,141.0,4.5,5600.0,144.0,4.0,512.0,0.0,16.0,63990.0,0.0,0.0,LED,No,DDR5,nvidia,mid,Asus,Windows,amd,high,high
3557,1.7,141.0,4.4,3200.0,60.0,0.0,512.0,0.0,8.0,38990.0,1.0,0.0,LED,No,DDR4,intel,mid,MSI,Windows,intel,mid,low
3558,1.59,141.0,2.8,3200.0,120.0,0.0,512.0,0.0,16.0,31490.0,1.0,1.0,LED,No,DDR4,intel,low,Acer,Windows,intel,low,low
3559,1.4,157.0,3.3,3200.0,60.0,0.0,512.0,0.0,8.0,36990.0,1.0,0.0,LED,No,DDR4,intel,mid,MSI,Windows,intel,mid,low
3560,1.6,139.0,2.0,3200.0,120.0,0.0,256.0,0.0,8.0,27990.0,1.0,1.0,LED,No,DDR4,intel,low,Other,Windows,intel,low,low
3561,1.25,243.0,2.8,3200.0,90.0,0.0,1024.0,0.0,16.0,69990.0,1.0,0.0,OLED,No,LPDDR5,intel,mid,Acer,Windows,intel,high,high
3562,1.4,157.0,3.3,3200.0,120.0,0.0,512.0,0.0,8.0,33990.0,0.0,1.0,LED,No,DDR4,intel,low,Lenovo,Windows,intel,low,low
3563,2.3,141.0,3.1,5600.0,144.0,4.0,512.0,0.0,16.0,58980.0,0.0,0.0,LED,No,DDR5,nvidia,low,Asus,Windows,amd,high,high
3564,2.3,141.0,3.1,5600.0,144.0,4.0,512.0,0.0,8.0,54990.0,0.0,0.0,LED,No,DDR5,nvidia,low,Asus,Windows,amd,high,high
3565,1.43,157.0,3.8,3200.0,120.0,0.0,256.0,0.0,8.0,18990.0,1.0,1.0,LCD,No,LPDDR5,intel,low,Acer,Google Chrome,intel,low,low
3566,1.65,112.0,1.6,1600.0,120.0,0.0,0.0,500.0,2.0,15999.0,0.0,1.0,LED,No,DDR3,intel,low,Acer,DOS,intel,low,low
3567,1.3,112.0,2.8,2400.0,120.0,0.0,512.0,0.0,8.0,25490.0,0.0,1.0,LED,No,DDR4,intel,low,Lenovo,Windows,intel,low,low
3568,1.52,100.0,4.3,3200.0,120.0,0.0,512.0,0.0,8.0,28997.0,1.0,1.0,LED,No,DDR4,amd,low,HP,Windows,amd,mid,low
3569,1.65,147.0,3.3,3200.0,120.0,0.0,512.0,0.0,8.0,46790.0,1.0,0.0,LED,No,DDR4,intel,low,Dell,Windows,intel,mid,low
3570,1.58,141.0,4.8,3200.0,120.0,0.0,256.0,0.0,8.0,32990.0,1.0,1.0,LED,No,LPDDR4X,intel,low,Other,Windows,intel,low,low
3571,1.8,141.0,1.0,3200.0,120.0,0.0,512.0,0.0,8.0,57999.0,1.0,1.0,LED,No,DDR4,intel,low,Asus,Windows,intel,mid,low
3572,2.37,141.0,3.3,3200.0,144.0,4.0,512.0,0.0,8.0,51990.0,1.0,0.0,LED,No,DDR4,nvidia,low,HP,Windows,amd,mid,high
3573,1.6,157.0,2.1,3200.0,120.0,0.0,512.0,0.0,8.0,33990.0,1.0,1.0,LED,No,DDR4,amd,low,Asus,Windows,amd,mid,low
3574,1.4,157.0,1.7,3200.0,120.0,0.0,512.0,0.0,8.0,31990.0,1.0,1.0,LED,No,DDR4,intel,low,Asus,Windows,intel,low,low
3575,1.8,141.0,2.8,3200.0,60.0,0.0,512.0,0.0,16.0,55999.0,1.0,0.0,LED,No,DDR4,intel,mid,Asus,Windows,intel,high,low
3576,2.4,141.0,2.0,3200.0,144.0,6.0,512.0,0.0,16.0,64500.0,1.0,0.0,LED,No,DDR5,nvidia,mid,Lenovo,Windows,intel,mid,high
3577,1.45,157.0,2.8,3200.0,120.0,0.0,512.0,0.0,8.0,27590.0,1.0,1.0,LED,No,DDR4,intel,low,Acer,Windows,intel,low,low
3578,2.14,141.0,2.4,3200.0,120.0,4.0,512.0,0.0,16.0,68990.0,1.0,0.0,LED,No,DDR4,nvidia,low,Asus,Windows,intel,mid,high
3580,1.43,157.0,3.3,3200.0,120.0,0.0,512.0,0.0,8.0,35700.0,0.0,1.0,LED,No,DDR4,intel,low,Lenovo,Windows,intel,low,low
3581,2.2,141.0,3.0,3200.0,60.0,4.0,512.0,0.0,8.0,63490.0,0.0,0.0,LED,No,DDR4,nvidia,low,Lenovo,Windows,amd,mid,high
3582,1.62,141.0,4.5,3200.0,120.0,0.0,512.0,0.0,8.0,40190.0,1.0,1.0,LED,No,LPDDR5,intel,low,Lenovo,Windows,intel,low,low
3583,2.3,141.0,3.3,5600.0,144.0,4.0,512.0,0.0,16.0,59990.0,0.0,0.0,LED,No,DDR5,nvidia,mid,Asus,Windows,amd,mid,high
3584,1.86,141.0,4.2,3200.0,144.0,4.0,256.0,1024.0,16.0,57990.0,1.0,0.0,LED,No,DDR4,nvidia,mid,MSI,Windows,intel,mid,high
3585,1.25,157.0,2.8,3200.0,120.0,0.0,512.0,0.0,16.0,49990.0,1.0,1.0,TFT LCD,No,DDR4,amd,low,Acer,Windows,amd,high,low
3587,2.38,141.0,3.1,3200.0,144.0,6.0,512.0,0.0,24.0,74690.0,1.0,0.0,LED,No,DDR5,nvidia,mid,Lenovo,Windows,intel,mid,high
3588,1.8,141.0,4.7,3200.0,120.0,0.0,512.0,0.0,16.0,54990.0,1.0,1.0,IPS LCD,No,LPDDR5X,intel,mid,Other,Windows,intel,mid,high
3589,1.57,141.0,1.1,3200.0,60.0,0.0,512.0,0.0,8.0,26990.0,1.0,0.0,LED,No,DDR4,intel,low,Asus,Windows,intel,low,low
3590,1.37,157.0,4.4,4800.0,120.0,0.0,512.0,0.0,16.0,52390.0,0.0,1.0,LED,No,LPDDR5,intel,low,Lenovo,Windows,intel,mid,high
3591,2.2,141.0,4.5,3200.0,144.0,4.0,512.0,0.0,16.0,67400.0,1.0,0.0,LED,No,DDR4,nvidia,mid,Asus,Windows,intel,mid,high
3592,1.69,141.0,4.2,3200.0,120.0,0.0,512.0,0.0,16.0,48490.0,0.0,1.0,LED,No,DDR4,amd,low,HP,Windows,amd,high,low
3593,1.86,141.0,3.0,3200.0,60.0,4.0,256.0,1024.0,16.0,50999.0,1.0,0.0,LED,No,DDR4,nvidia,low,MSI,Windows,intel,high,high
3594,1.8,141.0,1.7,2666.0,120.0,0.0,256.0,0.0,8.0,36990.0,0.0,1.0,LED,No,DDR4,intel,low,Dell,Windows,intel,low,low
3595,1.7,141.0,0.8,3200.0,60.0,0.0,512.0,0.0,16.0,37990.0,1.0,0.0,LED,No,DDR4,intel,low,MSI,Windows,intel,low,low
3596,1.54,162.0,4.6,4400.0,60.0,0.0,512.0,0.0,8.0,50990.0,0.0,0.0,LED,No,DDR5,intel,low,Dell,Windows,intel,mid,low
3597,2.3,141.0,3.1,5600.0,144.0,4.0,512.0,0.0,16.0,66890.0,0.0,0.0,LED,No,DDR5,nvidia,mid,Asus,Windows,amd,high,high
3598,1.4,157.0,0.8,3200.0,60.0,0.0,512.0,0.0,16.0,35990.0,1.0,0.0,LED,No,DDR4,intel,low,MSI,Windows,intel,low,low
3599,1.45,157.0,1.1,2400.0,120.0,0.0,0.0,0.0,4.0,39291.0,0.0,1.0,LED,No,LPDDR4,intel,low,Asus,Google Chrome,intel,low,low
3600,2.3,141.0,2.5,2133.0,120.0,2.0,0.0,1024.0,4.0,39990.0,0.0,1.0,LED,No,DDR4,nvidia,low,Asus,DOS,intel,mid,low
3601,1.7,141.0,1.6,2133.0,120.0,2.0,0.0,1024.0,8.0,49916.0,0.0,1.0,LED,No,DDR4,nvidia,low,Asus,Windows,intel,mid,low
3602,1.85,141.0,2.2,2133.0,120.0,0.0,0.0,1024.0,8.0,45990.0,0.0,1.0,LED,No,DDR4,intel,low,Lenovo,Windows,intel,low,low
3603,1.85,141.0,2.6,3200.0,120.0,0.0,0.0,1024.0,4.0,30990.0,1.0,1.0,LED,No,DDR4,amd,low,Lenovo,Windows,amd,low,low
3604,1.85,100.0,2.3,2133.0,120.0,0.0,0.0,1024.0,4.0,23990.0,0.0,1.0,LED,No,DDR4,intel,low,Lenovo,Windows,intel,low,low
3605,1.17,157.0,1.3,3200.0,120.0,0.0,512.0,0.0,16.0,84111.0,1.0,1.0,LED,No,DDR4,intel,low,Asus,Windows,intel,high,low
3606,1.77,141.0,2.3,2133.0,120.0,2.0,0.0,1024.0,4.0,33894.0,0.0,1.0,LED,No,DDR4,nvidia,low,HP,DOS,intel,low,low
3607,1.75,100.0,2.6,2133.0,120.0,0.0,0.0,1024.0,4.0,28988.0,0.0,1.0,LED,No,DDR4,amd,low,Dell,Windows,amd,low,low
3608,2.2,141.0,2.2,3200.0,120.0,2.0,0.0,1024.0,4.0,39990.0,1.0,1.0,LED,No,DDR3,nvidia,low,HP,Windows,intel,mid,low
3609,1.9,100.0,2.2,3200.0,120.0,0.0,0.0,1024.0,8.0,29890.0,1.0,1.0,LCD,No,DDR4,intel,low,Asus,Windows,intel,low,low
3610,2.34,141.0,2.5,2933.0,120.0,4.0,512.0,0.0,8.0,84990.0,0.0,1.0,LED,No,DDR4,nvidia,low,Dell,Windows,intel,high,high
3611,1.4,112.0,1.5,3200.0,120.0,0.0,256.0,0.0,4.0,19499.0,1.0,1.0,LED,No,DDR3,amd,low,Asus,Windows,amd,low,low
3612,1.45,157.0,4.2,3200.0,120.0,2.0,512.0,0.0,8.0,64590.0,1.0,1.0,LED,No,DDR4,nvidia,mid,Acer,Windows,intel,mid,low
3613,1.68,141.0,3.4,2133.0,120.0,0.0,0.0,1024.0,4.0,37990.0,0.0,1.0,LED,No,DDR4,intel,low,Asus,Windows,intel,mid,low
3614,2.3,141.0,2.1,2400.0,120.0,3.0,256.0,1024.0,8.0,59500.0,0.0,1.0,LED,No,DDR4,nvidia,low,Asus,Windows,amd,mid,high
3615,1.9,112.0,1.7,1600.0,120.0,0.0,0.0,500.0,4.0,33999.0,0.0,1.0,LED,No,DDR3,intel,low,HP,Windows,intel,low,low
3616,2.0,141.0,2.1,3200.0,60.0,0.0,512.0,0.0,4.0,44990.0,1.0,0.0,LED,No,DDR4,amd,low,Asus,Windows,amd,mid,low
3617,1.9,141.0,1.6,2400.0,120.0,2.0,16.0,1024.0,8.0,54990.0,0.0,1.0,LED,No,DDR4,nvidia,low,Acer,Windows,intel,mid,low
3618,1.9,141.0,2.3,2400.0,60.0,0.0,0.0,1024.0,4.0,23138.0,0.0,0.0,LED,No,DDR4,intel,low,Asus,Windows,intel,low,low
3619,1.0,157.0,2.1,2666.0,60.0,0.0,256.0,0.0,4.0,41999.0,0.0,0.0,LED,No,DDR4,intel,low,Asus,Windows,intel,low,low
3620,1.65,157.0,2.6,2400.0,120.0,0.0,256.0,0.0,4.0,42990.0,0.0,1.0,LED,Yes,DDR4,amd,low,Lenovo,Windows,amd,low,low
3621,2.19,100.0,1.8,1600.0,120.0,0.0,0.0,1024.0,4.0,19997.0,0.0,1.0,LED,No,Other,amd,low,HP,DOS,amd,low,low
3622,1.31,166.0,1.8,3200.0,120.0,0.0,1024.0,0.0,16.0,91308.0,0.0,1.0,LED,Yes,DDR4,amd,low,Lenovo,Windows,amd,high,low
3623,1.9,141.0,2.6,2400.0,120.0,6.0,512.0,0.0,16.0,120459.0,0.0,1.0,LED,No,DDR4,nvidia,mid,Asus,Windows,intel,high,high
3624,2.2,141.0,2.3,2666.0,120.0,6.0,512.0,0.0,8.0,180872.0,0.0,1.0,LED,No,DDR4,nvidia,mid,Asus,Windows,amd,high,high
3625,2.15,141.0,2.5,2400.0,120.0,2.0,0.0,1024.0,8.0,45000.0,0.0,1.0,LED,No,DDR4,nvidia,low,Asus,DOS,intel,mid,low
3626,2.2,141.0,2.3,2133.0,120.0,0.0,0.0,1024.0,4.0,29690.0,0.0,1.0,LED,No,DDR4,intel,low,Lenovo,Windows,intel,low,low
3627,2.25,141.0,3.1,3200.0,120.0,4.0,256.0,1024.0,8.0,59990.0,0.0,0.0,LED,No,DDR4,nvidia,low,Lenovo,Windows,amd,mid,high
3628,1.77,141.0,1.2,2666.0,120.0,0.0,0.0,1024.0,4.0,37590.0,0.0,1.0,LED,No,DDR4,intel,low,HP,Windows,intel,low,low
3629,1.8,141.0,2.1,2400.0,120.0,0.0,0.0,1024.0,4.0,35990.0,0.0,1.0,LED,No,DDR4,amd,low,HP,Windows,amd,mid,low
3630,2.2,141.0,2.5,2133.0,120.0,2.0,0.0,1024.0,4.0,43000.0,0.0,1.0,LED,No,DDR4,nvidia,low,Asus,Windows,intel,mid,low
3631,2.32,137.0,4.7,3200.0,144.0,8.0,512.0,0.0,16.0,85509.0,1.0,0.0,LED,No,DDR5,amd,mid,HP,Windows,amd,high,high
3632,2.1,112.0,2.5,2400.0,120.0,0.0,0.0,1024.0,4.0,24400.0,0.0,1.0,LED,No,DDR4,amd,low,HP,DOS,amd,low,low
3633,1.9,141.0,2.1,3200.0,120.0,0.0,0.0,1024.0,4.0,35990.0,1.0,1.0,LED,No,DDR4,amd,low,Asus,Windows,amd,mid,low
3635,1.5,157.0,2.3,2400.0,120.0,0.0,0.0,1024.0,4.0,31990.0,0.0,1.0,LED,No,DDR4,intel,low,Asus,Windows,intel,low,low
3636,1.0,166.0,1.8,2133.0,120.0,0.0,256.0,0.0,8.0,268438.0,0.0,1.0,LED,No,LPDDR3,intel,low,Asus,Windows,intel,high,low
3637,1.39,135.0,1.1,2400.0,120.0,0.0,0.0,1024.0,4.0,34812.0,0.0,1.0,LED,Yes,DDR4,intel,low,HP,Windows,intel,low,low
3638,1.85,141.0,2.3,2133.0,120.0,0.0,0.0,1024.0,4.0,28490.0,0.0,1.0,LED,No,DDR4,intel,low,Lenovo,Windows,intel,low,low
3639,1.77,141.0,1.6,2400.0,120.0,2.0,0.0,1024.0,8.0,55490.0,0.0,1.0,LED,No,DDR4,nvidia,low,HP,Windows,intel,mid,low
3640,1.2,157.0,2.8,3200.0,120.0,0.0,512.0,0.0,8.0,60990.0,1.0,1.0,LED,No,LPDDR4X,intel,mid,Acer,Windows,intel,mid,low
3641,2.5,141.0,3.3,3200.0,144.0,4.0,512.0,0.0,8.0,64990.0,1.0,0.0,LED,No,DDR5,nvidia,mid,Acer,Windows,amd,mid,high
3642,2.1,100.0,1.6,1600.0,120.0,0.0,0.0,500.0,4.0,29990.0,0.0,1.0,LED,No,DDR3,intel,low,Asus,DOS,intel,low,low
3643,1.6,157.0,3.0,3200.0,120.0,4.0,512.0,0.0,8.0,80990.0,0.0,1.0,LED,No,DDR4,nvidia,low,Asus,Windows,amd,mid,high
3644,2.2,141.0,2.7,2133.0,120.0,2.0,0.0,1024.0,8.0,51990.0,0.0,1.0,LED,No,DDR4,nvidia,low,Asus,DOS,intel,high,low
3645,2.1,100.0,2.1,1333.0,120.0,0.0,0.0,500.0,4.0,19994.0,0.0,1.0,LED,No,DDR3,intel,low,Lenovo,Windows,intel,low,low
3646,1.68,141.0,2.0,2400.0,120.0,0.0,0.0,1024.0,4.0,26990.0,0.0,1.0,LED,No,DDR4,intel,low,Asus,Windows,intel,low,low
3647,2.1,100.0,3.1,1866.0,120.0,0.0,0.0,1024.0,4.0,21990.0,0.0,1.0,LED,No,DDR4,amd,low,Lenovo,Windows,amd,low,low
3648,2.37,137.0,4.8,5600.0,165.0,8.0,1024.0,0.0,16.0,113990.0,0.0,0.0,LED,No,DDR5,nvidia,mid,HP,Windows,amd,high,high
3649,1.8,141.0,2.1,3200.0,120.0,0.0,0.0,1024.0,8.0,45990.0,1.0,1.0,LED,No,DDR4,amd,low,Asus,Windows,amd,mid,low
3650,1.7,141.0,2.0,3200.0,120.0,0.0,512.0,0.0,16.0,44990.0,0.0,1.0,LED,No,DDR4,amd,low,Lenovo,Windows,amd,mid,low
3651,2.2,141.0,1.8,2400.0,120.0,4.0,0.0,1024.0,8.0,53990.0,0.0,1.0,LED,No,DDR4,nvidia,low,Lenovo,Windows,intel,mid,high
3652,1.68,141.0,2.3,2400.0,120.0,0.0,0.0,1024.0,8.0,31490.0,0.0,1.0,LED,No,DDR4,intel,low,Asus,Windows,intel,low,low
3653,1.8,141.0,1.1,3200.0,120.0,0.0,0.0,1024.0,4.0,27889.0,1.0,1.0,LED,No,DDR4,intel,low,Asus,Windows,intel,low,low
3654,1.46,112.0,1.4,1600.0,120.0,0.0,32.0,0.0,4.0,13999.0,0.0,1.0,LED,No,DDR3,intel,low,Other,Windows,intel,low,low
3655,1.19,166.0,4.2,3200.0,120.0,0.0,512.0,0.0,8.0,62994.0,1.0,1.0,LED,No,DDR4,intel,mid,Acer,Windows,intel,mid,low
3656,2.3,100.0,1.8,1600.0,120.0,2.0,0.0,500.0,4.0,38390.0,0.0,1.0,LED,No,DDR3,amd,low,HP,Windows,intel,low,low
3657,2.18,141.0,2.4,2133.0,120.0,2.0,0.0,1024.0,8.0,40172.0,0.0,1.0,LED,No,DDR4,nvidia,low,HP,Windows,intel,low,low
3658,1.8,141.0,1.6,2400.0,120.0,2.0,1024.0,0.0,8.0,79990.0,0.0,1.0,LED,No,DDR4,nvidia,low,Lenovo,Windows,intel,mid,low
3659,1.47,112.0,2.6,2400.0,120.0,0.0,512.0,0.0,8.0,25479.0,0.0,1.0,LED,No,DDR4,amd,low,HP,DOS,amd,low,low
3661,1.85,141.0,1.6,3200.0,120.0,0.0,0.0,1024.0,8.0,38990.0,1.0,1.0,LED,No,DDR4,intel,low,Lenovo,DOS,intel,mid,low
3662,1.5,162.0,3.3,3200.0,120.0,0.0,512.0,0.0,8.0,92990.0,1.0,1.0,LED,Yes,DDR4,intel,mid,Asus,Windows,intel,mid,high
3663,1.64,157.0,4.2,2666.0,120.0,0.0,0.0,1024.0,8.0,51990.0,0.0,1.0,LED,No,DDR4,intel,mid,Dell,Windows,intel,mid,low
3664,1.7,141.0,1.6,2666.0,120.0,2.0,512.0,0.0,8.0,50490.0,0.0,1.0,LED,No,DDR4,nvidia,low,Lenovo,Windows,intel,mid,low
3665,1.7,141.0,2.8,3200.0,120.0,0.0,256.0,0.0,4.0,29999.0,1.0,1.0,LED,No,DDR4,intel,low,Acer,Windows,intel,low,low
3667,1.52,112.0,2.4,2133.0,120.0,0.0,256.0,0.0,4.0,25490.0,0.0,1.0,LED,No,DDR4,intel,low,HP,DOS,intel,low,low
3668,2.31,137.0,4.8,5600.0,144.0,6.0,512.0,0.0,16.0,81900.0,0.0,0.0,LED,No,DDR5,nvidia,mid,HP,Windows,amd,high,high
3669,2.7,141.0,2.3,5200.0,120.0,4.0,256.0,1024.0,8.0,56990.0,0.0,1.0,LED,No,DDR4,nvidia,low,Acer,Windows,intel,mid,high
3670,1.77,100.0,1.1,2400.0,120.0,0.0,0.0,1024.0,4.0,22497.0,0.0,1.0,LED,No,DDR4,intel,low,HP,Windows,intel,low,low
3671,1.0,220.0,1.9,3200.0,120.0,0.0,128.0,0.0,8.0,57999.0,1.0,1.0,LED,Yes,LPDDR3,intel,mid,Other,Windows,intel,low,low
3672,1.4,157.0,2.4,3200.0,120.0,0.0,512.0,0.0,8.0,63051.0,1.0,1.0,LED,No,DDR4,intel,mid,Lenovo,Windows,intel,mid,low
3673,1.9,141.0,2.4,2400.0,120.0,2.0,0.0,1024.0,4.0,36535.0,0.0,1.0,LED,No,DDR4,nvidia,low,Asus,Windows,intel,low,low
3674,2.5,141.0,4.7,3200.0,144.0,4.0,512.0,0.0,8.0,79999.0,1.0,0.0,LED,No,DDR4,nvidia,mid,Acer,Windows,intel,mid,high
3675,1.39,135.0,2.2,2400.0,120.0,0.0,0.0,1024.0,4.0,45980.0,0.0,1.0,LED,Yes,DDR4,intel,low,HP,Windows,intel,low,low
3676,1.54,157.0,1.6,2400.0,120.0,0.0,0.0,1024.0,8.0,51990.0,0.0,1.0,LED,No,DDR4,intel,low,HP,Windows,intel,mid,low
3677,2.4,141.0,2.3,2400.0,120.0,2.0,0.0,1024.0,4.0,35499.0,0.0,1.0,LED,No,DDR4,amd,low,Dell,Windows,intel,low,low
3678,2.35,137.0,2.5,2933.0,120.0,4.0,256.0,1024.0,8.0,97990.0,0.0,1.0,LED,No,DDR4,nvidia,low,HP,Windows,intel,mid,high
3680,1.8,141.0,4.2,3200.0,60.0,0.0,512.0,0.0,16.0,68390.0,0.0,0.0,LED,No,DDR4,intel,mid,Asus,Windows,intel,mid,high
3681,1.75,157.0,2.2,2133.0,120.0,0.0,0.0,1024.0,4.0,43483.0,0.0,1.0,LED,No,DDR4,intel,low,Lenovo,Windows,intel,low,low
3682,1.4,157.0,2.3,3200.0,120.0,0.0,512.0,0.0,8.0,68990.0,1.0,1.0,LED,No,DDR4,amd,low,Asus,Windows,amd,high,low
3683,1.5,141.0,2.4,2133.0,120.0,0.0,0.0,1024.0,4.0,32980.0,0.0,1.0,LED,No,DDR4,intel,low,Asus,Windows,intel,low,low
3684,1.8,100.0,1.1,3200.0,120.0,0.0,0.0,1024.0,4.0,24145.0,1.0,1.0,LED,No,DDR4,intel,low,Asus,Windows,intel,low,low
3685,1.8,141.0,1.2,2667.0,120.0,0.0,0.0,1024.0,8.0,43990.0,0.0,1.0,LED,No,DDR4,intel,low,Lenovo,Windows,intel,low,low
3686,1.77,141.0,2.3,2133.0,120.0,0.0,0.0,1024.0,4.0,29700.0,0.0,1.0,LED,No,DDR4,intel,low,HP,Windows,intel,low,low
3687,1.75,141.0,1.7,3200.0,120.0,0.0,256.0,1024.0,8.0,35390.0,0.0,1.0,LED,No,DDR4,intel,low,HP,Windows,intel,low,low
3688,2.2,141.0,2.3,2666.0,120.0,4.0,256.0,1024.0,8.0,49990.0,0.0,1.0,LED,No,DDR4,nvidia,low,Asus,Windows,intel,mid,high
3689,2.35,137.0,2.5,2933.0,120.0,4.0,0.0,1024.0,8.0,76390.0,0.0,1.0,LED,No,DDR4,nvidia,low,HP,Windows,intel,mid,high
3690,1.8,141.0,1.2,3200.0,120.0,0.0,256.0,0.0,8.0,36999.0,1.0,1.0,LED,No,DDR4,intel,low,Dell,Windows,intel,low,low
3691,1.6,157.0,2.2,2133.0,120.0,0.0,64.0,0.0,8.0,42990.0,0.0,1.0,LED,Yes,DDR4,intel,low,HP,Google Chrome,intel,low,low
3692,1.2,331.0,2.8,3200.0,120.0,0.0,1024.0,0.0,16.0,98200.0,1.0,1.0,LED,Yes,LPDDR4X,intel,mid,Asus,Windows,intel,high,low
3693,1.85,141.0,2.3,2133.0,120.0,0.0,0.0,1024.0,4.0,31000.0,0.0,1.0,LED,No,DDR4,intel,low,Lenovo,Windows,intel,low,low
3694,1.5,141.0,2.8,3200.0,120.0,0.0,512.0,0.0,16.0,65990.0,1.0,1.0,LED,No,DDR4,intel,mid,Asus,Windows,intel,mid,high
3695,1.5,157.0,3.0,2666.0,120.0,0.0,256.0,0.0,8.0,37990.0,0.0,1.0,LED,No,DDR4,intel,low,Lenovo,Windows,intel,low,low
3697,2.57,141.0,2.6,2666.0,120.0,6.0,256.0,1024.0,16.0,121490.0,0.0,1.0,LED,No,DDR4,nvidia,mid,Asus,Windows,intel,high,high
3699,2.5,142.0,4.6,4800.0,165.0,6.0,512.0,0.0,16.0,91990.0,0.0,0.0,LED,No,DDR5,nvidia,mid,Asus,Windows,intel,mid,high
3700,1.86,100.0,2.5,2133.0,120.0,2.0,0.0,1024.0,4.0,36740.0,0.0,1.0,LED,No,DDR4,amd,low,HP,DOS,intel,mid,low
3702,1.65,141.0,4.2,3200.0,60.0,4.0,1024.0,0.0,16.0,69665.0,1.0,0.0,OLED,No,DDR4,nvidia,mid,Asus,Windows,amd,high,high
3703,1.7,112.0,2.3,2133.0,120.0,0.0,0.0,1024.0,4.0,23500.0,0.0,1.0,LED,No,DDR4,intel,low,Lenovo,DOS,intel,low,low
3705,2.2,141.0,2.5,2133.0,120.0,2.0,0.0,1024.0,4.0,45000.0,0.0,1.0,LED,No,DDR4,nvidia,low,Asus,Windows,intel,mid,low
3706,1.8,141.0,3.0,3200.0,120.0,0.0,256.0,0.0,8.0,40990.0,0.0,1.0,LED,No,DDR4,intel,low,Asus,Windows,intel,low,low
3707,1.6,157.0,1.2,2666.0,120.0,0.0,256.0,0.0,4.0,31500.0,0.0,1.0,LED,No,DDR4,intel,low,Lenovo,Windows,intel,low,low
3708,3.4,127.0,2.5,2133.0,120.0,2.0,0.0,1024.0,12.0,175146.0,0.0,1.0,LED,No,DDR4,nvidia,low,Asus,Windows,intel,high,high
3709,0.77,266.0,2.8,3200.0,120.0,0.0,128.0,0.0,8.0,65000.0,1.0,1.0,LED,Yes,LPDDR4X,qualcomm,low,Other,Windows,qualcomm,low,low
3710,2.1,100.0,2.0,1600.0,120.0,0.0,0.0,1024.0,4.0,25990.0,0.0,1.0,LED,No,DDR3,intel,low,Acer,Windows,intel,low,low
3711,1.86,141.0,1.8,1866.0,120.0,2.0,0.0,2048.0,4.0,39978.0,0.0,1.0,LED,No,DDR4,amd,low,HP,Windows,amd,low,mid
3712,2.02,141.0,1.0,2666.0,120.0,0.0,512.0,0.0,8.0,56962.0,0.0,1.0,LED,No,DDR4,intel,low,Dell,Windows,intel,mid,low
3713,1.85,141.0,2.3,2133.0,120.0,0.0,0.0,1024.0,4.0,27900.0,0.0,1.0,LED,No,DDR4,intel,low,Lenovo,Windows,intel,low,low
3714,2.4,141.0,2.4,2133.0,120.0,0.0,0.0,1024.0,4.0,33500.0,0.0,1.0,LED,No,DDR4,intel,low,Lenovo,Windows,intel,low,low
3715,2.4,141.0,3.3,3200.0,120.0,8.0,256.0,1024.0,16.0,129990.0,1.0,1.0,LED,No,DDR4,nvidia,high,Acer,Windows,amd,high,high
3716,1.6,157.0,1.2,2666.0,120.0,0.0,0.0,1024.0,8.0,42990.0,0.0,1.0,LED,No,DDR4,intel,low,Lenovo,Windows,intel,low,low
3717,2.0,112.0,2.3,3200.0,120.0,0.0,0.0,1024.0,4.0,21999.0,1.0,1.0,LED,No,DDR4,amd,low,HP,DOS,amd,low,low
3718,1.85,141.0,2.3,2133.0,120.0,0.0,0.0,1024.0,4.0,21990.0,0.0,1.0,LED,No,DDR4,intel,low,Lenovo,DOS,intel,low,low
3719,1.4,157.0,2.1,2666.0,60.0,0.0,512.0,0.0,4.0,25999.0,0.0,0.0,LED,No,DDR4,intel,low,Asus,Windows,intel,low,low
3720,1.6,157.0,2.1,3200.0,120.0,0.0,0.0,1024.0,8.0,42990.0,1.0,1.0,LED,No,DDR4,amd,low,Asus,Windows,amd,mid,low
3721,2.2,100.0,2.3,2400.0,120.0,2.0,0.0,1024.0,4.0,25990.0,0.0,1.0,LED,No,DDR4,nvidia,low,Acer,Windows,intel,low,low
3722,2.13,141.0,1.6,2400.0,120.0,0.0,0.0,1024.0,4.0,49500.0,0.0,1.0,LED,No,DDR4,intel,low,Dell,Windows,intel,mid,low
3723,1.98,141.0,2.1,2400.0,120.0,4.0,256.0,1024.0,8.0,64690.0,0.0,1.0,LED,No,DDR4,nvidia,low,HP,Windows,amd,mid,high
3724,1.45,243.0,4.7,3200.0,90.0,4.0,1024.0,0.0,16.0,107990.0,0.0,0.0,OLED,No,DDR4,nvidia,mid,Asus,Windows,amd,high,high
3725,1.45,157.0,4.2,2666.0,60.0,0.0,512.0,0.0,8.0,49990.0,0.0,0.0,LED,No,DDR4,intel,mid,Acer,Windows,intel,mid,low
3726,1.7,147.0,2.4,3200.0,120.0,0.0,256.0,1024.0,8.0,58990.0,1.0,1.0,LED,No,DDR4,intel,low,Lenovo,Windows,intel,mid,low
3727,1.75,112.0,2.3,2133.0,120.0,0.0,0.0,1024.0,4.0,24300.0,0.0,1.0,LED,No,DDR4,intel,low,Asus,Windows,intel,low,low
3728,1.78,100.0,1.0,2666.0,120.0,0.0,0.0,1024.0,8.0,48490.0,0.0,1.0,LED,No,DDR4,intel,low,HP,Windows,intel,mid,low
3729,2.3,141.0,2.3,3200.0,120.0,3.0,256.0,1024.0,8.0,58990.0,1.0,1.0,LED,No,DDR4,nvidia,low,Acer,Windows,intel,mid,high
3730,1.0,141.0,2.8,3200.0,120.0,0.0,256.0,0.0,4.0,34990.0,1.0,1.0,LED,No,DDR4,intel,low,Acer,Windows,intel,low,low
3731,1.68,141.0,1.6,2400.0,120.0,2.0,256.0,0.0,8.0,48990.0,0.0,1.0,LED,No,DDR4,nvidia,low,Asus,Windows,intel,mid,low
3732,1.6,141.0,4.2,3200.0,120.0,0.0,512.0,0.0,8.0,63993.0,1.0,1.0,LED,No,DDR4,intel,mid,Acer,Windows,intel,mid,low
3733,2.2,100.0,1.1,2133.0,120.0,0.0,0.0,1024.0,4.0,21990.0,0.0,1.0,LED,No,DDR4,amd,low,Lenovo,Windows,amd,low,low
3734,1.77,141.0,2.0,1866.0,120.0,0.0,0.0,1024.0,8.0,43990.0,0.0,1.0,LED,No,DDR4,amd,low,HP,Windows,amd,mid,low
3736,2.18,141.0,1.6,2400.0,120.0,0.0,0.0,1024.0,4.0,46183.0,0.0,1.0,LED,No,DDR4,intel,low,HP,Windows,intel,mid,low
3737,1.45,157.0,4.2,3200.0,120.0,0.0,512.0,0.0,8.0,54990.0,1.0,1.0,LED,No,DDR4,intel,mid,Acer,Windows,intel,mid,low
3738,1.5,112.0,3.1,3200.0,120.0,0.0,0.0,0.0,4.0,68471.0,1.0,1.0,LED,Yes,DDR4,intel,low,Asus,Windows,intel,low,low
3739,2.5,141.0,3.0,2666.0,120.0,6.0,512.0,0.0,8.0,89990.0,0.0,1.0,LED,No,DDR4,amd,mid,Dell,Windows,amd,mid,high
3740,2.14,141.0,2.6,2933.0,120.0,6.0,1024.0,0.0,16.0,128190.0,0.0,1.0,LED,No,DDR4,nvidia,mid,HP,Windows,intel,high,high
3741,1.7,141.0,4.2,2400.0,120.0,0.0,512.0,0.0,8.0,49990.0,0.0,1.0,LED,No,DDR4,intel,mid,Acer,Windows,intel,mid,low
3742,2.25,141.0,3.3,3200.0,120.0,4.0,512.0,0.0,16.0,80990.0,1.0,0.0,LED,No,DDR4,nvidia,mid,Lenovo,Windows,amd,high,high
3743,1.9,100.0,1.7,1600.0,120.0,0.0,0.0,1024.0,4.0,24999.0,0.0,1.0,LED,No,DDR3,intel,low,Asus,DOS,intel,low,low
3744,1.5,157.0,2.1,2666.0,120.0,0.0,0.0,1.0,4.0,38999.0,0.0,1.0,LED,No,DDR4,intel,low,Lenovo,DOS,intel,low,low
3745,1.54,157.0,1.6,2400.0,120.0,0.0,256.0,0.0,8.0,69390.0,0.0,1.0,LED,No,DDR4,intel,low,HP,Windows,intel,mid,low
3746,1.74,100.0,4.0,2666.0,120.0,0.0,256.0,0.0,4.0,38792.0,0.0,1.0,LED,No,DDR4,intel,low,HP,DOS,intel,low,low
3747,1.5,157.0,4.2,3200.0,120.0,4.0,512.0,0.0,8.0,68500.0,1.0,1.0,LED,Yes,LPDDR4X,intel,mid,Asus,Windows,intel,mid,low
3748,1.75,112.0,2.3,2133.0,120.0,0.0,0.0,1024.0,4.0,21999.0,0.0,1.0,LED,No,DDR4,intel,low,Lenovo,DOS,intel,low,low
3749,1.7,100.0,2.3,2133.0,120.0,0.0,0.0,1024.0,4.0,30990.0,0.0,1.0,LED,No,DDR4,intel,low,HP,Windows,intel,low,low
3750,1.65,157.0,2.1,2400.0,120.0,0.0,1024.0,0.0,8.0,54990.0,0.0,1.0,LED,Yes,DDR4,amd,low,Lenovo,Windows,amd,mid,low
3751,1.68,141.0,2.0,2400.0,120.0,0.0,0.0,1024.0,8.0,29990.0,0.0,1.0,LED,No,DDR4,intel,low,Asus,Windows,intel,low,low
3752,1.69,157.0,1.6,3200.0,120.0,0.0,512.0,0.0,8.0,67999.0,1.0,1.0,LED,No,DDR4,intel,low,Lenovo,Windows,intel,mid,low
3753,1.85,141.0,1.0,2666.0,120.0,0.0,256.0,1024.0,8.0,62000.0,0.0,1.0,LED,No,DDR4,intel,low,Lenovo,Windows,intel,mid,low
3754,1.75,141.0,1.1,2400.0,120.0,2.0,512.0,0.0,8.0,65990.0,0.0,1.0,LED,No,DDR4,nvidia,low,Asus,Windows,intel,high,low
3755,2.3,141.0,2.8,2133.0,120.0,4.0,0.0,1024.0,16.0,84990.0,0.0,1.0,LED,No,DDR4,nvidia,low,MSI,DOS,intel,high,high
3756,1.7,141.0,4.2,3200.0,60.0,0.0,512.0,0.0,16.0,43990.0,1.0,0.0,LED,No,DDR4,amd,low,MSI,Windows,amd,mid,low
3757,1.4,157.0,2.0,3200.0,60.0,0.0,512.0,0.0,8.0,32490.0,1.0,0.0,LED,No,DDR4,intel,low,Asus,Windows,intel,low,low
3758,1.7,141.0,1.6,2400.0,120.0,2.0,512.0,0.0,8.0,55990.0,0.0,1.0,LED,No,DDR4,nvidia,low,Asus,Windows,intel,mid,low
3759,1.75,112.0,1.1,3200.0,120.0,0.0,256.0,0.0,8.0,34780.0,1.0,1.0,LED,No,DDR4,intel,low,Acer,Windows,intel,low,low
3760,1.88,142.0,2.0,3200.0,60.0,0.0,512.0,0.0,16.0,54990.0,1.0,0.0,LED,No,DDR4,amd,low,Asus,Windows,amd,high,low
3761,1.77,142.0,3.3,3200.0,60.0,0.0,512.0,0.0,8.0,49190.0,0.0,0.0,LED,No,DDR4,intel,low,Lenovo,Windows,intel,low,low
3762,2.1,100.0,3.1,2400.0,120.0,2.0,0.0,1024.0,4.0,65990.0,0.0,1.0,LED,No,DDR4,amd,low,Lenovo,Windows,amd,low,low
3763,1.53,267.0,1.9,1866.0,120.0,2.0,1024.0,0.0,16.0,250000.0,0.0,1.0,LED,Yes,LPDDR3,nvidia,low,Other,Windows,intel,high,low
3764,2.04,100.0,1.8,2400.0,120.0,0.0,0.0,1024.0,4.0,23990.0,0.0,1.0,LED,No,DDR4,amd,low,Dell,Windows,amd,low,low
3765,2.2,141.0,2.3,3200.0,120.0,2.0,0.0,1024.0,8.0,36990.0,1.0,1.0,LED,No,DDR5,amd,low,Lenovo,Windows,intel,low,low
3766,1.7,141.0,3.0,3200.0,120.0,0.0,256.0,0.0,8.0,55999.0,1.0,1.0,LED,No,DDR4,intel,low,Lenovo,Windows,intel,low,low
3767,1.7,141.0,1.2,3200.0,60.0,0.0,512.0,0.0,8.0,35900.0,0.0,0.0,LED,No,DDR4,intel,low,Asus,Windows,intel,low,low
3768,2.2,100.0,1.6,2133.0,120.0,0.0,0.0,1024.0,4.0,39591.0,0.0,1.0,LED,No,DDR4,intel,low,Lenovo,Windows,intel,mid,low
3770,2.2,141.0,1.2,2666.0,120.0,0.0,0.0,1024.0,4.0,39990.0,0.0,1.0,LED,No,DDR4,intel,low,Dell,Windows,intel,low,low
3771,1.21,157.0,3.0,3200.0,120.0,0.0,256.0,0.0,8.0,23990.0,1.0,1.0,LED,No,DDR4,amd,low,Other,Windows,amd,low,low
3772,1.6,157.0,2.5,1600.0,120.0,2.0,0.0,1024.0,4.0,53000.0,0.0,1.0,LED,No,DDR3,nvidia,low,Lenovo,Windows,intel,mid,low
3773,2.2,100.0,2.4,1600.0,120.0,2.0,0.0,1024.0,4.0,32900.0,0.0,1.0,LED,No,DDR3,amd,low,Acer,Windows,amd,low,mid
3774,1.9,141.0,1.0,3200.0,120.0,0.0,0.0,1024.0,8.0,48990.0,1.0,1.0,LED,No,DDR4,intel,low,Asus,Windows,intel,mid,low
3775,1.39,243.0,5.0,3200.0,90.0,0.0,512.0,0.0,16.0,84990.0,1.0,0.0,OLED,No,LPDDR5,intel,mid,Asus,Windows,intel,high,mid
3776,1.8,142.0,4.7,3200.0,120.0,4.0,512.0,0.0,16.0,69990.0,0.0,0.0,LED,No,DDR4,nvidia,mid,Asus,Windows,intel,mid,high
3777,2.2,100.0,3.1,2133.0,120.0,0.0,0.0,1024.0,4.0,23990.0,0.0,1.0,LED,No,DDR4,amd,low,Lenovo,Windows,amd,low,low
3778,1.45,112.0,2.0,3200.0,120.0,0.0,256.0,0.0,4.0,37990.0,1.0,1.0,LED,No,DDR4,intel,low,Acer,Windows,intel,low,low
3779,1.9,112.0,1.7,1600.0,120.0,0.0,0.0,500.0,4.0,49900.0,0.0,1.0,LED,No,DDR3,intel,low,HP,Windows,intel,low,low
3780,2.73,100.0,2.3,2133.0,120.0,0.0,0.0,1024.0,4.0,23990.0,0.0,1.0,LED,No,DDR4,intel,low,Lenovo,DOS,intel,low,low
3781,1.8,105.0,2.3,3200.0,120.0,0.0,0.0,1024.0,4.0,18990.0,1.0,1.0,LED,No,DDR4,amd,low,Lenovo,DOS,amd,low,low
3782,1.59,157.0,4.2,3200.0,120.0,0.0,512.0,0.0,16.0,65900.0,0.0,1.0,LED,No,DDR4,intel,mid,Lenovo,Windows,intel,mid,low
3783,1.6,157.0,2.1,2400.0,120.0,0.0,0.0,1024.0,8.0,24304.0,0.0,1.0,LED,No,DDR4,intel,low,Asus,Windows,intel,low,low
3784,1.77,141.0,1.6,2400.0,120.0,0.0,0.0,1024.0,4.0,44400.0,0.0,1.0,LED,No,DDR4,intel,low,HP,Windows,intel,mid,low
3785,1.9,141.0,2.6,3200.0,120.0,0.0,256.0,0.0,4.0,35096.0,1.0,1.0,LED,No,LPDDR4,amd,low,Acer,Windows,amd,low,low
3786,1.59,112.0,2.4,2400.0,120.0,0.0,0.0,1024.0,4.0,21990.0,0.0,1.0,LED,No,DDR4,amd,low,Lenovo,DOS,amd,low,low
3787,2.5,141.0,2.8,3200.0,120.0,0.0,512.0,0.0,8.0,35990.0,1.0,1.0,LED,No,DDR4,intel,low,Dell,Windows,intel,low,low
3788,1.98,141.0,4.2,3200.0,144.0,6.0,512.0,0.0,16.0,101221.0,1.0,0.0,LED,No,DDR5,nvidia,mid,MSI,Windows,intel,mid,high
3789,2.0,141.0,2.5,2133.0,120.0,4.0,0.0,1024.0,8.0,76608.0,0.0,1.0,LED,No,DDR4,nvidia,low,HP,Windows,intel,high,low
3790,2.3,141.0,3.0,3200.0,144.0,4.0,512.0,1024.0,8.0,74990.0,0.0,0.0,LED,No,DDR4,nvidia,low,Asus,Windows,amd,mid,high
3792,1.41,165.0,1.9,3200.0,60.0,4.0,512.0,0.0,16.0,81500.0,0.0,0.0,LED,No,DDR4,nvidia,low,Lenovo,Windows,amd,high,high
3793,2.1,100.0,2.6,3200.0,120.0,0.0,0.0,1024.0,4.0,27000.0,1.0,1.0,LED,No,DDR4,amd,low,Lenovo,Windows,amd,low,low
3794,2.2,100.0,1.8,1600.0,120.0,0.0,0.0,1024.0,4.0,19990.0,0.0,1.0,LED,No,DDR4,intel,low,Lenovo,Windows,intel,low,low
3795,2.0,100.0,1.1,1600.0,120.0,0.0,0.0,1024.0,4.0,20990.0,0.0,1.0,LED,No,DDR3,intel,low,Asus,Windows,intel,low,low
3796,2.0,141.0,3.1,3200.0,144.0,4.0,512.0,0.0,16.0,99000.0,0.0,0.0,LED,No,DDR4,nvidia,mid,Asus,Windows,intel,mid,high
3797,2.5,141.0,2.2,2400.0,120.0,8.0,256.0,1024.0,16.0,149900.0,0.0,1.0,LED,No,DDR4,nvidia,high,MSI,Windows,intel,high,high
3798,2.19,100.0,2.3,2133.0,120.0,2.0,0.0,1024.0,4.0,44302.0,0.0,1.0,LED,No,DDR4,amd,low,HP,Windows,intel,mid,low
3799,1.6,112.0,1.2,2666.0,120.0,0.0,0.0,1024.0,4.0,29990.0,0.0,1.0,LED,No,DDR4,intel,low,Lenovo,DOS,intel,low,low
3801,2.51,141.0,3.1,3200.0,165.0,6.0,512.0,0.0,16.0,104090.0,1.0,0.0,LED,No,DDR5,nvidia,mid,Dell,Windows,amd,high,high
3802,2.5,189.0,5.8,4800.0,240.0,8.0,1024.0,0.0,16.0,149990.0,0.0,0.0,LED,No,DDR5,nvidia,mid,Asus,Windows,intel,high,high
3803,1.4,157.0,2.0,3200.0,120.0,0.0,512.0,0.0,8.0,69990.0,0.0,1.0,LED,No,DDR4,amd,low,Asus,Windows,amd,high,low
3804,1.8,141.0,2.5,3200.0,60.0,0.0,512.0,0.0,8.0,53990.0,1.0,0.0,LCD,No,DDR4,intel,mid,Acer,Windows,intel,mid,low
3805,1.6,141.0,4.6,3200.0,60.0,0.0,512.0,0.0,16.0,50990.0,0.0,0.0,LED,No,DDR4,intel,mid,Asus,Windows,intel,mid,low
3806,1.7,141.0,3.0,3200.0,120.0,0.0,256.0,0.0,4.0,44990.0,1.0,1.0,LED,No,DDR4,intel,low,Lenovo,Windows,intel,low,low
3807,1.8,100.0,2.6,3200.0,120.0,0.0,0.0,1024.0,4.0,30990.0,1.0,1.0,LED,No,DDR4,amd,low,Lenovo,Windows,amd,low,low
3808,1.2,157.0,4.2,3200.0,120.0,4.0,512.0,0.0,16.0,64999.0,1.0,1.0,LED,No,DDR4,intel,mid,Acer,Windows,intel,mid,low
3810,1.85,141.0,2.4,3200.0,120.0,2.0,256.0,1024.0,8.0,66255.0,0.0,1.0,LED,No,DDR4,nvidia,mid,Dell,Windows,intel,mid,low
3811,1.6,141.0,2.4,3200.0,120.0,2.0,512.0,0.0,16.0,70990.0,1.0,1.0,LED,No,DDR4,nvidia,mid,Lenovo,Windows,intel,mid,low
3812,1.68,100.0,1.1,2400.0,120.0,0.0,0.0,1024.0,4.0,23990.0,0.0,1.0,LED,No,DDR4,intel,low,Asus,Windows,intel,low,low
3813,1.52,157.0,4.8,3200.0,120.0,0.0,512.0,0.0,16.0,59500.0,0.0,1.0,LED,Yes,DDR4,intel,mid,HP,Windows,intel,high,low
3814,1.6,243.0,1.2,3200.0,60.0,0.0,512.0,0.0,8.0,54990.0,0.0,0.0,OLED,No,DDR4,intel,low,Asus,Windows,intel,low,low
3815,2.24,141.0,4.0,3200.0,120.0,2.0,512.0,0.0,8.0,76587.0,1.0,1.0,LED,No,DDR4,nvidia,mid,Asus,Windows,intel,high,low
3816,1.29,157.0,1.6,3200.0,120.0,2.0,512.0,0.0,8.0,79990.0,1.0,1.0,LED,No,DDR4,nvidia,low,MSI,Windows,intel,mid,low
3817,2.2,141.0,2.3,2400.0,120.0,4.0,16.0,1024.0,8.0,54990.0,0.0,1.0,LED,No,DDR4,nvidia,low,Lenovo,Windows,intel,mid,high
3818,2.3,141.0,2.3,3200.0,144.0,4.0,1024.0,0.0,8.0,92990.0,0.0,0.0,LED,No,DDR4,nvidia,mid,Asus,Windows,intel,high,high
3819,1.8,142.0,4.2,3200.0,120.0,4.0,512.0,0.0,8.0,66990.0,1.0,0.0,OLED,No,DDR4,nvidia,low,Asus,Windows,intel,mid,high
3820,1.9,141.0,2.4,3200.0,120.0,2.0,0.0,1024.0,4.0,34990.0,1.0,1.0,LED,No,DDR4,nvidia,low,Asus,Windows,intel,low,low
3821,1.8,138.0,2.0,3200.0,120.0,4.0,512.0,0.0,16.0,64990.0,1.0,0.0,LED,No,DDR4,nvidia,low,Asus,Windows,intel,mid,high
3823,1.7,147.0,2.4,3200.0,120.0,0.0,512.0,0.0,8.0,59990.0,1.0,1.0,LED,No,DDR4,intel,low,Lenovo,Windows,intel,mid,low
3824,1.99,142.0,4.4,5200.0,120.0,6.0,512.0,0.0,16.0,53990.0,0.0,0.0,LED,No,LPDDR5X,nvidia,mid,Other,Windows,intel,mid,high
3825,2.2,112.0,3.0,3200.0,120.0,0.0,0.0,1024.0,4.0,24990.0,1.0,1.0,LED,No,DDR4,amd,low,Lenovo,DOS,amd,low,low
3826,1.57,162.0,3.3,3200.0,120.0,0.0,0.0,0.0,8.0,74990.0,0.0,1.0,LED,Yes,DDR4,intel,mid,Dell,Windows,intel,mid,low
3827,1.75,141.0,2.4,3198.0,120.0,0.0,1024.0,0.0,8.0,53490.0,0.0,1.0,LED,No,DDR4,intel,mid,Asus,Windows,intel,mid,low
3828,1.7,141.0,4.6,3200.0,60.0,0.0,512.0,0.0,8.0,43990.0,1.0,0.0,LED,No,DDR4,intel,mid,MSI,Windows,intel,mid,low
3829,1.85,141.0,1.7,3200.0,120.0,0.0,512.0,0.0,16.0,81990.0,0.0,1.0,LED,No,DDR4,intel,mid,Lenovo,Windows,intel,high,low
3830,1.4,162.0,2.0,3200.0,120.0,0.0,512.0,0.0,16.0,62099.0,0.0,1.0,LED,No,DDR4,amd,low,Lenovo,Windows,amd,high,low
3831,1.7,141.0,2.8,3200.0,120.0,0.0,1024.0,0.0,16.0,79449.0,1.0,1.0,LED,No,DDR4,intel,mid,Lenovo,Windows,intel,mid,low
3832,1.99,142.0,2.4,6400.0,120.0,8.0,1024.0,0.0,32.0,109990.0,0.0,0.0,LED,No,LPDDR5X,nvidia,mid,Other,Windows,intel,high,high
3834,2.28,141.0,1.6,2133.0,120.0,2.0,0.0,1024.0,8.0,50990.0,0.0,1.0,LED,No,DDR4,amd,low,Dell,Windows,intel,mid,low
3835,1.9,112.0,1.2,3200.0,120.0,0.0,256.0,0.0,8.0,21000.0,1.0,1.0,LED,No,DDR4,amd,low,Acer,Windows,amd,low,low
3836,1.39,243.0,1.7,3200.0,90.0,0.0,512.0,0.0,16.0,72732.0,1.0,0.0,OLED,No,LPDDR5,intel,mid,Asus,Windows,intel,mid,mid
3837,1.59,157.0,2.1,2666.0,120.0,0.0,256.0,1024.0,4.0,57823.0,0.0,1.0,LED,Yes,DDR4,intel,low,HP,Windows,intel,low,low
3838,1.8,141.0,1.2,2666.0,120.0,0.0,256.0,1024.0,8.0,45990.0,0.0,1.0,LED,No,DDR4,intel,low,Dell,Windows,intel,low,low
3839,2.25,141.0,4.7,3200.0,144.0,4.0,512.0,0.0,16.0,92359.0,0.0,0.0,LED,No,DDR4,nvidia,mid,MSI,Windows,intel,mid,high
3841,2.36,141.0,2.6,2933.0,144.0,4.0,1024.0,0.0,16.0,114990.0,0.0,0.0,LED,No,DDR4,nvidia,mid,HP,Windows,intel,high,high
3842,1.75,141.0,1.6,2400.0,120.0,2.0,512.0,0.0,8.0,81772.0,0.0,1.0,LED,No,DDR4,nvidia,low,Asus,Windows,intel,mid,low
3843,1.05,157.0,2.8,3200.0,120.0,0.0,1024.0,0.0,16.0,72999.0,1.0,1.0,LED,No,DDR4,intel,mid,Acer,Windows,intel,high,low
3845,1.8,141.0,2.3,3200.0,120.0,0.0,256.0,0.0,8.0,33374.0,1.0,1.0,LED,No,DDR4,amd,low,Dell,Windows,amd,low,low
3846,1.7,147.0,2.4,3200.0,120.0,0.0,512.0,0.0,8.0,41990.0,1.0,1.0,LED,No,DDR4,intel,low,Lenovo,Windows,intel,mid,low
3847,1.65,141.0,4.2,2666.0,120.0,0.0,512.0,0.0,8.0,46999.0,0.0,0.0,LED,No,DDR4,intel,low,Dell,Windows,intel,mid,low
3848,1.4,157.0,4.6,3200.0,60.0,0.0,512.0,0.0,8.0,40990.0,1.0,0.0,LED,No,DDR4,intel,mid,MSI,Windows,intel,mid,low
3849,0.97,170.0,4.2,3200.0,120.0,0.0,512.0,0.0,16.0,84208.0,0.0,1.0,LED,No,DDR4,amd,low,HP,Windows,amd,mid,low
3850,2.4,100.0,2.3,2133.0,120.0,0.0,0.0,1024.0,4.0,19674.0,0.0,1.0,LED,No,DDR4,amd,low,Lenovo,Windows,amd,low,low
3851,1.57,157.0,2.8,3200.0,120.0,0.0,512.0,0.0,8.0,31250.0,0.0,1.0,LED,No,DDR4,intel,low,Lenovo,DOS,intel,low,low
3852,2.2,141.0,2.6,2933.0,120.0,4.0,512.0,0.0,8.0,59990.0,0.0,0.0,LED,No,DDR4,nvidia,low,Lenovo,Windows,intel,high,high
3853,1.65,100.0,2.8,2933.0,120.0,0.0,512.0,0.0,8.0,31075.0,0.0,1.0,LED,No,DDR4,intel,low,HP,Windows,intel,low,low
3854,1.0,166.0,4.2,4266.0,120.0,0.0,512.0,0.0,16.0,83590.0,0.0,1.0,LED,Yes,DDR4,intel,mid,Other,Windows,intel,mid,low
3855,1.11,141.0,4.7,3200.0,120.0,0.0,512.0,0.0,16.0,92899.0,1.0,1.0,AMOLED,No,LPDDR5,intel,mid,Samsung,Windows,intel,high,mid
3856,2.19,141.0,2.1,2400.0,120.0,4.0,256.0,1024.0,8.0,64990.0,0.0,1.0,LED,No,DDR4,nvidia,low,HP,Windows,amd,mid,high
3857,1.8,141.0,4.7,3200.0,144.0,4.0,512.0,0.0,16.0,63475.0,0.0,0.0,LED,No,DDR4,nvidia,low,MSI,Windows,intel,high,high
3858,2.02,141.0,1.8,2400.0,120.0,4.0,0.0,2048.0,8.0,67474.0,0.0,1.0,LED,No,DDR4,nvidia,low,HP,Windows,intel,high,low
3859,1.5,157.0,2.9,3200.0,120.0,0.0,512.0,0.0,16.0,99956.0,0.0,1.0,LED,Yes,DDR4,intel,mid,Dell,Windows,intel,high,low
3860,1.3,166.0,1.6,2666.0,120.0,2.0,512.0,0.0,8.0,102990.0,0.0,1.0,LED,No,DDR4,nvidia,mid,HP,Windows,intel,mid,low
3861,1.38,189.0,1.9,3200.0,60.0,0.0,512.0,0.0,16.0,69490.0,1.0,0.0,LED,No,DDR4,amd,low,Lenovo,Windows,amd,high,low
3862,1.74,100.0,3.0,3200.0,120.0,0.0,512.0,0.0,8.0,32900.0,0.0,1.0,LED,No,DDR4,intel,low,HP,Windows,intel,low,low
3864,2.0,141.0,1.6,2133.0,120.0,0.0,0.0,1024.0,8.0,50990.0,0.0,1.0,LED,No,DDR4,intel,low,Acer,Other,intel,mid,low
3865,2.5,141.0,2.8,2400.0,120.0,4.0,0.0,1024.0,8.0,107990.0,0.0,1.0,LED,No,DDR4,nvidia,low,Asus,Windows,intel,high,high
3866,1.13,166.0,1.2,3200.0,120.0,0.0,256.0,0.0,8.0,86108.0,1.0,1.0,LED,No,DDR4,intel,low,Acer,Windows,intel,mid,mid
3867,2.6,127.0,2.4,3200.0,144.0,4.0,512.0,0.0,8.0,61990.0,0.0,0.0,LED,No,DDR4,nvidia,low,Asus,Windows,amd,mid,high
3868,1.19,157.0,1.8,3200.0,120.0,2.0,512.0,0.0,8.0,79990.0,1.0,1.0,LED,No,DDR4,nvidia,low,MSI,Windows,intel,high,low
3869,1.8,141.0,4.2,3200.0,144.0,4.0,512.0,0.0,16.0,66800.0,0.0,0.0,LED,No,DDR4,nvidia,mid,Asus,Windows,amd,high,high
3870,2.2,141.0,1.6,2133.0,120.0,4.0,16.0,1024.0,4.0,49990.0,0.0,1.0,LED,No,DDR4,amd,low,Lenovo,Windows,intel,mid,low
3871,2.1,141.0,1.6,2133.0,120.0,2.0,16.0,1024.0,8.0,72964.0,0.0,1.0,LED,No,DDR4,nvidia,low,Acer,Windows,intel,mid,low
3872,2.59,142.0,1.7,3200.0,165.0,6.0,512.0,0.0,16.0,96698.0,0.0,0.0,LED,No,DDR4,nvidia,mid,Lenovo,Windows,intel,high,high
3873,2.5,141.0,3.1,3200.0,144.0,4.0,512.0,0.0,16.0,79990.0,1.0,0.0,TFT LCD,No,DDR5,nvidia,mid,Acer,Windows,amd,high,high
3874,2.6,138.0,5.4,3200.0,165.0,8.0,1024.0,0.0,16.0,139990.0,1.0,0.0,LED,No,DDR5,nvidia,mid,Acer,Windows,intel,high,high
3875,1.7,141.0,1.6,2400.0,120.0,2.0,16.0,1024.0,8.0,73025.0,0.0,1.0,LED,No,DDR4,nvidia,low,Acer,Windows,intel,mid,low
3876,1.59,157.0,4.2,3200.0,120.0,0.0,512.0,0.0,8.0,47099.0,0.0,1.0,LED,No,DDR4,intel,low,Lenovo,Windows,intel,low,low
3877,2.49,189.0,3.1,4800.0,165.0,6.0,1024.0,0.0,16.0,151688.0,0.0,0.0,LED,No,DDR5,nvidia,mid,Lenovo,Windows,amd,high,high
3878,1.67,157.0,2.2,2133.0,120.0,0.0,0.0,1024.0,4.0,38590.0,0.0,1.0,LED,No,DDR4,intel,low,Lenovo,Windows,intel,low,low
3880,1.8,141.0,4.2,2666.0,120.0,0.0,256.0,0.0,8.0,56990.0,0.0,1.0,LED,No,DDR4,intel,low,Dell,Windows,intel,mid,low
3882,1.8,141.0,2.2,2666.0,120.0,4.0,256.0,0.0,8.0,131805.0,0.0,1.0,LED,No,DDR4,nvidia,low,Dell,Windows,intel,high,high
3883,2.6,127.0,4.7,3200.0,144.0,4.0,512.0,0.0,16.0,90490.0,0.0,0.0,LED,No,DDR4,nvidia,mid,MSI,Windows,intel,high,high
3885,1.38,189.0,4.7,3200.0,60.0,0.0,1024.0,0.0,16.0,75990.0,0.0,0.0,OLED,No,DDR4,amd,low,Lenovo,Windows,amd,high,low
3886,1.7,147.0,2.4,3200.0,120.0,0.0,512.0,0.0,8.0,56970.0,1.0,1.0,LED,No,DDR4,intel,low,Lenovo,Windows,intel,mid,low
3887,1.68,157.0,2.8,2666.0,120.0,0.0,256.0,1024.0,16.0,49990.0,0.0,1.0,LED,No,DDR4,intel,mid,Acer,Windows,intel,mid,low
3888,1.83,141.0,2.3,2400.0,120.0,0.0,256.0,1024.0,4.0,39380.0,0.0,1.0,LED,No,DDR4,amd,low,Dell,Windows,amd,low,low
3889,2.44,141.0,2.8,3200.0,120.0,6.0,512.0,0.0,16.0,149500.0,0.0,0.0,LED,No,DDR4,nvidia,mid,Dell,Windows,intel,high,high
3891,1.69,157.0,2.6,2400.0,120.0,0.0,0.0,1024.0,8.0,26490.0,0.0,0.0,LED,No,DDR4,amd,low,HP,Windows,amd,low,low
3892,1.85,147.0,1.1,3200.0,120.0,0.0,0.0,1024.0,4.0,27700.0,1.0,1.0,AMOLED,No,DDR4,intel,low,Lenovo,Windows,intel,low,low
3893,0.87,166.0,4.7,3200.0,120.0,0.0,512.0,0.0,16.0,95999.0,1.0,1.0,AMOLED,No,LPDDR5,intel,mid,Samsung,Windows,intel,high,mid
3894,1.3,166.0,4.2,3200.0,120.0,0.0,512.0,0.0,16.0,57991.0,1.0,1.0,OLED,Yes,DDR4,intel,mid,Asus,Windows,intel,mid,low
3896,1.34,166.0,2.6,4266.0,120.0,0.0,256.0,0.0,8.0,34990.0,0.0,1.0,LED,Yes,LPDDR4X,mediatek,low,HP,Google Chrome,mediatek,low,low
3897,1.57,157.0,3.4,3200.0,120.0,2.0,512.0,0.0,16.0,102490.0,1.0,1.0,LED,Yes,DDR5,nvidia,mid,Dell,Windows,intel,high,low
3898,1.41,157.0,2.1,3200.0,120.0,0.0,512.0,0.0,8.0,50990.0,0.0,1.0,LED,No,DDR4,amd,low,HP,Windows,amd,mid,low
3899,1.74,100.0,2.1,2400.0,120.0,0.0,0.0,1024.0,8.0,37975.0,0.0,1.0,LED,No,DDR4,amd,low,HP,DOS,amd,mid,low
3900,2.7,127.0,2.8,2400.0,120.0,4.0,128.0,1024.0,8.0,108990.0,0.0,1.0,LED,No,DDR4,nvidia,low,MSI,Windows,intel,high,high
3901,2.2,141.0,2.7,2133.0,120.0,4.0,0.0,2048.0,16.0,85760.0,0.0,1.0,LED,No,DDR4,nvidia,low,Lenovo,Windows,intel,high,low
3903,1.65,141.0,2.4,3200.0,120.0,0.0,512.0,0.0,8.0,57990.0,0.0,1.0,LED,No,DDR4,intel,mid,Lenovo,Windows,intel,mid,low
3904,2.49,189.0,3.1,4800.0,165.0,8.0,1024.0,0.0,32.0,125190.0,0.0,0.0,LED,No,DDR5,nvidia,high,Lenovo,Windows,amd,high,high
3905,2.23,141.0,4.8,3200.0,144.0,4.0,512.0,0.0,16.0,89490.0,1.0,0.0,LED,No,DDR4,nvidia,mid,HP,Windows,intel,high,high
3906,1.8,141.0,1.2,2666.0,120.0,0.0,1024.0,0.0,8.0,37143.0,0.0,1.0,LED,No,DDR4,intel,low,Dell,Windows,intel,low,low
3908,1.55,162.0,1.8,4266.0,120.0,0.0,512.0,0.0,16.0,75000.0,0.0,1.0,LED,Yes,LPDDR4X,amd,low,Lenovo,Windows,amd,high,low
3909,1.7,157.0,2.5,2133.0,120.0,0.0,256.0,0.0,8.0,80390.0,0.0,1.0,LED,No,DDR4,intel,low,Lenovo,Windows,intel,mid,low
3910,2.0,141.0,2.2,2666.0,120.0,6.0,256.0,1024.0,16.0,129791.0,0.0,1.0,LED,No,DDR4,nvidia,mid,Asus,Windows,intel,high,high
3911,1.59,176.0,3.4,3200.0,120.0,0.0,512.0,0.0,8.0,53990.0,1.0,1.0,LED,No,DDR5,intel,low,Dell,Windows,intel,mid,low
3912,1.55,157.0,1.6,3200.0,120.0,0.0,512.0,0.0,8.0,57741.0,1.0,1.0,LED,No,DDR4,intel,low,Lenovo,Windows,intel,mid,low
3913,1.43,157.0,1.8,2400.0,120.0,0.0,256.0,1024.0,8.0,77990.0,0.0,1.0,LED,No,DDR4,intel,low,Asus,Windows,intel,high,low
3914,1.74,141.0,4.6,3200.0,120.0,0.0,512.0,0.0,16.0,71990.0,0.0,1.0,LED,No,DDR4,intel,mid,HP,Windows,intel,mid,mid
3915,1.39,243.0,2.0,3200.0,90.0,0.0,1024.0,0.0,16.0,74990.0,1.0,0.0,OLED,No,LPDDR4X,amd,low,Asus,Windows,amd,mid,low
3917,2.4,141.0,2.2,2666.0,120.0,6.0,256.0,1024.0,16.0,129791.0,0.0,1.0,LED,No,DDR4,nvidia,mid,Asus,Windows,intel,high,high
3918,2.2,141.0,1.6,2400.0,120.0,0.0,0.0,1024.0,8.0,55532.0,0.0,1.0,LED,No,DDR4,intel,low,Dell,Windows,intel,mid,low
3919,1.69,141.0,0.8,3200.0,120.0,0.0,1024.0,0.0,8.0,37555.0,1.0,1.0,LED,No,DDR4,intel,low,HP,Windows,intel,low,low
3920,1.7,112.0,2.5,2133.0,120.0,2.0,0.0,1024.0,8.0,69088.0,0.0,1.0,LED,Yes,DDR4,amd,low,Lenovo,Windows,intel,mid,low
3921,1.53,162.0,4.6,4800.0,60.0,0.0,512.0,0.0,16.0,61990.0,0.0,0.0,LED,No,LPDDR5,intel,mid,Dell,Windows,intel,mid,low
3922,1.53,162.0,4.6,4800.0,120.0,0.0,1024.0,0.0,16.0,72690.0,0.0,0.0,LED,No,LPDDR5,intel,mid,Dell,Windows,intel,mid,low
3923,1.7,157.0,1.6,2400.0,120.0,0.0,0.0,1024.0,8.0,55257.0,0.0,1.0,LED,No,DDR4,intel,low,Lenovo,Windows,intel,mid,low
3924,1.8,157.0,2.4,2133.0,120.0,0.0,256.0,0.0,4.0,33990.0,0.0,1.0,LED,No,DDR4,intel,low,Acer,Other,intel,low,low
3925,1.8,141.0,1.7,2666.0,120.0,0.0,256.0,0.0,8.0,42990.0,0.0,1.0,LED,No,DDR4,intel,low,Dell,Windows,intel,low,low
3926,2.2,141.0,2.3,2133.0,120.0,2.0,0.0,1024.0,8.0,58244.0,0.0,1.0,LED,No,DDR4,nvidia,low,Lenovo,Windows,intel,mid,high
3927,1.57,157.0,3.3,3200.0,120.0,0.0,512.0,0.0,16.0,82990.0,1.0,1.0,LED,Yes,DDR4,intel,low,Dell,Windows,intel,mid,low
3928,2.6,127.0,4.7,3200.0,144.0,6.0,1024.0,0.0,16.0,105000.0,1.0,0.0,LED,No,DDR5,nvidia,mid,Asus,Windows,amd,high,high
3929,1.9,100.0,2.8,3200.0,120.0,0.0,256.0,0.0,4.0,69990.0,1.0,1.0,LED,No,DDR4,amd,low,Acer,Windows,amd,low,low
3930,2.7,189.0,5.0,3200.0,120.0,8.0,512.0,0.0,16.0,129990.0,1.0,1.0,LCD,No,DDR5,nvidia,mid,Acer,Windows,intel,high,high
3932,2.32,282.0,2.2,2666.0,120.0,8.0,0.0,1024.0,16.0,164345.0,0.0,1.0,LED,No,DDR4,nvidia,mid,HP,Windows,intel,high,high
3933,1.2,166.0,2.4,3200.0,120.0,0.0,0.0,0.0,8.0,54990.0,1.0,1.0,LED,Yes,LPDDR4X,intel,low,Acer,Google Chrome,qualcomm,low,low
3934,1.6,210.0,4.7,3200.0,120.0,4.0,1024.0,0.0,16.0,107990.0,0.0,0.0,LED,No,DDR4,nvidia,mid,Asus,Windows,amd,high,high
3935,1.59,157.0,1.8,2133.0,120.0,4.0,512.0,0.0,12.0,102300.0,0.0,1.0,LED,Yes,DDR4,nvidia,low,HP,Windows,intel,high,low
3936,2.7,127.0,2.4,3200.0,120.0,6.0,256.0,1024.0,8.0,74990.0,1.0,1.0,LED,No,DDR4,nvidia,mid,Acer,Windows,intel,mid,high
3937,1.4,157.0,2.8,3200.0,120.0,0.0,512.0,0.0,8.0,45999.0,1.0,1.0,TFT LCD,No,LPDDR5,intel,low,Acer,Windows,intel,low,low
3938,1.65,157.0,4.7,3200.0,120.0,0.0,512.0,0.0,8.0,72890.0,0.0,1.0,LED,Yes,DDR4,intel,mid,Dell,Windows,intel,mid,low
3939,1.26,201.0,2.0,3200.0,120.0,0.0,256.0,0.0,8.0,102000.0,1.0,1.0,LED,Yes,LPDDR4X,amd,low,Other,Windows,amd,mid,low
3940,2.6,127.0,4.9,3200.0,144.0,6.0,1024.0,0.0,16.0,97990.0,1.0,0.0,LED,No,DDR5,nvidia,mid,MSI,Windows,intel,high,high
3941,1.3,157.0,2.8,3200.0,120.0,0.0,1024.0,0.0,16.0,102990.0,0.0,1.0,LED,Yes,DDR4,intel,mid,Lenovo,Windows,intel,high,low
3942,1.19,157.0,1.6,2133.0,120.0,2.0,512.0,0.0,8.0,80990.0,0.0,1.0,LED,No,DDR3,nvidia,low,Asus,Windows,intel,mid,low
3943,2.26,191.0,4.7,3200.0,144.0,4.0,1024.0,0.0,16.0,106999.0,1.0,0.0,LED,No,DDR4,nvidia,mid,MSI,Windows,intel,high,high
3944,1.4,243.0,3.3,3200.0,90.0,0.0,512.0,0.0,16.0,74990.0,1.0,0.0,OLED,Yes,LPDDR5,intel,mid,Asus,Windows,intel,mid,high
3945,1.5,157.0,2.5,3200.0,60.0,0.0,512.0,0.0,16.0,78890.0,0.0,0.0,LED,No,DDR4,intel,mid,Dell,Windows,intel,mid,low
3946,2.48,137.0,4.2,3200.0,144.0,6.0,512.0,0.0,16.0,89990.0,0.0,0.0,LED,No,DDR4,nvidia,mid,HP,Windows,amd,high,high
3947,2.2,100.0,3.1,2133.0,120.0,0.0,0.0,1024.0,4.0,25388.0,0.0,1.0,LED,No,DDR4,amd,low,Lenovo,Windows,amd,low,low
3948,2.2,141.0,1.6,2400.0,120.0,4.0,0.0,1024.0,8.0,79258.0,0.0,1.0,LED,Yes,DDR4,nvidia,low,Acer,Windows,intel,mid,low
3949,2.57,141.0,4.7,3200.0,120.0,4.0,512.0,0.0,16.0,115990.0,1.0,0.0,LED,No,DDR5,nvidia,mid,Dell,Windows,intel,high,high
3950,1.7,141.0,3.0,3200.0,120.0,0.0,256.0,0.0,8.0,41990.0,0.0,1.0,LED,No,DDR4,intel,low,Lenovo,Windows,intel,low,low
3951,2.9,127.0,4.7,3200.0,360.0,6.0,1024.0,0.0,16.0,148990.0,1.0,0.0,LED,No,DDR5,nvidia,mid,Asus,Windows,amd,high,high
3952,2.29,141.0,4.2,3200.0,144.0,4.0,512.0,0.0,8.0,53990.0,0.0,0.0,LED,No,DDR4,nvidia,low,HP,Windows,intel,mid,high
3953,1.59,157.0,1.6,2400.0,120.0,2.0,256.0,1024.0,8.0,61990.0,0.0,1.0,LED,No,DDR4,nvidia,low,HP,Windows,intel,mid,low
3954,1.69,100.0,2.6,3200.0,60.0,0.0,256.0,0.0,8.0,35990.0,1.0,0.0,LED,No,DDR4,amd,low,HP,Windows,amd,low,low
3955,1.25,157.0,2.0,3200.0,120.0,0.0,512.0,0.0,8.0,46990.0,1.0,1.0,LED,No,LPDDR4X,amd,low,Acer,Windows,amd,mid,low
3956,2.37,141.0,4.2,3200.0,144.0,4.0,512.0,0.0,8.0,57990.0,0.0,0.0,LED,No,DDR4,nvidia,mid,HP,Windows,amd,mid,high
3958,1.7,212.0,5.0,3200.0,60.0,0.0,512.0,0.0,16.0,87990.0,1.0,0.0,OLED,No,LPDDR5,intel,mid,Asus,Windows,intel,high,high
3959,2.25,141.0,3.3,3200.0,120.0,4.0,512.0,0.0,8.0,72990.0,0.0,0.0,LED,No,DDR4,nvidia,mid,Lenovo,Windows,intel,high,high
3960,1.7,141.0,4.2,3200.0,60.0,0.0,512.0,0.0,16.0,39990.0,0.0,0.0,LED,No,DDR4,intel,mid,Lenovo,Windows,intel,mid,low
3961,2.2,141.0,1.6,2400.0,120.0,4.0,0.0,2048.0,8.0,67496.0,0.0,1.0,LED,No,DDR4,amd,low,Dell,Windows,intel,mid,low
3962,1.6,157.0,4.2,3200.0,144.0,4.0,512.0,0.0,16.0,79990.0,1.0,0.0,LED,No,DDR4,nvidia,low,Asus,Windows,amd,high,high
3963,2.2,141.0,2.2,2666.0,120.0,4.0,256.0,1024.0,8.0,89990.0,0.0,1.0,LED,No,DDR4,nvidia,low,Asus,Windows,intel,high,high
3964,2.02,141.0,1.6,2400.0,120.0,4.0,0.0,2048.0,8.0,60115.0,0.0,1.0,LED,No,DDR4,nvidia,low,HP,Windows,intel,mid,low
3965,1.5,162.0,3.3,4266.0,120.0,0.0,512.0,0.0,16.0,63990.0,0.0,1.0,LED,Yes,LPDDR4X,intel,mid,Lenovo,Windows,intel,mid,low
3966,2.25,141.0,3.1,3200.0,144.0,4.0,512.0,0.0,16.0,85990.0,1.0,0.0,LED,No,DDR4,nvidia,mid,MSI,Windows,intel,high,high
3967,2.24,141.0,2.6,2666.0,120.0,8.0,512.0,1024.0,16.0,168577.0,0.0,1.0,LED,No,DDR4,nvidia,high,HP,Windows,intel,high,high
3968,2.6,127.0,4.7,3200.0,120.0,4.0,512.0,0.0,8.0,78990.0,0.0,1.0,LED,No,DDR4,nvidia,low,MSI,Windows,intel,mid,high
3969,2.7,141.0,2.2,2400.0,120.0,6.0,256.0,1024.0,16.0,119990.0,0.0,1.0,LED,No,DDR4,nvidia,mid,Acer,Windows,intel,high,high
3970,1.41,157.0,4.7,3200.0,60.0,0.0,512.0,0.0,16.0,70990.0,0.0,0.0,LED,No,DDR4,intel,low,HP,Windows,intel,mid,low
3971,2.25,141.0,3.3,3200.0,144.0,4.0,512.0,0.0,8.0,84990.0,1.0,0.0,LED,No,DDR4,nvidia,mid,MSI,Windows,intel,high,high
3972,2.5,282.0,2.4,2666.0,120.0,6.0,1024.0,0.0,32.0,259990.0,0.0,1.0,OLED,No,DDR4,nvidia,mid,Asus,Windows,intel,high,high
3973,2.7,141.0,2.3,2400.0,120.0,6.0,16.0,2048.0,8.0,81990.0,0.0,1.0,LED,No,DDR4,nvidia,mid,Acer,Windows,intel,mid,high
3974,1.12,166.0,1.2,1600.0,120.0,0.0,256.0,0.0,8.0,68999.0,0.0,1.0,LED,No,DDR3,intel,low,Acer,Windows,intel,mid,mid
3975,1.55,162.0,2.1,4266.0,60.0,0.0,512.0,0.0,16.0,59990.0,0.0,0.0,LED,Yes,LPDDR4X,amd,low,Lenovo,Windows,amd,mid,low
3976,2.5,178.0,3.4,3200.0,120.0,0.0,512.0,0.0,16.0,136747.0,1.0,1.0,LED,No,LPDDR5,intel,mid,Other,Windows,intel,high,mid
3977,1.0,141.0,4.4,3200.0,120.0,0.0,512.0,0.0,8.0,34720.0,0.0,1.0,LED,No,DDR4,intel,low,HP,Windows,intel,low,low
3978,1.5,157.0,2.5,3200.0,60.0,2.0,512.0,0.0,8.0,79122.0,0.0,0.0,LED,Yes,DDR4,intel,mid,Dell,Windows,intel,mid,low
3979,2.3,141.0,2.3,2666.0,120.0,4.0,128.0,1024.0,8.0,98890.0,0.0,1.0,LED,No,DDR4,nvidia,low,Lenovo,Windows,intel,mid,high
3980,2.57,141.0,2.6,2666.0,240.0,8.0,1024.0,0.0,16.0,164990.0,0.0,0.0,LED,No,DDR4,nvidia,high,Asus,Windows,intel,high,high
3981,2.5,178.0,3.4,3200.0,120.0,0.0,1024.0,0.0,16.0,177000.0,1.0,1.0,LED,No,LPDDR5,intel,mid,Other,Windows,intel,high,mid
3982,1.8,141.0,2.4,3200.0,120.0,0.0,256.0,1024.0,8.0,64990.0,0.0,1.0,OLED,No,DDR4,intel,mid,Asus,Windows,intel,mid,low
3983,2.2,157.0,2.2,2133.0,120.0,0.0,0.0,1024.0,4.0,43990.0,0.0,1.0,LED,Yes,DDR4,intel,low,Lenovo,Windows,intel,low,low
3984,1.7,141.0,1.3,3200.0,120.0,0.0,512.0,0.0,8.0,47990.0,0.0,1.0,LED,No,DDR4,intel,mid,Asus,Windows,intel,mid,low
3985,1.5,162.0,4.6,3200.0,120.0,0.0,512.0,0.0,16.0,74990.0,1.0,1.0,LED,No,DDR4,intel,low,Lenovo,Windows,intel,mid,low
3986,1.74,100.0,4.2,3200.0,120.0,0.0,512.0,0.0,8.0,33499.0,0.0,1.0,LED,No,DDR4,intel,mid,HP,Windows,intel,low,low
3988,1.4,243.0,2.5,3200.0,90.0,0.0,512.0,0.0,16.0,106059.0,1.0,0.0,OLED,Yes,LPDDR5,intel,mid,Asus,Windows,intel,mid,high
3989,1.32,166.0,4.2,3200.0,120.0,0.0,512.0,0.0,8.0,85990.0,0.0,1.0,LED,Yes,DDR4,intel,mid,HP,Windows,intel,mid,low
3990,1.8,141.0,2.4,3200.0,120.0,0.0,256.0,1024.0,8.0,41500.0,1.0,1.0,LED,No,DDR4,nvidia,mid,Dell,Windows,intel,mid,low
3991,1.7,147.0,2.4,3200.0,120.0,0.0,256.0,0.0,8.0,45249.0,1.0,1.0,LED,No,DDR4,intel,low,Lenovo,Windows,intel,mid,low
3992,1.76,141.0,2.8,3200.0,120.0,0.0,512.0,0.0,8.0,34500.0,1.0,1.0,LED,No,DDR4,intel,low,Acer,Windows,intel,low,low
3994,1.3,157.0,1.8,3200.0,60.0,0.0,512.0,0.0,8.0,56990.0,1.0,0.0,LED,No,DDR4,intel,low,MSI,Windows,intel,high,low
3995,1.25,157.0,2.0,3200.0,60.0,0.0,512.0,0.0,8.0,54980.0,1.0,0.0,LED,No,LPDDR4X,amd,low,Acer,Windows,amd,mid,low
3996,2.22,127.0,2.5,2933.0,144.0,4.0,512.0,0.0,8.0,70990.0,0.0,0.0,LED,No,DDR4,nvidia,low,Asus,Windows,intel,mid,high
3998,2.24,141.0,2.6,2666.0,120.0,6.0,512.0,1024.0,16.0,154777.0,0.0,1.0,LED,No,DDR4,nvidia,mid,HP,Windows,intel,high,high
3999,1.59,141.0,2.8,3200.0,120.0,0.0,1024.0,0.0,16.0,46999.0,1.0,1.0,LED,No,DDR4,amd,low,Acer,Windows,amd,high,low
4000,1.78,141.0,2.8,3200.0,120.0,0.0,512.0,0.0,8.0,37999.0,1.0,1.0,TFT LCD,No,LPDDR5,amd,low,Acer,Windows,amd,mid,low
4001,2.1,141.0,4.6,3200.0,144.0,6.0,512.0,0.0,16.0,79999.0,1.0,0.0,LED,No,DDR5,nvidia,mid,Acer,Windows,intel,mid,high
4002,1.59,141.0,2.8,3200.0,120.0,0.0,1024.0,0.0,16.0,46999.0,1.0,1.0,TFT LCD,No,DDR4,amd,low,Acer,Windows,amd,high,low
4003,2.1,141.0,2.8,3200.0,144.0,4.0,512.0,0.0,8.0,65999.0,1.0,0.0,TFT LCD,No,DDR5,nvidia,low,Acer,Windows,intel,mid,high
4004,1.75,162.0,4.6,3200.0,60.0,0.0,512.0,0.0,16.0,87990.0,0.0,0.0,LED,No,DDR4,intel,mid,Lenovo,Windows,intel,mid,low
4005,1.38,157.0,4.2,3200.0,120.0,0.0,512.0,0.0,16.0,91400.0,0.0,1.0,LED,No,DDR4,amd,low,HP,Windows,amd,high,low
4006,1.75,142.0,3.4,5600.0,60.0,6.0,1024.0,0.0,16.0,164991.0,0.0,0.0,LED,No,DDR5,nvidia,mid,Lenovo,Windows,intel,high,high
4007,1.75,162.0,5.0,5200.0,60.0,0.0,1024.0,0.0,16.0,102990.0,0.0,0.0,OLED,Yes,LPDDR5,intel,mid,Lenovo,Windows,intel,high,mid
4008,1.75,162.0,4.5,7467.0,60.0,0.0,1024.0,0.0,16.0,101991.0,0.0,0.0,OLED,Yes,LPDDR5X,intel,mid,Lenovo,Windows,intel,mid,high
4009,1.75,162.0,2.0,3200.0,60.0,0.0,512.0,0.0,16.0,61990.0,0.0,0.0,LED,No,DDR4,amd,low,Lenovo,Windows,amd,high,low
4010,2.3,141.0,4.4,3200.0,144.0,4.0,512.0,0.0,8.0,49990.0,0.0,0.0,LED,No,DDR4,nvidia,low,Asus,Windows,intel,mid,high
4011,1.75,189.0,3.4,5200.0,60.0,0.0,512.0,0.0,16.0,94990.0,0.0,0.0,LED,Yes,LPDDR5,intel,mid,Lenovo,Windows,intel,mid,mid
4012,1.75,151.0,5.1,7467.0,120.0,6.0,1024.0,0.0,32.0,151190.0,0.0,0.0,OLED,Yes,LPDDR5X,nvidia,mid,Lenovo,Windows,intel,high,high
4013,1.75,189.0,3.4,5200.0,120.0,6.0,512.0,0.0,16.0,104991.0,0.0,0.0,LED,No,LPDDR5,nvidia,mid,Lenovo,Windows,intel,high,high
4014,2.72,189.0,5.1,7467.0,240.0,12.0,1024.0,0.0,32.0,395490.0,0.0,0.0,LED,No,LPDDR5X,nvidia,high,Dell,Windows,intel,high,high
4016,1.98,141.0,3.3,4800.0,144.0,4.0,512.0,0.0,8.0,54990.0,0.0,0.0,LED,No,DDR5,nvidia,low,MSI,Windows,intel,mid,high
4018,1.75,162.0,4.6,5200.0,60.0,0.0,512.0,0.0,8.0,76990.0,0.0,0.0,LED,No,DDR5,intel,low,Lenovo,Windows,intel,mid,low
4019,1.75,170.0,4.3,6400.0,120.0,0.0,1024.0,0.0,16.0,125992.0,0.0,1.0,LED,No,LPDDR5X,intel,low,Dell,Windows,intel,mid,low
4020,1.75,157.0,4.3,5600.0,60.0,0.0,256.0,0.0,8.0,110319.0,0.0,0.0,LED,No,DDR5,intel,low,Dell,Windows,intel,mid,low
4021,1.75,162.0,5.0,7467.0,60.0,0.0,256.0,0.0,32.0,239125.0,0.0,0.0,LED,No,LPDDR5X,intel,mid,Dell,Windows,intel,high,high
4022,1.4,162.0,4.5,3200.0,120.0,0.0,1024.0,0.0,16.0,65390.0,0.0,1.0,OLED,No,DDR4,amd,low,Lenovo,Windows,amd,high,low
4023,1.75,162.0,4.4,6400.0,120.0,0.0,512.0,0.0,16.0,131755.0,0.0,1.0,LED,No,LPDDR5X,intel,low,Dell,Windows,intel,mid,low
4024,1.41,162.0,2.0,3200.0,60.0,0.0,512.0,0.0,8.0,48399.0,0.0,0.0,LED,No,DDR4,amd,low,Lenovo,Windows,amd,mid,low
4025,1.75,266.0,4.4,6400.0,120.0,0.0,512.0,0.0,16.0,173236.0,0.0,1.0,LED,Yes,LPDDR5X,intel,low,Dell,Windows,intel,mid,low
4026,1.45,162.0,4.8,5200.0,120.0,0.0,1024.0,0.0,16.0,147999.0,0.0,0.0,LED,Yes,DDR5,intel,mid,HP,Windows,intel,high,low
4027,1.75,216.0,4.3,7467.0,120.0,0.0,512.0,0.0,16.0,260663.0,0.0,1.0,LED,Yes,LPDDR5X,intel,low,Dell,Windows,intel,mid,low
4028,1.72,142.0,5.0,5200.0,120.0,0.0,1024.0,0.0,16.0,118399.0,0.0,0.0,LED,No,DDR5,intel,mid,HP,Windows,intel,high,low
4029,1.41,162.0,4.6,3200.0,120.0,0.0,512.0,0.0,16.0,74990.0,0.0,1.0,LED,No,DDR4,intel,mid,Lenovo,Windows,intel,mid,low
4030,1.72,142.0,4.8,5200.0,120.0,4.0,1024.0,0.0,16.0,161999.0,0.0,0.0,LED,No,DDR5,nvidia,mid,HP,Windows,intel,high,low
4031,1.7,141.0,2.0,3200.0,120.0,0.0,512.0,0.0,16.0,62990.0,0.0,1.0,LED,No,DDR4,amd,low,Lenovo,Windows,amd,high,low
4032,1.74,141.0,4.2,3200.0,120.0,0.0,512.0,0.0,8.0,68529.0,0.0,1.0,LED,No,DDR4,intel,mid,HP,DOS,intel,mid,low
4033,1.43,157.0,4.2,3200.0,120.0,0.0,512.0,0.0,8.0,44990.0,0.0,1.0,LED,No,DDR4,intel,low,Lenovo,Windows,intel,low,low
4034,1.7,141.0,3.0,2666.0,120.0,0.0,512.0,0.0,8.0,33990.0,0.0,1.0,LED,No,DDR4,intel,low,Lenovo,Windows,intel,low,low
4035,2.5,130.0,4.7,3200.0,144.0,4.0,1024.0,0.0,16.0,89999.0,1.0,0.0,LED,No,DDR5,nvidia,mid,Asus,Windows,amd,high,high
4036,2.61,141.0,5.1,5600.0,240.0,8.0,1024.0,0.0,16.0,161340.0,0.0,0.0,LED,No,DDR5,nvidia,mid,Dell,Windows,intel,high,high
4037,1.8,141.0,3.1,3200.0,60.0,4.0,1024.0,0.0,16.0,71990.0,1.0,0.0,OLED,No,DDR4,nvidia,mid,Asus,Windows,amd,high,high
4038,2.61,141.0,5.1,5600.0,240.0,8.0,1024.0,0.0,16.0,194990.0,0.0,0.0,LED,No,DDR5,nvidia,high,Dell,Windows,intel,high,high
4039,2.6,130.0,2.7,3200.0,144.0,4.0,512.0,0.0,8.0,53001.0,0.0,0.0,LED,No,DDR4,nvidia,low,Asus,Windows,intel,mid,high
4040,2.1,141.0,2.8,3200.0,144.0,6.0,512.0,0.0,8.0,69999.0,1.0,0.0,LED,No,DDR5,nvidia,mid,Acer,Windows,intel,mid,high
4041,1.78,141.0,2.8,3200.0,144.0,4.0,512.0,0.0,16.0,56999.0,1.0,0.0,TFT LCD,No,DDR4,nvidia,low,Acer,Windows,intel,mid,low
4042,1.75,170.0,2.0,4266.0,60.0,0.0,1024.0,0.0,16.0,84542.0,0.0,0.0,LED,Yes,LPDDR4X,amd,low,Lenovo,Windows,amd,high,low
4043,2.1,141.0,4.6,3200.0,144.0,6.0,512.0,0.0,16.0,64999.0,1.0,0.0,TFT LCD,No,DDR5,nvidia,mid,Acer,Windows,intel,mid,high
4044,1.78,141.0,2.8,3200.0,144.0,4.0,512.0,0.0,8.0,61999.0,1.0,0.0,TFT LCD,No,DDR4,nvidia,low,Acer,Windows,intel,mid,low
4045,1.75,141.0,2.8,3200.0,120.0,0.0,512.0,0.0,8.0,51999.0,1.0,1.0,TFT LCD,No,LPDDR5,intel,mid,Acer,Windows,intel,mid,low
4046,2.0,236.0,2.4,5200.0,165.0,8.0,1024.0,0.0,16.0,158990.0,0.0,0.0,LED,No,DDR5,nvidia,mid,Lenovo,Windows,intel,high,high
4047,1.88,142.0,4.7,3200.0,60.0,0.0,512.0,0.0,8.0,49990.0,0.0,0.0,LED,No,DDR4,intel,mid,Asus,Windows,intel,mid,high
4048,1.86,141.0,4.2,3200.0,144.0,4.0,512.0,0.0,16.0,51490.0,0.0,0.0,LED,No,DDR5,nvidia,low,MSI,Windows,intel,mid,high
4049,2.4,142.0,5.5,5600.0,120.0,12.0,1024.0,0.0,32.0,385999.0,0.0,0.0,LED,No,DDR5,nvidia,high,HP,Windows,intel,high,high
4050,1.4,162.0,4.8,5600.0,120.0,0.0,512.0,0.0,16.0,119999.0,0.0,0.0,LED,No,DDR5,amd,low,HP,Windows,amd,mid,high
4052,1.73,142.0,5.4,5600.0,120.0,8.0,1024.0,0.0,32.0,393235.0,0.0,0.0,LED,No,DDR5,nvidia,high,HP,Windows,intel,high,high
4053,2.01,141.0,4.8,5600.0,120.0,6.0,1024.0,0.0,16.0,214999.0,0.0,0.0,LED,No,DDR5,nvidia,mid,HP,Windows,amd,high,high
4054,1.75,142.0,2.0,3200.0,60.0,0.0,512.0,0.0,16.0,56990.0,0.0,0.0,LED,No,DDR4,amd,low,Lenovo,Windows,amd,mid,low
4055,1.75,162.0,2.0,3200.0,60.0,0.0,512.0,0.0,16.0,67990.0,0.0,0.0,LED,No,DDR4,amd,low,Lenovo,Windows,amd,high,low
4056,2.4,142.0,5.5,5600.0,120.0,12.0,1024.0,0.0,32.0,415655.0,0.0,1.0,LED,No,DDR5,nvidia,high,HP,Windows,intel,high,high
4057,1.4,157.0,4.7,5600.0,120.0,0.0,1024.0,0.0,32.0,27999.0,0.0,0.0,LED,No,DDR5,amd,low,HP,Windows,amd,high,high
4058,1.75,189.0,3.4,5600.0,60.0,0.0,512.0,0.0,16.0,119991.0,0.0,0.0,LED,No,DDR5,intel,low,Lenovo,Windows,intel,mid,low
4059,1.4,162.0,4.8,5600.0,120.0,0.0,1024.0,0.0,16.0,139999.0,0.0,0.0,LED,No,DDR5,amd,low,HP,Windows,amd,high,high
4060,2.01,141.0,4.8,5600.0,120.0,8.0,1024.0,0.0,32.0,241999.0,0.0,0.0,LED,No,DDR5,nvidia,high,HP,Windows,amd,high,high
4061,2.01,141.0,4.8,5600.0,120.0,6.0,1024.0,0.0,32.0,239999.0,0.0,0.0,LED,No,LPDDR4X,nvidia,mid,HP,Windows,amd,high,high
4062,1.75,162.0,2.0,3200.0,60.0,0.0,512.0,0.0,16.0,79991.0,0.0,0.0,LED,No,DDR4,amd,low,Lenovo,Windows,amd,high,low
4063,2.01,141.0,4.8,5600.0,120.0,6.0,1024.0,0.0,32.0,197999.0,0.0,0.0,LED,No,DDR5,nvidia,mid,HP,Windows,amd,high,high
4064,2.01,141.0,4.8,5600.0,120.0,6.0,1024.0,0.0,16.0,187999.0,0.0,1.0,LED,No,DDR5,nvidia,mid,HP,Windows,amd,high,high
4065,1.34,162.0,3.3,6400.0,60.0,0.0,512.0,0.0,32.0,109990.0,0.0,0.0,LED,No,LPDDR5X,intel,low,Lenovo,Windows,amd,high,low
4066,2.01,141.0,4.8,5600.0,120.0,8.0,1024.0,0.0,16.0,227999.0,0.0,0.0,LED,No,DDR5,nvidia,high,HP,Windows,amd,high,high
4067,1.69,141.0,4.2,3200.0,120.0,0.0,512.0,0.0,8.0,36999.0,0.0,1.0,LED,No,DDR4,intel,low,HP,Windows,intel,low,low
4068,1.75,170.0,3.7,6400.0,120.0,0.0,512.0,0.0,32.0,149991.0,0.0,1.0,LED,No,LPDDR5,intel,mid,Lenovo,Windows,intel,high,low
4069,1.75,142.0,4.6,3200.0,60.0,0.0,512.0,0.0,16.0,69991.0,0.0,0.0,LED,No,DDR4,intel,mid,Lenovo,Windows,intel,mid,low
4070,1.75,170.0,3.4,6400.0,60.0,0.0,512.0,0.0,16.0,129991.0,0.0,0.0,LED,No,LPDDR5,intel,mid,Lenovo,Windows,intel,mid,low
4071,1.75,141.0,2.8,5500.0,60.0,0.0,512.0,0.0,8.0,31991.0,0.0,0.0,LED,No,DDR4,amd,low,Lenovo,Windows,amd,mid,low
4072,1.75,151.0,4.8,7467.0,120.0,0.0,512.0,0.0,16.0,92217.0,0.0,0.0,OLED,No,LPDDR5X,intel,low,Lenovo,Windows,intel,high,high
4073,1.75,142.0,4.5,3200.0,60.0,0.0,512.0,0.0,8.0,48990.0,0.0,0.0,LED,No,DDR4,intel,low,Lenovo,Windows,intel,low,low
4074,1.75,162.0,3.4,6400.0,60.0,0.0,512.0,0.0,32.0,199991.0,0.0,0.0,LED,Yes,LPDDR5,intel,mid,Lenovo,Windows,intel,high,low
4075,1.75,142.0,4.6,5200.0,60.0,0.0,512.0,0.0,16.0,59990.0,0.0,0.0,LED,No,DDR5,intel,mid,Lenovo,Windows,intel,mid,low
4076,1.75,162.0,3.4,6400.0,60.0,0.0,512.0,0.0,32.0,199991.0,0.0,0.0,LED,No,LPDDR5,intel,mid,Lenovo,Windows,intel,high,low
4077,1.75,162.0,4.5,7467.0,60.0,0.0,512.0,0.0,16.0,83601.0,0.0,0.0,OLED,No,LPDDR5X,intel,low,Lenovo,Windows,intel,mid,high
4078,1.75,142.0,4.5,7467.0,60.0,0.0,1024.0,0.0,16.0,78990.0,0.0,0.0,LED,No,LPDDR5X,intel,mid,Lenovo,Windows,intel,mid,high
4079,1.75,236.0,4.0,5600.0,165.0,12.0,1024.0,0.0,32.0,374736.0,0.0,0.0,LED,No,DDR5,nvidia,high,Lenovo,Windows,intel,high,high
4080,1.75,141.0,5.5,5600.0,144.0,8.0,1024.0,0.0,16.0,123491.0,0.0,0.0,LED,No,DDR5,nvidia,mid,Lenovo,Windows,intel,high,high
4081,4.23,168.0,5.8,5600.0,165.0,8.0,1024.0,0.0,32.0,296490.0,0.0,0.0,LED,No,DDR5,nvidia,high,Dell,Windows,intel,high,high
4083,1.75,162.0,3.4,5600.0,60.0,0.0,512.0,0.0,32.0,142990.0,0.0,0.0,LED,No,DDR5,intel,mid,Lenovo,Windows,intel,high,mid
4085,1.75,157.0,3.4,3200.0,60.0,0.0,512.0,0.0,16.0,90991.0,0.0,0.0,LED,No,DDR4,intel,mid,Lenovo,Windows,intel,high,low
4086,1.34,162.0,5.0,7500.0,60.0,4.0,512.0,0.0,16.0,129990.0,0.0,0.0,LED,No,LPDDR5X,nvidia,mid,Lenovo,Windows,intel,high,mid
4087,2.45,141.0,3.1,4800.0,144.0,4.0,512.0,0.0,12.0,57991.0,0.0,0.0,LED,No,DDR4,nvidia,low,Lenovo,Windows,intel,mid,high
4089,2.6,236.0,5.8,5600.0,165.0,16.0,2048.0,0.0,64.0,462490.0,0.0,0.0,IPS LCD,No,DDR5,nvidia,high,Lenovo,Windows,intel,high,high
4090,1.34,216.0,4.8,6400.0,120.0,0.0,1024.0,0.0,32.0,139274.0,0.0,1.0,LED,Yes,LPDDR5,intel,mid,HP,Windows,intel,high,low
4091,2.45,141.0,3.1,4800.0,144.0,6.0,512.0,0.0,16.0,75991.0,0.0,0.0,LED,No,DDR5,nvidia,mid,Lenovo,Windows,intel,mid,high
4092,2.45,141.0,4.9,4800.0,144.0,6.0,512.0,0.0,16.0,90491.0,0.0,0.0,LED,No,DDR5,nvidia,mid,Lenovo,Windows,intel,high,high
4093,2.45,141.0,4.9,4800.0,144.0,6.0,1024.0,0.0,16.0,105491.0,0.0,0.0,LED,No,DDR5,nvidia,mid,Lenovo,Windows,intel,high,high
4094,1.38,162.0,4.2,5200.0,120.0,0.0,512.0,0.0,16.0,75999.0,0.0,1.0,LED,No,LPDDR5X,intel,mid,HP,Windows,intel,mid,low
4095,1.78,141.0,2.8,3200.0,120.0,0.0,512.0,0.0,16.0,36990.0,1.0,1.0,LED,No,LPDDR5,amd,low,Acer,Windows,amd,mid,low
4096,1.36,162.0,4.8,5200.0,120.0,0.0,1024.0,0.0,16.0,118811.0,0.0,1.0,LED,No,DDR5,intel,low,HP,Windows,intel,high,low
4097,1.36,162.0,4.8,5200.0,120.0,0.0,1024.0,0.0,32.0,124092.0,0.0,1.0,LED,No,DDR5,intel,low,HP,Windows,intel,high,low
4098,1.77,141.0,4.8,3200.0,120.0,2.0,512.0,0.0,16.0,99500.0,0.0,1.0,LED,No,DDR4,nvidia,mid,HP,Windows,intel,high,low
4099,1.68,141.0,3.4,3200.0,120.0,0.0,256.0,0.0,8.0,59990.0,1.0,1.0,LED,No,LPDDR5X,intel,low,Acer,Google Chrome,intel,mid,low
4100,1.3,170.0,4.8,6400.0,120.0,0.0,1024.0,0.0,32.0,136633.0,0.0,1.0,LED,Yes,LPDDR5,intel,mid,HP,Windows,intel,high,low
4101,1.6,141.0,4.6,3200.0,60.0,0.0,1024.0,0.0,16.0,67999.0,1.0,0.0,OLED,No,DDR4,intel,mid,Asus,Windows,intel,mid,mid
4102,1.48,162.0,2.7,3200.0,120.0,0.0,512.0,0.0,16.0,93990.0,1.0,1.0,LED,No,DDR5,amd,low,Acer,Windows,amd,high,low
4103,1.48,162.0,2.9,3200.0,120.0,0.0,512.0,0.0,16.0,83990.0,1.0,1.0,LED,No,DDR5,amd,low,Acer,Windows,amd,mid,low
4104,3.1,178.0,5.0,3200.0,240.0,12.0,2048.0,0.0,32.0,259990.0,1.0,0.0,LED,No,DDR5,nvidia,high,MSI,Windows,intel,high,high
4105,1.7,141.0,2.6,2400.0,120.0,0.0,512.0,0.0,8.0,32990.0,0.0,1.0,LED,No,DDR4,amd,low,HP,Windows,amd,low,low
4106,1.75,141.0,3.4,3200.0,60.0,0.0,512.0,0.0,16.0,80890.0,0.0,0.0,LED,No,DDR4,intel,mid,Lenovo,Windows,intel,high,low
4107,1.74,100.0,3.0,2666.0,120.0,0.0,256.0,0.0,8.0,26191.0,0.0,1.0,LED,No,DDR4,intel,low,HP,DOS,intel,low,low
4108,1.7,141.0,2.8,3200.0,120.0,0.0,512.0,0.0,8.0,33490.0,1.0,1.0,LED,No,LPDDR5,intel,low,Acer,Windows,intel,low,low
4109,1.41,157.0,2.8,3200.0,120.0,0.0,512.0,0.0,16.0,65990.0,1.0,1.0,LED,No,DDR4,intel,mid,Acer,Windows,intel,mid,low
4110,1.59,141.0,2.8,3200.0,120.0,0.0,512.0,0.0,8.0,39999.0,1.0,1.0,LED,No,DDR4,intel,mid,Acer,Windows,intel,mid,low
4111,1.0,157.0,2.8,3200.0,120.0,0.0,512.0,0.0,8.0,59999.0,1.0,1.0,LED,No,LPDDR4X,intel,mid,Acer,Windows,intel,mid,low
4112,1.6,157.0,3.0,3200.0,120.0,0.0,512.0,0.0,8.0,55490.0,1.0,1.0,IPS LCD,No,DDR4,intel,low,Acer,Windows,intel,low,low
4113,2.1,141.0,2.8,3200.0,120.0,4.0,512.0,0.0,16.0,60990.0,1.0,1.0,LED,No,DDR4,nvidia,mid,Acer,Windows,intel,mid,high
4114,1.58,157.0,2.8,3200.0,120.0,0.0,512.0,0.0,16.0,99000.0,1.0,1.0,LED,No,DDR4,intel,mid,Acer,Windows,intel,high,low
4115,1.57,162.0,2.8,3200.0,120.0,4.0,512.0,0.0,8.0,68990.0,1.0,1.0,TFT LCD,No,LPDDR4,nvidia,low,Acer,Windows,intel,high,low
4116,1.75,141.0,2.8,3200.0,120.0,0.0,256.0,0.0,8.0,38999.0,1.0,1.0,TFT LCD,No,LPDDR5,intel,low,Acer,Windows,intel,low,low
4117,1.4,157.0,2.8,3200.0,120.0,0.0,512.0,0.0,8.0,51999.0,1.0,1.0,TFT LCD,No,LPDDR5,intel,mid,Acer,Windows,intel,mid,low
4118,1.4,157.0,3.3,3200.0,120.0,0.0,256.0,0.0,8.0,62999.0,1.0,1.0,TFT LCD,No,LPDDR4X,intel,mid,Acer,Google Chrome,intel,mid,low
4119,1.78,141.0,2.8,3200.0,120.0,4.0,512.0,0.0,8.0,62999.0,1.0,1.0,TFT LCD,No,DDR4,nvidia,low,Acer,Windows,intel,mid,high
4120,1.45,157.0,1.1,3200.0,120.0,0.0,0.0,0.0,8.0,28490.0,1.0,1.0,LED,No,LPDDR4X,intel,low,Acer,Google Chrome,intel,low,low
4121,1.75,141.0,2.8,3200.0,120.0,0.0,256.0,0.0,8.0,41999.0,1.0,1.0,LED,No,LPDDR5,intel,low,Acer,Windows,intel,low,low
4122,1.54,162.0,3.4,3200.0,120.0,0.0,512.0,0.0,8.0,38999.0,1.0,1.0,TFT LCD,Yes,LPDDR5,intel,low,Acer,Windows,intel,low,low
4123,2.7,142.0,2.8,3200.0,165.0,6.0,512.0,0.0,16.0,118999.0,1.0,0.0,TFT LCD,No,DDR5,nvidia,mid,Acer,Windows,amd,high,high
4124,2.2,141.0,2.8,3200.0,144.0,4.0,1024.0,0.0,8.0,69999.0,1.0,0.0,LED,No,DDR4,nvidia,low,Acer,Windows,intel,mid,high
4125,2.5,141.0,3.1,3200.0,144.0,4.0,512.0,0.0,16.0,69999.0,1.0,0.0,LED,No,DDR5,nvidia,mid,Acer,Windows,amd,high,high
4126,1.78,141.0,2.8,3200.0,120.0,0.0,512.0,0.0,8.0,37999.0,1.0,1.0,LED,No,LPDDR5,intel,low,Acer,Windows,intel,low,low
4127,1.5,112.0,2.8,3200.0,120.0,0.0,512.0,0.0,8.0,28999.0,1.0,1.0,LED,No,DDR4,amd,low,Acer,Windows,amd,low,low
4128,1.78,141.0,2.8,3200.0,120.0,0.0,512.0,0.0,8.0,33999.0,1.0,1.0,LED,No,LPDDR5,amd,low,Acer,Windows,amd,mid,low
4129,2.1,141.0,2.8,3200.0,144.0,6.0,512.0,0.0,8.0,69999.0,1.0,0.0,TFT LCD,No,DDR5,nvidia,mid,Acer,Windows,intel,mid,high
4130,1.78,141.0,2.8,3200.0,120.0,4.0,512.0,0.0,16.0,65999.0,1.0,1.0,TFT LCD,No,DDR4,nvidia,low,Acer,Windows,intel,mid,high
4131,1.4,162.0,2.8,3200.0,120.0,0.0,512.0,0.0,16.0,55999.0,1.0,1.0,TFT LCD,No,LPDDR5,intel,mid,Acer,Windows,intel,mid,low
4132,1.75,141.0,4.7,3200.0,120.0,0.0,512.0,0.0,16.0,60499.0,0.0,1.0,LED,No,DDR4,amd,low,HP,Windows,amd,mid,low
4133,1.28,243.0,4.8,3200.0,120.0,0.0,1024.0,0.0,16.0,104990.0,1.0,0.0,OLED,Yes,LPDDR5X,intel,mid,Asus,Windows,intel,high,high
4134,2.1,141.0,2.8,3200.0,165.0,6.0,512.0,0.0,16.0,83999.0,1.0,0.0,TFT LCD,No,DDR5,nvidia,mid,Acer,Windows,intel,high,high
4135,1.75,141.0,2.8,3200.0,120.0,0.0,512.0,0.0,8.0,39999.0,1.0,1.0,TFT LCD,No,LPDDR5,intel,low,Acer,Windows,intel,low,low
4136,1.74,100.0,3.1,3200.0,75.0,0.0,256.0,0.0,8.0,54449.0,0.0,0.0,LED,No,DDR4,intel,mid,HP,DOS,intel,mid,low
4137,1.28,243.0,4.8,3200.0,120.0,0.0,1024.0,0.0,32.0,135990.0,1.0,0.0,OLED,Yes,LPDDR5X,intel,mid,Asus,Windows,intel,high,high
4138,1.8,142.0,2.5,3200.0,60.0,4.0,512.0,0.0,16.0,63990.0,1.0,0.0,LED,No,DDR4,nvidia,mid,Asus,Windows,intel,mid,high
4139,1.5,162.0,4.2,3200.0,60.0,0.0,1024.0,0.0,16.0,62550.0,1.0,0.0,LED,Yes,DDR4,amd,low,Asus,Windows,amd,mid,high
4140,1.65,141.0,2.5,3200.0,60.0,0.0,512.0,0.0,16.0,47990.0,0.0,0.0,LED,No,DDR4,intel,mid,Lenovo,Windows,intel,mid,low
4141,1.8,141.0,4.2,4800.0,60.0,4.0,1024.0,0.0,16.0,69990.0,0.0,0.0,OLED,No,DDR4,nvidia,mid,Asus,Windows,amd,mid,high
4142,1.66,141.0,2.8,3200.0,120.0,2.0,512.0,0.0,16.0,74889.0,0.0,1.0,LED,No,DDR4,nvidia,mid,Lenovo,Windows,intel,high,low
4143,2.37,182.0,4.8,5600.0,240.0,8.0,1024.0,0.0,32.0,144999.0,0.0,0.0,LED,No,DDR5,nvidia,mid,HP,Windows,amd,high,high
4144,1.3,166.0,2.3,3200.0,120.0,0.0,512.0,0.0,8.0,64390.0,0.0,1.0,LED,Yes,DDR4,amd,low,HP,Windows,amd,mid,low
4145,1.8,141.0,4.2,3200.0,144.0,4.0,512.0,0.0,16.0,57398.0,1.0,0.0,LED,No,DDR4,nvidia,low,Asus,Windows,amd,mid,high
4146,0.99,171.0,4.8,6400.0,120.0,0.0,1024.0,0.0,32.0,231079.0,0.0,1.0,LED,Yes,LPDDR5,intel,mid,HP,Windows,intel,high,low
4147,1.95,189.0,3.7,5200.0,120.0,6.0,1024.0,0.0,16.0,109190.0,0.0,0.0,LED,No,LPDDR5,nvidia,mid,Lenovo,Windows,intel,high,high
4149,1.43,157.0,3.3,3200.0,60.0,0.0,512.0,0.0,8.0,39490.0,0.0,0.0,LED,No,DDR4,intel,low,Lenovo,Windows,intel,low,low
4150,1.4,157.0,1.3,3200.0,60.0,0.0,512.0,0.0,8.0,59990.0,0.0,0.0,LED,No,DDR4,intel,low,Lenovo,Windows,intel,mid,low
4151,1.5,157.0,3.3,3200.0,60.0,0.0,512.0,0.0,8.0,52990.0,0.0,0.0,IPS LCD,No,DDR4,intel,low,Lenovo,DOS,intel,mid,low
4152,1.65,141.0,2.5,3200.0,60.0,0.0,512.0,0.0,8.0,40990.0,0.0,0.0,LED,No,DDR4,intel,mid,Lenovo,Windows,intel,mid,low
4154,1.3,162.0,5.0,5200.0,60.0,0.0,1024.0,0.0,16.0,50000.0,0.0,0.0,OLED,No,LPDDR5X,intel,mid,Lenovo,Windows,intel,high,high
4155,1.74,141.0,4.2,3200.0,120.0,0.0,512.0,0.0,8.0,64990.0,0.0,1.0,LED,No,DDR4,intel,mid,HP,DOS,intel,mid,low
4156,1.75,141.0,1.3,3200.0,60.0,0.0,512.0,0.0,8.0,52794.0,1.0,0.0,LED,No,DDR4,intel,mid,Lenovo,Windows,intel,mid,low
4158,1.59,141.0,2.4,3200.0,60.0,0.0,512.0,0.0,8.0,36994.0,0.0,0.0,LED,No,DDR4,intel,mid,Acer,Windows,intel,mid,low
4159,2.5,189.0,2.1,4800.0,240.0,8.0,1024.0,0.0,16.0,152990.0,0.0,0.0,LED,No,DDR5,nvidia,mid,Lenovo,Windows,intel,high,high
4160,1.75,141.0,1.7,2666.0,120.0,0.0,256.0,0.0,8.0,84869.0,0.0,1.0,LED,No,DDR4,intel,low,HP,Windows,intel,low,low
4161,1.55,162.0,2.0,4266.0,60.0,0.0,512.0,0.0,16.0,59990.0,0.0,0.0,LED,Yes,DDR4,amd,low,Lenovo,Windows,amd,mid,low
4162,1.7,141.0,2.4,2666.0,60.0,0.0,512.0,0.0,8.0,51394.0,0.0,0.0,LED,No,DDR4,intel,mid,Lenovo,Windows,intel,mid,low
4163,2.78,170.0,4.8,5200.0,240.0,16.0,1024.0,0.0,32.0,340999.0,0.0,0.0,LED,No,DDR5,nvidia,high,HP,Windows,intel,high,high
4164,1.75,141.0,2.8,3200.0,120.0,0.0,512.0,0.0,8.0,46990.0,1.0,1.0,LED,No,DDR4,intel,mid,Lenovo,Windows,intel,mid,low
4165,2.29,141.0,4.2,3200.0,120.0,4.0,512.0,0.0,8.0,49900.0,0.0,1.0,LED,No,DDR4,amd,mid,HP,Windows,amd,mid,high
4166,2.09,189.0,4.8,5600.0,240.0,8.0,2048.0,0.0,32.0,292999.0,0.0,0.0,Mini LED,No,DDR5,nvidia,high,HP,Windows,intel,high,high
4167,1.76,141.0,4.2,3200.0,120.0,0.0,512.0,0.0,8.0,46964.0,1.0,1.0,LED,No,DDR4,intel,low,Acer,Windows,intel,mid,low
4168,1.38,112.0,4.2,3200.0,120.0,0.0,512.0,0.0,8.0,88223.0,0.0,1.0,LED,No,DDR4,intel,mid,HP,Windows,intel,mid,low
4169,1.5,162.0,4.6,3200.0,120.0,0.0,512.0,0.0,16.0,78655.0,0.0,1.0,LED,Yes,DDR4,intel,low,Asus,Windows,intel,mid,low
4170,1.8,142.0,2.6,3200.0,120.0,6.0,512.0,0.0,16.0,82955.0,0.0,0.0,LED,No,DDR4,nvidia,mid,Asus,Windows,intel,mid,high
4171,1.38,243.0,4.8,6400.0,120.0,0.0,1024.0,0.0,16.0,99999.0,0.0,0.0,OLED,No,LPDDR5X,amd,mid,HP,Windows,amd,high,low
4172,1.38,157.0,2.8,3200.0,60.0,0.0,512.0,0.0,16.0,42300.0,1.0,0.0,LED,No,LPDDR5,amd,low,Asus,Windows,amd,mid,low
4173,1.44,243.0,4.8,5200.0,120.0,0.0,1024.0,0.0,16.0,114999.0,0.0,1.0,OLED,No,LPDDR5X,intel,mid,HP,Windows,intel,high,low
4174,1.89,189.0,5.0,3200.0,120.0,6.0,1024.0,0.0,16.0,124999.0,1.0,1.0,LED,No,DDR4,nvidia,mid,HP,Windows,intel,high,high
4175,1.89,189.0,4.8,3200.0,120.0,6.0,1024.0,0.0,16.0,136999.0,1.0,0.0,LED,No,DDR4,nvidia,mid,HP,Windows,intel,high,high
4176,2.25,141.0,3.1,3200.0,144.0,4.0,512.0,0.0,8.0,56990.0,0.0,0.0,LED,No,DDR4,nvidia,low,Lenovo,Windows,intel,mid,high
4177,1.7,141.0,2.7,3200.0,120.0,0.0,256.0,0.0,4.0,40500.0,1.0,1.0,LED,No,DDR4,amd,low,Lenovo,Windows,amd,low,low
4178,1.3,225.0,4.8,3200.0,165.0,8.0,1024.0,0.0,16.0,150000.0,1.0,0.0,LED,Yes,LPDDR5,nvidia,mid,Asus,Windows,amd,high,high
4179,2.2,141.0,4.5,3200.0,144.0,4.0,512.0,0.0,8.0,63990.0,1.0,0.0,LED,No,DDR4,nvidia,mid,Asus,Windows,intel,mid,high
4180,1.8,141.0,3.1,3200.0,60.0,4.0,512.0,0.0,16.0,63990.0,1.0,0.0,OLED,No,DDR4,nvidia,mid,Asus,Windows,amd,high,high
4181,2.6,142.0,2.8,3200.0,165.0,8.0,1024.0,0.0,16.0,144999.0,1.0,0.0,LED,No,DDR5,nvidia,high,Acer,Windows,intel,high,high
4182,2.78,127.0,4.8,4800.0,144.0,8.0,512.0,0.0,16.0,120990.0,0.0,0.0,LED,No,DDR5,nvidia,mid,HP,Windows,intel,high,high
4183,2.6,142.0,2.8,3200.0,165.0,6.0,512.0,0.0,16.0,104990.0,1.0,0.0,LCD,No,DDR5,nvidia,mid,Acer,Windows,intel,high,high
4185,1.37,162.0,2.0,4266.0,120.0,0.0,512.0,0.0,16.0,56389.0,0.0,1.0,LED,No,DDR5,amd,low,Lenovo,Windows,amd,mid,low
4186,1.76,141.0,1.3,3200.0,60.0,0.0,512.0,0.0,12.0,31994.0,0.0,0.0,LED,No,DDR4,intel,mid,Acer,Windows,intel,mid,low
4187,1.32,170.0,3.3,4266.0,60.0,0.0,512.0,0.0,16.0,83990.0,0.0,0.0,LED,No,LPDDR4X,intel,mid,HP,Windows,intel,mid,low
4188,2.32,137.0,5.0,4800.0,165.0,8.0,1024.0,0.0,16.0,109990.0,0.0,0.0,IPS LCD,No,DDR5,nvidia,mid,HP,Windows,intel,high,high
4189,2.26,188.0,5.0,3200.0,60.0,8.0,1024.0,0.0,32.0,120990.0,1.0,0.0,LED,No,DDR5,nvidia,mid,MSI,Windows,intel,high,high
4190,1.4,162.0,4.6,5200.0,120.0,0.0,512.0,0.0,16.0,68990.0,0.0,1.0,LED,No,LPDDR5,intel,low,Lenovo,Windows,intel,mid,high
4191,2.6,141.0,3.3,3200.0,144.0,8.0,512.0,0.0,16.0,152999.0,0.0,0.0,IPS LCD,No,DDR4,nvidia,mid,Acer,Windows,intel,mid,high
4192,1.4,162.0,4.4,3200.0,60.0,4.0,512.0,0.0,16.0,64990.0,1.0,0.0,LED,No,DDR4,nvidia,low,Asus,Windows,intel,mid,high
4193,1.7,141.0,3.3,3200.0,120.0,0.0,512.0,0.0,16.0,57990.0,0.0,1.0,LED,No,DDR4,intel,mid,Lenovo,Windows,intel,mid,low
4195,1.86,141.0,2.2,3200.0,144.0,4.0,512.0,0.0,16.0,59990.0,0.0,0.0,LED,No,DDR4,nvidia,mid,MSI,Windows,intel,mid,high
4196,1.8,140.0,4.4,3200.0,60.0,6.0,512.0,0.0,16.0,70990.0,0.0,0.0,LED,No,DDR4,nvidia,mid,Asus,Windows,intel,mid,high
4197,1.72,216.0,4.8,3200.0,165.0,8.0,1024.0,0.0,32.0,201400.0,1.0,0.0,LED,No,DDR5,nvidia,mid,Asus,Windows,amd,high,high
4200,2.4,141.0,2.8,2400.0,120.0,4.0,128.0,1024.0,16.0,104990.0,0.0,1.0,LED,No,DDR4,nvidia,low,Lenovo,Windows,intel,high,high
4201,2.3,141.0,2.4,3200.0,120.0,4.0,256.0,1024.0,8.0,62990.0,1.0,1.0,LED,No,DDR4,nvidia,low,Lenovo,Windows,intel,mid,high
4202,1.98,141.0,2.1,2400.0,120.0,4.0,0.0,1024.0,8.0,57116.0,0.0,1.0,LED,No,DDR4,nvidia,low,HP,Windows,amd,mid,high
4203,2.4,141.0,2.8,2400.0,120.0,4.0,128.0,1024.0,8.0,92990.0,0.0,1.0,LED,No,DDR4,nvidia,low,Lenovo,Windows,intel,high,high
4204,2.4,141.0,2.6,2666.0,120.0,4.0,1024.0,0.0,8.0,71990.0,0.0,0.0,LED,No,DDR4,nvidia,low,Asus,Windows,intel,mid,high
4205,1.8,141.0,4.0,3200.0,120.0,0.0,256.0,1024.0,8.0,62990.0,1.0,1.0,OLED,No,DDR4,amd,low,Asus,Windows,amd,mid,low
4206,2.3,141.0,2.4,3200.0,120.0,6.0,1024.0,0.0,8.0,74990.0,1.0,1.0,LED,No,DDR4,nvidia,mid,Acer,Windows,intel,mid,high
4207,1.85,141.0,2.4,2666.0,120.0,0.0,256.0,0.0,8.0,54480.0,0.0,1.0,LED,No,DDR4,intel,mid,Dell,Windows,intel,mid,low
4208,1.88,142.0,4.5,3200.0,60.0,0.0,512.0,0.0,8.0,42990.0,1.0,0.0,LED,No,DDR4,intel,low,Asus,Windows,intel,low,low
4209,1.98,141.0,2.1,2400.0,120.0,3.0,0.0,1024.0,8.0,49990.0,0.0,1.0,LED,No,DDR4,nvidia,low,HP,Windows,amd,mid,high
4210,1.0,141.0,1.2,2666.0,120.0,0.0,512.0,0.0,8.0,42898.0,0.0,1.0,LED,No,DDR4,intel,low,Dell,Windows,intel,low,low
4213,1.5,162.0,3.2,2666.0,60.0,0.0,512.0,0.0,16.0,64990.0,0.0,0.0,LED,Yes,DDR4,amd,low,Asus,Windows,amd,high,high
4214,1.58,157.0,1.6,2666.0,120.0,0.0,256.0,0.0,8.0,71990.0,0.0,1.0,LED,Yes,DDR4,intel,low,HP,Windows,intel,mid,low
4215,2.0,141.0,2.0,3200.0,144.0,4.0,512.0,0.0,16.0,82900.0,1.0,0.0,LED,No,DDR5,nvidia,mid,Asus,Windows,intel,mid,high
4216,1.98,141.0,4.2,3200.0,144.0,4.0,512.0,0.0,8.0,60990.0,0.0,0.0,LED,No,DDR4,nvidia,low,HP,Windows,amd,mid,high
4217,1.85,141.0,1.2,2666.0,120.0,0.0,0.0,1024.0,8.0,35990.0,0.0,1.0,LED,No,DDR4,intel,low,Lenovo,Windows,intel,low,low
4218,1.75,141.0,2.3,3200.0,60.0,0.0,512.0,0.0,16.0,53999.0,0.0,0.0,LED,No,DDR4,amd,low,HP,Windows,amd,mid,low
4220,1.9,100.0,2.4,3200.0,120.0,0.0,0.0,1024.0,4.0,18999.0,1.0,1.0,LED,No,DDR4,amd,low,Acer,Windows,amd,low,low
4222,1.78,141.0,2.4,3200.0,120.0,0.0,512.0,0.0,8.0,27990.0,1.0,1.0,LED,No,LPDDR5,amd,low,Acer,Windows,amd,low,low
4223,1.26,201.0,2.4,4266.0,120.0,0.0,512.0,0.0,8.0,55282.0,0.0,1.0,LED,No,LPDDR4X,intel,mid,Lenovo,Windows,intel,mid,low
4224,1.8,141.0,3.0,3200.0,60.0,0.0,512.0,0.0,8.0,33990.0,1.0,0.0,LED,No,DDR4,intel,low,Asus,Windows,intel,low,low
4225,1.6,157.0,1.0,2666.0,120.0,2.0,256.0,1024.0,4.0,49999.0,0.0,1.0,LED,No,DDR4,nvidia,low,Lenovo,Windows,intel,mid,low
4226,1.78,141.0,2.8,3200.0,120.0,0.0,256.0,0.0,8.0,25990.0,1.0,1.0,LED,No,LPDDR5,amd,low,Acer,Windows,amd,low,low
4227,2.2,100.0,2.0,2400.0,120.0,0.0,0.0,1024.0,4.0,37420.0,0.0,1.0,LED,No,DDR4,amd,low,Dell,Windows,amd,mid,low
4228,1.72,157.0,2.4,2133.0,120.0,2.0,0.0,1024.0,4.0,52240.0,0.0,1.0,LED,Yes,DDR4,nvidia,low,HP,Windows,intel,low,low
4230,1.6,157.0,2.1,2400.0,120.0,0.0,256.0,1024.0,8.0,44990.0,0.0,1.0,LED,No,DDR4,amd,low,Lenovo,Windows,amd,mid,low
4231,1.74,141.0,4.7,3200.0,120.0,0.0,512.0,0.0,16.0,67500.0,0.0,1.0,LED,No,DDR4,intel,mid,HP,Windows,intel,mid,mid
4232,2.3,141.0,2.3,2400.0,120.0,4.0,128.0,1024.0,8.0,64990.0,0.0,1.0,LED,No,DDR4,nvidia,low,Asus,Windows,intel,mid,high
4233,1.7,147.0,3.0,3200.0,120.0,0.0,256.0,0.0,4.0,32790.0,1.0,1.0,LED,No,DDR4,intel,low,Lenovo,Windows,intel,low,low
4235,1.75,141.0,0.8,3200.0,120.0,0.0,512.0,0.0,8.0,50990.0,1.0,1.0,LED,No,DDR4,intel,low,HP,Windows,intel,low,low
4237,1.5,157.0,2.3,3200.0,120.0,0.0,512.0,0.0,8.0,56990.0,0.0,1.0,LED,Yes,DDR4,amd,low,Lenovo,Windows,amd,mid,low
4238,2.19,100.0,1.8,1600.0,120.0,0.0,0.0,1024.0,4.0,24499.0,0.0,1.0,LED,No,DDR3,amd,low,HP,DOS,amd,low,low
4239,2.33,141.0,2.4,2666.0,120.0,4.0,512.0,0.0,8.0,69990.0,0.0,1.0,LED,No,DDR4,nvidia,low,Dell,Windows,intel,mid,high
4240,0.77,267.0,1.1,3200.0,120.0,0.0,256.0,0.0,8.0,99990.0,1.0,1.0,LED,Yes,LPDDR4X,intel,low,Other,Windows,intel,mid,low
4241,1.65,157.0,2.4,3200.0,120.0,0.0,512.0,0.0,16.0,61900.0,1.0,1.0,LED,No,DDR4,intel,low,Lenovo,Windows,intel,mid,low
4242,1.74,141.0,2.8,3200.0,120.0,0.0,512.0,0.0,8.0,55800.0,0.0,1.0,LED,No,DDR4,intel,low,HP,Windows,intel,mid,low
4243,1.8,141.0,2.4,3200.0,120.0,0.0,256.0,1024.0,8.0,53999.0,1.0,1.0,LED,No,DDR4,intel,low,Dell,Windows,intel,mid,low
4244,1.66,141.0,2.4,3200.0,120.0,2.0,512.0,0.0,16.0,74300.0,0.0,1.0,LED,No,DDR4,nvidia,mid,Lenovo,Windows,intel,mid,low
4245,1.52,112.0,4.0,3200.0,120.0,0.0,256.0,0.0,8.0,55120.0,0.0,1.0,LED,Yes,DDR4,intel,mid,HP,Windows,intel,low,low
4246,2.37,141.0,2.9,3200.0,120.0,4.0,512.0,0.0,8.0,85990.0,0.0,1.0,LED,No,DDR4,nvidia,low,HP,Windows,amd,high,high
4247,1.75,100.0,2.7,2400.0,120.0,0.0,0.0,1024.0,4.0,24469.0,0.0,1.0,LED,No,DDR4,intel,low,Dell,Windows,intel,low,low
4248,1.6,155.0,2.8,3200.0,120.0,0.0,256.0,0.0,8.0,29336.0,0.0,1.0,LED,No,DDR4,intel,low,Asus,Windows,intel,low,low
4249,1.58,157.0,2.4,2666.0,120.0,2.0,512.0,0.0,8.0,55090.0,0.0,1.0,LED,No,DDR4,nvidia,low,Dell,Windows,intel,mid,low
4250,2.2,100.0,2.5,2133.0,120.0,0.0,0.0,1024.0,4.0,35990.0,0.0,1.0,LED,No,DDR4,amd,low,Dell,Windows,amd,low,low
4251,2.4,141.0,3.3,4800.0,144.0,4.0,512.0,0.0,16.0,69990.0,0.0,0.0,LED,No,DDR5,nvidia,low,Lenovo,Windows,intel,mid,high
4252,1.75,142.0,2.8,3200.0,120.0,0.0,512.0,0.0,16.0,54900.0,1.0,1.0,LED,No,DDR4,amd,low,Asus,Windows,amd,mid,high
4254,2.93,127.0,2.4,3200.0,120.0,6.0,256.0,1024.0,16.0,84990.0,1.0,1.0,LED,No,DDR4,nvidia,mid,Acer,Windows,intel,mid,high
4255,1.4,157.0,2.8,3200.0,120.0,2.0,512.0,0.0,8.0,64990.0,1.0,1.0,LED,No,DDR4,nvidia,low,Asus,Windows,intel,mid,low
4256,1.89,142.0,2.0,4800.0,120.0,0.0,512.0,0.0,16.0,59990.0,0.0,1.0,LED,No,LPDDR5,intel,low,Lenovo,Windows,intel,mid,high
4257,1.37,227.0,1.4,2133.0,120.0,0.0,128.0,0.0,8.0,97040.0,0.0,1.0,LED,No,LPDDR3,intel,low,Apple,macOS,intel,mid,low
4258,0.77,267.0,2.6,1600.0,120.0,0.0,128.0,0.0,8.0,94990.0,0.0,1.0,LED,Yes,DDR3,intel,low,Other,Windows,intel,mid,low
4259,1.74,141.0,4.2,3200.0,120.0,0.0,512.0,0.0,16.0,66990.0,0.0,1.0,LED,No,DDR4,intel,mid,HP,Windows,intel,mid,high
4260,1.4,157.0,2.4,3200.0,120.0,0.0,512.0,0.0,16.0,56990.0,1.0,1.0,LED,No,DDR4,intel,mid,Asus,Windows,intel,mid,low
4261,1.7,141.0,2.4,3200.0,120.0,0.0,512.0,0.0,8.0,53999.0,1.0,1.0,LED,No,DDR4,intel,mid,Acer,Windows,intel,mid,low
4262,1.59,112.0,2.3,2400.0,120.0,0.0,256.0,0.0,4.0,17990.0,0.0,1.0,LED,No,DDR4,amd,low,Lenovo,Windows,amd,low,low
4263,2.2,141.0,3.0,3200.0,60.0,4.0,512.0,0.0,8.0,60900.0,0.0,0.0,LED,No,DDR4,nvidia,low,Lenovo,Windows,amd,mid,high
4264,2.3,141.0,2.6,2933.0,120.0,4.0,512.0,0.0,16.0,86690.0,0.0,0.0,LED,No,DDR4,nvidia,low,Lenovo,Windows,intel,high,high
4265,2.1,141.0,2.3,2133.0,120.0,0.0,0.0,1024.0,4.0,27990.0,0.0,1.0,LED,No,DDR4,intel,low,Lenovo,Windows,intel,low,low
4266,0.99,166.0,1.6,2400.0,120.0,0.0,256.0,0.0,8.0,59990.0,0.0,1.0,LED,No,DDR4,intel,low,Asus,Windows,intel,mid,low
4267,1.62,141.0,2.0,4800.0,60.0,0.0,512.0,0.0,16.0,50990.0,0.0,0.0,LED,No,LPDDR5,intel,low,Lenovo,Windows,intel,mid,high
4268,2.25,188.0,2.8,3200.0,120.0,8.0,1024.0,0.0,16.0,132990.0,1.0,1.0,LED,No,DDR4,nvidia,high,MSI,Windows,intel,high,high
4269,2.3,127.0,2.4,3200.0,120.0,0.0,256.0,1024.0,16.0,53990.0,1.0,1.0,LED,No,DDR4,intel,mid,Asus,Windows,intel,mid,low
4270,2.38,141.0,4.6,4800.0,144.0,6.0,512.0,0.0,16.0,74990.0,0.0,0.0,LED,No,DDR5,nvidia,mid,Lenovo,Windows,intel,mid,high
4271,2.6,127.0,4.7,3200.0,144.0,4.0,1024.0,0.0,16.0,98999.0,1.0,0.0,LED,No,DDR5,nvidia,mid,Asus,Windows,intel,high,high
4272,1.86,141.0,3.3,3200.0,144.0,6.0,256.0,1024.0,16.0,87056.0,1.0,0.0,LED,No,DDR4,nvidia,mid,MSI,Windows,intel,mid,high
4273,1.37,157.0,4.5,4800.0,60.0,0.0,512.0,0.0,8.0,45990.0,0.0,0.0,LED,No,LPDDR5,intel,low,Lenovo,Windows,intel,low,low
4274,1.25,157.0,1.8,2400.0,120.0,0.0,1024.0,0.0,16.0,39990.0,0.0,1.0,LED,No,DDR4,intel,low,Other,Windows,intel,high,low
4276,1.59,141.0,4.5,3200.0,120.0,0.0,512.0,0.0,8.0,43750.0,0.0,1.0,LED,No,DDR4,intel,mid,HP,Windows,intel,low,low
4277,1.8,100.0,1.1,3200.0,120.0,0.0,0.0,1024.0,4.0,28990.0,1.0,1.0,LED,No,DDR4,intel,low,Asus,Windows,intel,low,low
4278,1.41,157.0,3.0,3200.0,120.0,0.0,256.0,0.0,8.0,34990.0,0.0,1.0,LED,No,DDR4,intel,low,Lenovo,Windows,intel,low,low
4279,1.3,157.0,2.8,3200.0,60.0,0.0,512.0,0.0,8.0,46990.0,1.0,0.0,LED,No,DDR4,intel,low,MSI,Windows,intel,mid,low
4280,1.39,157.0,2.4,3200.0,120.0,0.0,512.0,0.0,8.0,58990.0,0.0,1.0,LED,No,DDR4,intel,mid,Lenovo,Windows,intel,mid,low
4281,1.6,141.0,4.5,3200.0,120.0,0.0,512.0,0.0,8.0,35490.0,1.0,1.0,LED,No,DDR4,intel,low,HP,Windows,intel,low,low
4282,2.0,100.0,3.4,3200.0,120.0,0.0,0.0,1024.0,8.0,29990.0,1.0,1.0,LED,No,DDR4,amd,low,HP,Windows,amd,low,low
4283,2.2,141.0,2.0,1600.0,120.0,0.0,0.0,1024.0,4.0,40190.0,0.0,1.0,LED,No,DDR3,intel,low,Lenovo,Windows,intel,low,low
4284,1.76,141.0,4.2,3200.0,120.0,0.0,512.0,0.0,8.0,31990.0,0.0,1.0,LED,No,DDR4,intel,low,Other,Windows,intel,low,low
4285,2.3,141.0,2.9,3200.0,120.0,4.0,256.0,1024.0,8.0,79990.0,0.0,1.0,LED,No,DDR4,nvidia,low,Acer,Windows,amd,high,high
4286,1.86,100.0,1.6,2400.0,120.0,2.0,0.0,1024.0,4.0,42890.0,0.0,1.0,LED,No,DDR4,amd,low,HP,DOS,intel,mid,low
4287,1.64,141.0,2.4,3200.0,120.0,0.0,512.0,0.0,8.0,59790.0,0.0,1.0,LED,No,DDR4,amd,low,Dell,Windows,amd,mid,low
4288,1.58,157.0,2.8,2666.0,120.0,0.0,256.0,1024.0,4.0,44348.0,0.0,1.0,LED,No,DDR4,intel,low,Dell,Windows,intel,low,low
4291,1.86,100.0,1.5,1600.0,120.0,0.0,0.0,1024.0,4.0,24335.0,0.0,1.0,LED,No,DDR3,amd,low,HP,Windows,amd,low,low
4292,1.75,100.0,1.8,2133.0,120.0,0.0,0.0,1024.0,4.0,21190.0,0.0,1.0,LED,No,DDR4,amd,low,Lenovo,DOS,amd,low,low
4293,2.26,157.0,2.4,3200.0,120.0,0.0,256.0,0.0,4.0,24050.0,1.0,1.0,LED,No,DDR4,amd,low,Lenovo,DOS,amd,low,low
4294,2.4,100.0,2.0,2400.0,120.0,0.0,0.0,1024.0,4.0,27990.0,0.0,1.0,LED,No,DDR4,intel,low,Acer,Windows,intel,low,low
4297,2.2,112.0,2.3,2133.0,120.0,0.0,0.0,1024.0,4.0,24990.0,0.0,1.0,LED,No,DDR4,intel,low,Lenovo,DOS,intel,low,low
4298,2.6,188.0,4.0,3200.0,120.0,6.0,1024.0,0.0,16.0,139999.0,1.0,1.0,LED,No,DDR5,nvidia,mid,Acer,Windows,intel,high,high
4299,1.59,157.0,1.6,2133.0,120.0,0.0,8.0,1024.0,8.0,25990.0,0.0,1.0,LED,Yes,DDR4,intel,low,HP,Windows,intel,mid,low
4300,1.65,141.0,4.2,2666.0,120.0,0.0,512.0,0.0,16.0,50990.0,0.0,0.0,LED,No,DDR4,intel,mid,Dell,Windows,intel,mid,low
4301,1.7,141.0,3.0,3200.0,120.0,0.0,256.0,1024.0,8.0,40890.0,0.0,1.0,LED,No,DDR4,intel,low,Lenovo,Windows,intel,low,low
4302,1.83,141.0,4.2,2666.0,120.0,0.0,256.0,1024.0,4.0,56490.0,0.0,1.0,LED,No,DDR4,intel,mid,Dell,Windows,intel,mid,low
4303,2.2,100.0,2.5,2400.0,120.0,0.0,0.0,1024.0,4.0,29590.0,0.0,1.0,LED,No,DDR4,amd,low,Dell,Windows,amd,low,low
4304,1.55,157.0,2.8,3200.0,120.0,0.0,0.0,1024.0,8.0,43990.0,1.0,1.0,LED,No,DDR4,intel,mid,Acer,Windows,intel,mid,low
4305,1.83,141.0,2.4,2666.0,120.0,2.0,256.0,1024.0,8.0,58999.0,0.0,1.0,LED,No,DDR4,nvidia,low,Dell,Windows,intel,mid,low
4306,1.77,141.0,2.3,2133.0,120.0,0.0,0.0,1024.0,4.0,28490.0,0.0,1.0,LED,No,DDR4,intel,low,HP,Windows,intel,low,low
4307,1.81,141.0,4.7,3200.0,120.0,0.0,512.0,0.0,16.0,62990.0,1.0,1.0,LED,No,DDR4,intel,mid,Samsung,Windows,intel,high,low
4308,1.0,100.0,1.1,3200.0,120.0,0.0,256.0,0.0,4.0,23990.0,1.0,1.0,LED,No,DDR4,intel,low,Asus,Windows,intel,low,low
4309,1.8,141.0,4.0,2666.0,120.0,0.0,256.0,0.0,8.0,43146.0,0.0,1.0,LED,No,DDR4,intel,low,Dell,Windows,intel,low,low
4310,1.3,157.0,3.4,2133.0,120.0,0.0,128.0,1024.0,8.0,51990.0,0.0,1.0,LED,No,DDR4,intel,low,Asus,Windows,intel,mid,low
4311,2.2,100.0,2.5,2133.0,120.0,2.0,0.0,1024.0,4.0,44990.0,0.0,1.0,LED,No,DDR4,nvidia,low,Lenovo,Windows,intel,mid,low
4312,2.3,141.0,2.7,3200.0,144.0,4.0,1024.0,0.0,8.0,58990.0,0.0,0.0,LED,No,DDR4,nvidia,low,Asus,Windows,intel,mid,high
4313,1.76,141.0,2.4,3200.0,120.0,0.0,1024.0,0.0,16.0,52990.0,0.0,1.0,LED,No,DDR4,intel,mid,Other,Windows,intel,high,low
4314,1.76,141.0,2.4,3200.0,120.0,0.0,512.0,0.0,16.0,41990.0,0.0,1.0,LED,No,DDR4,intel,mid,Other,Windows,intel,high,low
4315,1.6,156.0,4.1,3200.0,60.0,0.0,512.0,0.0,8.0,32356.0,0.0,0.0,LED,No,DDR4,intel,low,Asus,Windows,intel,low,low
4316,1.65,141.0,4.2,2666.0,120.0,0.0,512.0,0.0,8.0,46990.0,0.0,0.0,LED,No,DDR4,intel,low,Dell,Windows,intel,mid,low
4317,1.5,157.0,2.8,3200.0,120.0,0.0,256.0,0.0,4.0,25999.0,1.0,1.0,LED,No,DDR4,intel,low,Lenovo,Windows,intel,low,low
4318,1.43,157.0,1.6,2400.0,120.0,0.0,128.0,1024.0,8.0,64490.0,0.0,1.0,LED,No,DDR4,intel,low,Asus,Windows,intel,mid,low
4319,2.23,141.0,2.4,2666.0,120.0,4.0,0.0,1024.0,8.0,65990.0,0.0,1.0,LED,No,DDR4,nvidia,low,HP,Windows,intel,mid,high
4320,1.7,141.0,4.8,3200.0,120.0,0.0,256.0,0.0,4.0,27990.0,1.0,1.0,LED,No,DDR4,intel,low,Acer,Windows,intel,low,low
4321,1.59,157.0,4.0,2666.0,120.0,0.0,256.0,0.0,8.0,40555.0,0.0,1.0,LED,No,DDR4,intel,low,Dell,Windows,intel,low,low
4322,1.7,141.0,4.0,3200.0,120.0,0.0,256.0,0.0,8.0,31990.0,1.0,1.0,LED,No,DDR4,intel,low,Acer,Windows,intel,low,low
4323,1.71,141.0,1.0,3200.0,120.0,2.0,512.0,0.0,8.0,65990.0,0.0,1.0,LED,No,DDR4,nvidia,low,Dell,Windows,intel,mid,low
4324,1.77,100.0,2.3,2133.0,120.0,0.0,0.0,1024.0,4.0,35190.0,0.0,1.0,LED,No,DDR4,intel,low,HP,DOS,intel,low,low
4325,2.1,100.0,1.1,1600.0,120.0,0.0,0.0,1024.0,4.0,24990.0,0.0,1.0,LED,No,DDR3,intel,low,Acer,Other,intel,low,low
4326,1.3,112.0,3.3,3200.0,120.0,0.0,256.0,0.0,8.0,25990.0,1.0,1.0,LED,No,DDR4,intel,low,Asus,Windows,intel,low,low
4327,1.32,169.0,2.4,3200.0,120.0,0.0,512.0,0.0,16.0,81990.0,1.0,1.0,LED,Yes,LPDDR4X,intel,mid,HP,Windows,intel,mid,low
4328,1.85,141.0,2.6,2666.0,120.0,0.0,256.0,0.0,8.0,34999.0,0.0,1.0,LED,No,DDR4,amd,low,Dell,Windows,amd,low,low
4329,2.1,100.0,2.6,3200.0,120.0,0.0,0.0,1024.0,4.0,25999.0,1.0,1.0,LED,No,DDR4,amd,low,Lenovo,Windows,amd,low,low
4330,1.85,141.0,2.1,2400.0,120.0,0.0,0.0,1024.0,8.0,48890.0,0.0,1.0,LED,No,DDR4,amd,low,Lenovo,Windows,amd,mid,low
4331,3.2,138.0,3.3,3200.0,120.0,0.0,512.0,0.0,16.0,51990.0,1.0,1.0,LED,No,DDR4,amd,low,Asus,Windows,amd,mid,high
4332,2.38,188.0,4.7,3200.0,165.0,8.0,1024.0,0.0,16.0,129990.0,1.0,0.0,LED,No,DDR4,nvidia,high,MSI,Windows,intel,high,high
4333,1.27,201.0,1.2,3200.0,120.0,0.0,128.0,0.0,8.0,100690.0,1.0,1.0,LED,Yes,LPDDR4X,intel,low,Other,Windows,intel,mid,low
4334,2.1,254.0,3.2,3200.0,120.0,0.0,512.0,0.0,16.0,227990.0,1.0,0.0,LED,No,DDR4,apple,mid,Apple,macOS,apple,high,high
4335,1.76,141.0,1.6,2400.0,120.0,0.0,0.0,1024.0,8.0,50176.0,0.0,1.0,LED,No,DDR4,intel,low,HP,Windows,intel,mid,low
4336,2.0,141.0,3.3,3200.0,120.0,4.0,512.0,0.0,16.0,88990.0,1.0,0.0,LED,No,DDR5,nvidia,mid,Dell,Windows,intel,mid,high
4337,1.24,157.0,1.3,4266.0,120.0,0.125,512.0,0.0,16.0,42990.0,0.0,1.0,LED,No,LPDDR4X,intel,low,Other,Windows,intel,high,low
4338,1.3,243.0,3.3,4266.0,90.0,0.0,512.0,0.0,16.0,56890.0,0.0,0.0,LED,No,LPDDR4X,intel,mid,Lenovo,Windows,intel,mid,high
4339,1.41,157.0,2.4,3200.0,120.0,0.0,512.0,0.0,16.0,55990.0,1.0,1.0,LED,No,DDR4,intel,mid,Lenovo,Windows,intel,mid,low
4340,1.96,141.0,4.2,3200.0,144.0,4.0,512.0,0.0,8.0,87490.0,0.0,0.0,LED,No,DDR4,amd,mid,MSI,Windows,amd,high,high
4341,1.59,141.0,4.1,3200.0,60.0,0.0,512.0,0.0,8.0,30690.0,1.0,0.0,LED,No,LPDDR4,intel,low,Acer,Windows,intel,low,low
4342,2.25,141.0,3.3,3200.0,120.0,4.0,512.0,0.0,16.0,72990.0,0.0,0.0,LED,No,DDR4,nvidia,mid,Lenovo,Windows,amd,high,high
4343,1.51,157.0,1.3,3200.0,60.0,0.0,512.0,0.0,16.0,70790.0,0.0,0.0,LED,Yes,DDR4,intel,mid,HP,Windows,intel,mid,low
4344,1.46,157.0,2.8,2666.0,120.0,0.0,512.0,0.0,8.0,45990.0,0.0,1.0,LED,No,DDR4,intel,low,HP,Windows,intel,low,low
4345,2.2,141.0,3.4,3200.0,144.0,4.0,512.0,0.0,8.0,49900.0,0.0,0.0,LED,No,DDR4,nvidia,low,Lenovo,Windows,amd,mid,high
4346,1.58,157.0,1.6,2666.0,120.0,2.0,256.0,1024.0,8.0,81794.0,0.0,1.0,LED,Yes,DDR4,nvidia,low,HP,Windows,intel,mid,low
4347,1.85,141.0,4.2,2666.0,120.0,0.0,512.0,0.0,8.0,47990.0,0.0,1.0,LED,No,DDR4,intel,low,Dell,Windows,intel,mid,low
4348,1.6,166.0,2.4,2133.0,120.0,0.0,0.0,1024.0,4.0,52188.0,0.0,1.0,LED,Yes,DDR4,intel,low,HP,Windows,intel,low,low
4349,1.8,138.0,4.4,3200.0,120.0,0.0,512.0,0.0,16.0,54490.0,0.0,1.0,LED,No,DDR4,amd,low,Asus,Windows,amd,high,high
4350,1.86,141.0,3.1,1866.0,120.0,0.0,0.0,1024.0,4.0,27999.0,0.0,1.0,LED,No,DDR4,amd,low,HP,Windows,amd,low,low
4351,1.5,157.0,3.0,3200.0,120.0,0.0,0.0,0.0,8.0,52990.0,1.0,1.0,LED,Yes,DDR4,intel,low,Lenovo,Windows,intel,low,low
4352,1.58,170.0,4.2,3200.0,60.0,0.0,512.0,0.0,16.0,71990.0,0.0,0.0,LED,No,DDR5,amd,low,HP,Windows,amd,mid,low
4353,1.58,170.0,4.2,3200.0,120.0,0.0,512.0,0.0,16.0,70990.0,0.0,1.0,LED,No,DDR5,amd,low,HP,Windows,amd,mid,low
4354,1.7,141.0,1.2,3200.0,60.0,0.0,512.0,0.0,8.0,32780.0,1.0,0.0,LED,No,DDR4,intel,low,Asus,Windows,intel,low,low
4355,1.37,227.0,2.3,2133.0,120.0,0.0,256.0,0.0,8.0,126990.0,0.0,1.0,LED,No,LPDDR3,intel,low,Apple,macOS,intel,mid,low
4356,1.5,190.0,1.1,1600.0,120.0,0.0,0.0,500.0,4.0,29721.0,0.0,1.0,LED,Yes,DDR3,intel,low,Acer,Windows,intel,low,low
4357,1.51,157.0,4.2,3200.0,120.0,0.0,512.0,0.0,8.0,53890.0,0.0,1.0,LED,Yes,DDR4,intel,low,HP,Windows,intel,low,low
4358,1.5,157.0,4.2,3200.0,120.0,0.0,512.0,0.0,8.0,46990.0,1.0,1.0,LED,Yes,LPDDR4X,intel,mid,Asus,Windows,intel,mid,low
4359,1.48,141.0,4.7,4266.0,60.0,0.0,1024.0,0.0,16.0,57999.0,0.0,0.0,LED,No,LPDDR4,intel,mid,Other,Windows,intel,high,low
4360,1.46,162.0,2.0,3200.0,120.0,0.0,512.0,0.0,16.0,58190.0,1.0,1.0,LED,No,LPDDR5,intel,low,Lenovo,Windows,intel,mid,high
4361,2.2,141.0,2.3,2133.0,120.0,0.0,0.0,1024.0,8.0,32990.0,0.0,1.0,LED,No,DDR4,intel,low,Lenovo,DOS,intel,low,low
4362,2.3,188.0,4.7,3200.0,165.0,6.0,1024.0,0.0,16.0,109990.0,0.0,0.0,LED,No,DDR4,nvidia,mid,MSI,Windows,intel,high,high
4363,1.37,227.0,2.3,2133.0,120.0,0.0,256.0,0.0,8.0,143990.0,0.0,1.0,LED,No,LPDDR3,intel,low,Apple,macOS,intel,mid,low
4365,1.7,100.0,4.0,3200.0,120.0,0.0,512.0,0.0,8.0,33400.0,0.0,1.0,LED,No,DDR4,intel,low,HP,Windows,intel,low,low
4366,1.46,157.0,4.7,3200.0,120.0,0.0,512.0,0.0,16.0,67390.0,1.0,1.0,LED,No,DDR4,intel,low,Dell,Windows,intel,mid,high
4368,2.1,141.0,1.6,2133.0,120.0,0.0,0.0,1024.0,4.0,35990.0,0.0,1.0,LED,No,DDR4,intel,low,Acer,Windows,intel,mid,low
4370,1.59,141.0,4.6,3200.0,120.0,0.0,512.0,0.0,8.0,53300.0,0.0,1.0,LED,No,DDR4,intel,mid,HP,Windows,intel,mid,low
4371,2.0,100.0,2.6,2400.0,120.0,0.0,0.0,1024.0,4.0,25985.0,0.0,1.0,LED,No,DDR4,amd,low,Dell,Windows,amd,low,low
4372,1.8,141.0,2.1,3200.0,120.0,0.0,512.0,0.0,8.0,50490.0,1.0,1.0,LED,No,DDR4,intel,low,Dell,Windows,amd,mid,low
4373,1.83,141.0,1.2,2400.0,120.0,0.0,0.0,1024.0,4.0,42629.0,0.0,1.0,LED,No,DDR4,intel,low,Dell,Windows,intel,low,low
4374,2.5,127.0,4.7,4266.0,144.0,4.0,512.0,0.0,16.0,110064.0,0.0,0.0,LED,No,DDR5,nvidia,mid,Asus,Windows,amd,high,high
4375,1.6,157.0,3.4,3200.0,120.0,0.0,512.0,0.0,8.0,33990.0,0.0,1.0,LED,No,DDR4,intel,low,Asus,Windows,intel,low,low
4376,2.3,188.0,4.8,3200.0,120.0,6.0,1024.0,0.0,16.0,119990.0,0.0,1.0,LED,No,DDR4,nvidia,mid,Acer,Windows,intel,high,high
4377,1.7,141.0,2.6,3200.0,120.0,0.0,512.0,0.0,8.0,32999.0,0.0,1.0,LED,No,DDR4,amd,low,Lenovo,Windows,amd,low,low
4378,1.85,141.0,3.3,3200.0,60.0,0.0,512.0,0.0,16.0,70373.0,0.0,0.0,LED,No,DDR4,intel,low,Dell,Windows,intel,mid,low
4379,1.6,111.0,1.2,3200.0,120.0,0.0,256.0,0.0,8.0,31390.0,1.0,1.0,LED,No,DDR4,intel,low,Asus,Windows,intel,low,low
4380,1.86,141.0,3.3,3200.0,144.0,4.0,256.0,1024.0,16.0,68222.0,1.0,0.0,LED,No,DDR4,nvidia,low,MSI,Windows,intel,mid,high
4381,1.4,157.0,2.8,3200.0,120.0,0.0,256.0,0.0,4.0,37999.0,1.0,1.0,LED,No,DDR4,intel,low,Asus,Windows,intel,low,low
4382,2.0,226.0,2.6,2666.0,120.0,4.0,1024.0,0.0,16.0,215990.0,0.0,1.0,LED,No,DDR4,amd,mid,Apple,macOS,intel,high,high
4383,2.28,141.0,2.4,2666.0,120.0,4.0,256.0,1024.0,8.0,77540.0,0.0,1.0,LED,No,DDR4,nvidia,low,HP,Windows,intel,mid,high
4384,1.45,156.0,1.4,1600.0,120.0,0.0,32.0,0.0,2.0,14999.0,0.0,1.0,LED,No,DDR3,intel,low,Other,Windows,intel,low,low
4385,2.5,127.0,4.7,3200.0,144.0,4.0,512.0,0.0,8.0,102990.0,1.0,0.0,LED,No,DDR5,nvidia,mid,Asus,Windows,amd,high,high
4386,1.5,243.0,4.7,3200.0,90.0,0.0,512.0,0.0,16.0,80990.0,1.0,0.0,OLED,No,DDR4,intel,mid,Asus,Windows,intel,high,high
4387,1.59,157.0,1.3,3200.0,120.0,0.0,512.0,0.0,16.0,69250.0,0.0,1.0,LED,No,DDR4,intel,mid,Lenovo,Windows,intel,mid,low
4388,1.8,105.0,2.1,3200.0,120.0,0.0,256.0,0.0,8.0,27990.0,1.0,1.0,LED,No,DDR4,intel,low,Asus,Windows,intel,low,low
4389,1.25,135.0,1.1,2933.0,120.0,0.0,128.0,0.0,4.0,28490.0,0.0,1.0,LED,Yes,LPDDR4X,intel,low,Lenovo,Google Chrome,intel,low,low
4390,0.77,267.0,1.2,3200.0,120.0,0.0,128.0,0.0,4.0,69990.0,1.0,1.0,LED,Yes,LPDDR4X,intel,low,Other,Windows,intel,low,low
4391,1.4,243.0,4.7,3200.0,90.0,0.0,512.0,0.0,16.0,69990.0,0.0,0.0,OLED,No,DDR4,amd,low,Asus,Windows,amd,high,high
4392,2.04,141.0,2.5,2133.0,120.0,4.0,0.0,1024.0,4.0,61290.0,0.0,1.0,LED,No,DDR4,nvidia,low,HP,Windows,intel,mid,low
4393,1.41,157.0,2.1,3200.0,120.0,2.0,512.0,0.0,16.0,55946.0,1.0,1.0,LED,No,DDR4,nvidia,mid,HP,Windows,amd,mid,low
4394,2.2,141.0,2.4,2133.0,120.0,4.0,0.0,1024.0,8.0,94790.0,0.0,1.0,LED,No,DDR4,nvidia,low,Lenovo,Windows,intel,mid,high
4395,2.4,141.0,3.4,3200.0,144.0,6.0,512.0,0.0,16.0,92990.0,1.0,0.0,LED,No,DDR5,nvidia,mid,Lenovo,Windows,amd,high,high
4396,1.85,141.0,1.0,2133.0,120.0,0.0,0.0,1024.0,4.0,42990.0,0.0,1.0,LED,No,DDR4,intel,low,Lenovo,Windows,intel,mid,low
4397,1.05,135.0,1.1,3200.0,120.0,0.0,64.0,0.0,4.0,12999.0,1.0,1.0,LED,No,DDR4,intel,low,Asus,Windows,intel,low,low
4398,1.4,216.0,2.0,3200.0,120.0,0.0,512.0,0.0,16.0,77752.0,1.0,0.0,LED,No,LPDDR5,intel,low,Other,Windows,intel,mid,high
4399,1.63,141.0,4.2,3200.0,60.0,0.0,512.0,0.0,16.0,47990.0,1.0,0.0,OLED,No,LPDDR5,amd,low,Asus,Windows,amd,mid,low
4401,2.08,100.0,2.6,1866.0,120.0,0.0,0.0,1024.0,4.0,49000.0,0.0,1.0,LED,No,DDR4,amd,low,HP,Windows,amd,low,low
4402,1.6,157.0,1.6,3200.0,120.0,0.0,512.0,0.0,8.0,46833.0,1.0,1.0,LED,No,DDR4,intel,low,Asus,Windows,intel,mid,low
4403,1.69,157.0,1.6,3200.0,120.0,0.0,512.0,0.0,8.0,58990.0,1.0,1.0,LED,No,DDR4,intel,low,Lenovo,Windows,intel,mid,low
4404,1.7,210.0,3.0,3200.0,60.0,6.0,1024.0,0.0,32.0,199990.0,0.0,0.0,LED,No,DDR4,nvidia,mid,Asus,Windows,amd,high,high
4405,2.2,141.0,1.0,2666.0,120.0,0.0,512.0,0.0,8.0,59900.0,0.0,1.0,LED,No,DDR4,intel,low,Dell,Windows,intel,mid,low
4406,1.68,141.0,2.0,2400.0,120.0,2.0,0.0,1024.0,4.0,29990.0,0.0,1.0,LED,No,DDR4,nvidia,low,Asus,Windows,intel,low,low
4407,1.48,157.0,1.6,3200.0,120.0,2.0,512.0,0.0,8.0,59990.0,1.0,1.0,LED,No,LPDDR3,nvidia,low,Asus,Windows,intel,mid,low
4408,2.1,100.0,2.5,1866.0,120.0,0.0,0.0,1024.0,4.0,21490.0,0.0,1.0,LED,No,DDR4,amd,low,HP,DOS,amd,low,low
4409,1.12,141.0,1.2,3200.0,120.0,0.0,256.0,0.0,8.0,39990.0,0.0,1.0,LED,No,DDR4,intel,low,Other,Windows,intel,mid,low
4410,1.68,141.0,2.0,2400.0,120.0,2.0,0.0,1024.0,8.0,35000.0,0.0,1.0,LED,No,DDR4,nvidia,low,Asus,Windows,intel,low,low
4412,2.24,141.0,2.6,2666.0,120.0,6.0,512.0,1024.0,16.0,165999.0,0.0,1.0,LED,No,DDR4,nvidia,mid,HP,Windows,intel,high,high
4413,1.75,112.0,1.1,3200.0,120.0,0.0,256.0,0.0,4.0,24990.0,1.0,1.0,LED,No,DDR4,intel,low,Acer,Windows,intel,low,low
4414,1.52,112.0,2.1,2400.0,120.0,0.0,0.0,1024.0,4.0,32999.0,0.0,1.0,LED,No,DDR4,amd,low,HP,DOS,amd,low,low
4415,2.3,100.0,2.3,1600.0,120.0,2.0,0.0,1024.0,4.0,38965.0,0.0,1.0,LED,No,DDR3,amd,low,Lenovo,DOS,intel,mid,low
4416,2.4,141.0,2.8,2400.0,120.0,4.0,128.0,1024.0,8.0,89990.0,0.0,1.0,LED,No,DDR4,nvidia,low,Dell,Windows,intel,high,high
4417,2.3,100.0,1.8,1600.0,120.0,2.0,0.0,500.0,4.0,39390.0,0.0,1.0,LED,No,DDR3,amd,low,HP,Windows,intel,low,low
4418,1.54,162.0,4.0,3200.0,120.0,0.0,512.0,0.0,8.0,44999.0,1.0,1.0,LED,Yes,LPDDR5,intel,low,Acer,Windows,intel,low,low
4419,2.4,127.0,2.8,3200.0,300.0,8.0,1024.0,0.0,16.0,174990.0,0.0,0.0,LED,No,DDR4,nvidia,high,Asus,Windows,amd,high,high
4420,2.3,141.0,2.9,3200.0,144.0,6.0,1024.0,0.0,8.0,128000.0,0.0,0.0,LED,No,DDR4,nvidia,mid,Asus,Windows,amd,high,high
4421,2.2,141.0,2.5,2400.0,120.0,4.0,128.0,1024.0,16.0,99852.0,0.0,1.0,LED,No,DDR4,nvidia,low,HP,Windows,intel,mid,high
4422,1.7,210.0,3.0,3200.0,60.0,6.0,1024.0,0.0,16.0,148949.0,0.0,0.0,LED,No,DDR4,nvidia,mid,Asus,Windows,amd,high,high
4423,1.7,141.0,2.5,3200.0,60.0,0.0,512.0,0.0,8.0,46990.0,1.0,0.0,LED,No,DDR4,intel,mid,Asus,Windows,intel,mid,high
4424,1.8,141.0,1.6,2133.0,120.0,2.0,16.0,1024.0,8.0,34999.0,0.0,1.0,LED,No,DDR4,nvidia,low,Acer,Windows,intel,mid,low
4425,1.86,100.0,2.7,1866.0,120.0,2.0,0.0,1024.0,4.0,36990.0,0.0,1.0,LED,No,DDR4,amd,low,HP,Windows,amd,low,mid
4426,1.7,147.0,3.0,3200.0,120.0,0.0,256.0,0.0,8.0,47990.0,1.0,1.0,LED,No,DDR4,intel,low,Lenovo,Windows,intel,low,low
4428,1.75,166.0,2.7,2400.0,120.0,0.0,512.0,0.0,8.0,153002.0,0.0,1.0,LED,Yes,DDR4,intel,low,Lenovo,Windows,intel,high,low
4429,2.2,100.0,2.1,1600.0,120.0,0.0,0.0,500.0,4.0,33890.0,0.0,1.0,LED,No,DDR3,intel,low,HP,Windows,intel,low,low
4430,1.9,142.0,2.5,3200.0,120.0,4.0,512.0,0.0,16.0,88990.0,0.0,0.0,LED,No,DDR4,nvidia,mid,Asus,Windows,intel,high,high
4431,1.77,141.0,2.2,2400.0,120.0,0.0,0.0,1024.0,4.0,35176.0,0.0,1.0,LED,No,DDR4,intel,low,HP,Windows,intel,low,low
4432,1.23,166.0,4.0,2666.0,120.0,0.0,1024.0,0.0,8.0,78190.0,0.0,1.0,LED,No,LPDDR4X,intel,mid,Dell,Windows,intel,mid,low
4433,2.2,100.0,2.3,2133.0,120.0,0.0,0.0,1024.0,4.0,25990.0,0.0,1.0,LED,No,DDR4,intel,low,Lenovo,DOS,intel,low,low
4434,1.9,141.0,2.0,2133.0,120.0,0.0,0.0,1024.0,4.0,28999.0,0.0,1.0,LED,No,DDR4,intel,low,Asus,Windows,intel,low,low
4435,1.75,141.0,2.0,3200.0,120.0,0.0,512.0,0.0,16.0,107731.0,0.0,1.0,LED,Yes,DDR4,amd,low,HP,Windows,amd,high,low
4436,1.65,141.0,4.0,3200.0,120.0,0.0,0.0,1024.0,4.0,38990.0,1.0,1.0,LED,No,DDR4,intel,low,Acer,Windows,intel,low,low
4437,1.8,141.0,3.0,3200.0,60.0,0.0,256.0,0.0,8.0,44990.0,1.0,0.0,LED,No,DDR4,intel,low,Asus,Windows,intel,low,low
4438,1.75,141.0,2.8,3200.0,120.0,2.0,512.0,0.0,16.0,73190.0,0.0,1.0,LED,No,DDR4,nvidia,mid,HP,Windows,intel,mid,low
4439,1.85,141.0,1.0,2667.0,120.0,0.0,256.0,1024.0,8.0,40990.0,0.0,1.0,LED,No,DDR4,intel,low,Lenovo,Windows,intel,mid,low
4440,1.8,141.0,2.4,3200.0,60.0,2.0,512.0,0.0,8.0,49990.0,1.0,0.0,LED,No,DDR4,nvidia,low,Asus,Windows,intel,mid,low
4441,1.86,100.0,2.0,2133.0,120.0,0.0,0.0,1024.0,4.0,27990.0,0.0,1.0,LED,No,DDR4,intel,low,HP,DOS,intel,low,low
4442,1.75,141.0,4.7,3200.0,120.0,2.0,512.0,0.0,16.0,69990.0,0.0,1.0,LED,No,DDR4,nvidia,mid,HP,Windows,intel,mid,low
4443,2.2,141.0,2.3,2400.0,120.0,6.0,1024.0,0.0,16.0,99900.0,0.0,1.0,LED,No,DDR4,nvidia,mid,Asus,Windows,amd,high,high
4444,1.9,141.0,2.3,3200.0,120.0,0.0,512.0,0.0,4.0,31990.0,1.0,1.0,LED,No,DDR4,intel,low,Asus,Windows,intel,low,low
4445,2.2,141.0,2.5,2933.0,60.0,4.0,256.0,1024.0,8.0,109990.0,0.0,0.0,LED,No,DDR4,nvidia,low,Lenovo,Windows,intel,mid,high
4446,1.75,127.0,2.8,2400.0,120.0,8.0,256.0,1024.0,16.0,169990.0,0.0,1.0,LED,No,DDR4,nvidia,high,HP,Windows,intel,high,high
4447,1.34,171.0,2.8,3733.0,120.0,0.0,512.0,0.0,16.0,101680.0,0.0,1.0,LED,Yes,LPDDR4X,intel,mid,HP,Windows,intel,mid,low
4448,1.8,141.0,4.2,3200.0,144.0,4.0,512.0,0.0,16.0,53990.0,0.0,0.0,LED,No,DDR4,nvidia,low,MSI,Windows,intel,mid,high
4449,2.2,166.0,3.0,1866.0,120.0,0.0,256.0,0.0,8.0,75994.0,0.0,1.0,LED,No,DDR4,intel,low,Dell,Windows,intel,mid,low
4450,1.52,157.0,4.2,3200.0,60.0,0.0,512.0,0.0,16.0,73999.0,0.0,0.0,LED,Yes,DDR4,intel,mid,HP,Windows,intel,mid,low
4451,1.75,141.0,1.6,3200.0,120.0,2.0,256.0,1024.0,8.0,65287.0,1.0,1.0,LED,No,DDR4,nvidia,low,Asus,Windows,intel,mid,low
4452,2.38,188.0,2.8,3200.0,165.0,8.0,1024.0,0.0,16.0,199990.0,1.0,0.0,LED,No,DDR4,nvidia,high,MSI,Windows,intel,high,high
4453,1.75,141.0,1.8,2400.0,120.0,2.0,256.0,1024.0,8.0,69437.0,0.0,1.0,LED,No,DDR4,nvidia,low,Asus,Windows,intel,high,low
4454,1.0,141.0,2.3,3200.0,60.0,0.0,512.0,0.0,16.0,78990.0,0.0,0.0,OLED,No,DDR4,intel,mid,Asus,Windows,intel,high,high
4455,1.32,166.0,2.8,2933.0,120.0,0.0,512.0,0.0,16.0,101680.0,0.0,1.0,LED,Yes,DDR4,intel,mid,HP,Windows,intel,high,low
4456,1.75,149.0,1.4,1600.0,120.0,0.0,32.0,0.0,2.0,19999.0,0.0,1.0,LED,Yes,DDR3,intel,low,Other,Windows,intel,low,low
4457,1.9,141.0,2.6,3200.0,60.0,0.0,0.0,1024.0,4.0,37590.0,0.0,0.0,LED,No,DDR4,amd,low,Asus,Windows,amd,low,low
4458,1.7,141.0,4.0,3200.0,120.0,0.0,512.0,0.0,8.0,63700.0,0.0,1.0,LED,No,DDR4,intel,mid,Asus,Windows,intel,mid,low
4460,1.9,141.0,1.0,3200.0,120.0,0.0,0.0,1024.0,8.0,45190.0,1.0,1.0,LED,No,DDR4,intel,low,Asus,Windows,intel,mid,low
4461,1.14,166.0,2.4,4266.0,120.0,0.0,512.0,0.0,16.0,81990.0,0.0,1.0,OLED,No,LPDDR4X,intel,mid,Asus,Windows,intel,mid,low
4462,2.2,100.0,2.1,1600.0,120.0,2.0,0.0,1024.0,4.0,44190.0,0.0,1.0,LED,No,DDR3,nvidia,low,HP,Windows,intel,low,low
4463,1.59,157.0,2.4,3200.0,120.0,0.0,512.0,0.0,8.0,56990.0,0.0,1.0,LED,No,DDR4,intel,low,Dell,Windows,intel,mid,low
4464,1.24,208.0,2.4,3200.0,120.0,2.0,512.0,0.0,8.0,73690.0,1.0,1.0,LED,No,LPDDR4,nvidia,mid,Dell,Windows,intel,mid,low
4465,1.8,112.0,2.3,2400.0,120.0,0.0,0.0,1024.0,4.0,28750.0,0.0,1.0,LED,No,DDR4,intel,low,HP,DOS,intel,low,low
4466,1.25,157.0,2.4,4266.0,120.0,0.0,0.0,0.0,8.0,28890.0,0.0,1.0,LED,No,LPDDR4X,qualcomm,low,HP,Windows,qualcomm,low,low
4467,1.87,141.0,2.3,2133.0,120.0,2.0,0.0,1024.0,8.0,45990.0,0.0,1.0,LED,No,DDR4,amd,low,Lenovo,Windows,intel,low,low
4468,2.3,189.0,2.3,3200.0,165.0,8.0,1024.0,0.0,32.0,129990.0,0.0,0.0,LED,No,DDR4,nvidia,high,Lenovo,Windows,intel,high,high
4469,2.3,100.0,2.0,1600.0,120.0,0.0,0.0,1024.0,4.0,24900.0,0.0,1.0,LED,No,DDR3,intel,low,Asus,Windows,intel,low,low
4470,1.26,232.0,2.4,3200.0,120.0,0.0,1024.0,0.0,16.0,72990.0,1.0,1.0,LED,No,LPDDR4,intel,mid,Lenovo,Windows,intel,mid,low
4471,0.62,149.0,1.1,2133.0,120.0,0.0,128.0,0.0,4.0,21994.0,0.0,1.0,LED,Yes,LPDDR4,intel,low,Lenovo,Windows,intel,low,low
4472,1.8,141.0,1.8,2400.0,120.0,2.0,256.0,1024.0,8.0,111890.0,0.0,1.0,LED,No,DDR4,nvidia,low,Lenovo,Windows,intel,high,low
4473,1.7,141.0,2.4,3200.0,120.0,0.0,256.0,1024.0,16.0,72600.0,1.0,1.0,LED,No,DDR4,intel,mid,Asus,Windows,intel,mid,low
4474,2.14,282.0,2.6,2933.0,120.0,0.0,1024.0,0.0,16.0,161500.0,0.0,1.0,LED,No,DDR4,intel,low,HP,Windows,intel,high,high
4475,1.6,157.0,1.2,2666.0,120.0,0.0,256.0,0.0,4.0,39990.0,0.0,1.0,LED,No,DDR4,intel,low,Lenovo,Windows,intel,low,low
4476,2.1,141.0,3.3,3200.0,144.0,4.0,1024.0,0.0,16.0,89990.0,1.0,0.0,LED,No,DDR5,nvidia,mid,Asus,Windows,amd,high,high
4477,1.85,141.0,1.2,3200.0,120.0,0.0,0.0,1024.0,4.0,37990.0,1.0,1.0,LED,No,DDR4,intel,low,Lenovo,Windows,intel,low,low
4479,1.7,141.0,3.0,3200.0,120.0,0.0,256.0,0.0,4.0,48300.0,0.0,1.0,LED,No,DDR4,intel,low,Lenovo,DOS,intel,low,low
4480,1.2,157.0,2.2,1866.0,120.0,0.0,512.0,0.0,8.0,64990.0,0.0,1.0,LED,No,DDR4,intel,low,Asus,Windows,intel,high,low
4482,1.75,141.0,2.4,3198.0,120.0,0.0,256.0,0.0,8.0,42262.0,0.0,1.0,LED,No,DDR4,intel,low,Asus,Windows,intel,low,low
4483,1.7,141.0,2.3,2400.0,120.0,0.0,0.0,1024.0,4.0,33990.0,0.0,1.0,LED,No,DDR4,intel,low,Asus,Windows,intel,low,low
4484,1.53,141.0,2.8,3200.0,120.0,0.0,256.0,0.0,8.0,78890.0,1.0,1.0,LED,No,DDR4,amd,low,Other,Windows,amd,mid,low
4485,1.86,157.0,1.6,2666.0,120.0,0.0,512.0,0.0,8.0,71500.0,0.0,1.0,LED,Yes,DDR4,intel,low,Dell,Windows,intel,mid,low
4486,2.3,141.0,2.8,3200.0,144.0,6.0,512.0,0.0,16.0,119990.0,0.0,0.0,LED,No,DDR4,nvidia,mid,Asus,Windows,amd,high,high
4487,2.35,137.0,2.6,2933.0,120.0,4.0,256.0,1024.0,16.0,95490.0,0.0,1.0,LED,No,DDR4,nvidia,low,HP,Windows,intel,high,high
4488,1.9,100.0,1.1,2400.0,120.0,0.0,256.0,0.0,4.0,27990.0,0.0,1.0,LED,Yes,DDR4,intel,low,Asus,Windows,intel,low,low
4489,1.7,141.0,2.4,3200.0,120.0,0.0,512.0,0.0,16.0,79999.0,1.0,1.0,LED,No,DDR4,intel,low,Lenovo,Windows,intel,mid,low
4490,1.63,157.0,1.6,2133.0,120.0,0.0,0.0,1024.0,8.0,65990.0,0.0,1.0,LED,Yes,DDR4,intel,low,HP,Windows,intel,mid,low
4491,2.3,100.0,2.1,3200.0,120.0,2.0,0.0,1024.0,8.0,27500.0,1.0,1.0,LED,No,DDR3,nvidia,low,Asus,Windows,intel,low,low
4492,1.69,157.0,2.6,3200.0,120.0,0.0,256.0,0.0,8.0,44990.0,1.0,1.0,LED,No,DDR4,amd,low,Lenovo,Windows,amd,low,low
4493,2.1,100.0,2.6,3200.0,120.0,0.0,0.0,1024.0,4.0,26800.0,1.0,1.0,LED,No,DDR4,amd,low,Lenovo,DOS,amd,low,low
4494,1.8,157.0,2.4,1600.0,120.0,0.0,0.0,1024.0,8.0,72890.0,0.0,1.0,LED,No,DDR3,intel,low,Lenovo,Windows,intel,high,low
4495,1.69,141.0,4.8,2666.0,120.0,0.0,512.0,0.0,8.0,44590.0,0.0,1.0,LED,No,DDR4,intel,low,Dell,Windows,intel,low,low
4496,1.65,157.0,3.0,3200.0,120.0,0.0,0.0,1024.0,8.0,30990.0,1.0,1.0,LED,No,DDR4,intel,low,Acer,Windows,intel,low,low
4497,1.7,100.0,2.3,3200.0,240.0,0.0,0.0,1024.0,4.0,25999.0,1.0,0.0,LED,No,DDR4,amd,low,HP,DOS,amd,low,low
4498,1.75,166.0,1.6,2133.0,120.0,0.0,512.0,0.0,8.0,76999.0,0.0,1.0,LED,Yes,LPDDR3,intel,low,Dell,Windows,intel,mid,low
4499,1.0,141.0,1.6,2400.0,120.0,4.0,0.0,1024.0,8.0,52990.0,0.0,1.0,LED,No,DDR4,nvidia,low,Asus,Windows,intel,mid,low
4500,1.65,157.0,1.6,2666.0,120.0,0.0,128.0,0.0,8.0,63990.0,0.0,1.0,LED,Yes,DDR4,intel,low,HP,Google Chrome,intel,mid,low
4501,1.59,157.0,2.1,2400.0,120.0,2.0,256.0,1024.0,4.0,59878.0,0.0,1.0,LED,Yes,DDR4,nvidia,low,HP,Windows,intel,low,low
4502,2.3,127.0,4.2,3200.0,120.0,0.0,256.0,1024.0,16.0,51990.0,1.0,1.0,LED,No,DDR4,intel,mid,Asus,Windows,intel,mid,low
4503,1.8,142.0,4.7,3200.0,120.0,4.0,512.0,0.0,16.0,69990.0,1.0,0.0,LED,No,DDR4,nvidia,mid,Asus,Windows,intel,mid,high
4504,1.63,141.0,4.2,5500.0,60.0,0.0,512.0,0.0,16.0,50890.0,0.0,0.0,OLED,No,DDR5,amd,low,Asus,Windows,amd,mid,low
4506,1.63,141.0,4.2,5500.0,60.0,0.0,512.0,0.0,16.0,50990.0,0.0,0.0,OLED,No,DDR5,amd,low,Asus,Windows,amd,mid,low
4507,1.59,157.0,2.1,3200.0,120.0,0.0,256.0,0.0,8.0,34990.0,1.0,1.0,LED,No,DDR4,amd,low,Dell,Windows,amd,mid,low
4508,1.58,170.0,4.7,3200.0,120.0,0.0,1024.0,0.0,16.0,91616.0,0.0,1.0,LED,No,DDR5,amd,low,HP,Windows,amd,high,low
4509,1.11,166.0,3.9,3733.0,120.0,0.0,1024.0,0.0,16.0,89990.0,0.0,1.0,LED,No,DDR4,intel,low,Asus,Windows,intel,high,low
4510,1.7,141.0,2.8,3200.0,120.0,2.0,128.0,1024.0,8.0,57990.0,1.0,1.0,LED,No,DDR4,nvidia,mid,Acer,Windows,intel,mid,low
4511,2.4,100.0,2.0,2133.0,120.0,0.0,0.0,1024.0,4.0,28999.0,0.0,1.0,LED,No,DDR4,intel,low,Lenovo,Windows,intel,low,low
4512,1.05,135.0,1.1,2400.0,60.0,0.0,128.0,0.0,4.0,26990.0,0.0,0.0,LED,No,DDR4,intel,low,Asus,Windows,intel,low,low
4513,1.0,112.0,1.9,1600.0,120.0,0.0,0.0,1024.0,4.0,40056.0,0.0,1.0,LED,No,DDR3,intel,low,HP,Windows,intel,low,low
4514,1.5,157.0,2.4,3200.0,120.0,0.0,1024.0,0.0,16.0,89990.0,1.0,1.0,LED,No,DDR4,intel,mid,Lenovo,Windows,intel,mid,low
4516,2.1,141.0,2.8,3200.0,144.0,6.0,512.0,0.0,16.0,79990.0,1.0,0.0,TFT LCD,No,DDR5,nvidia,mid,Acer,Windows,intel,mid,high
4517,1.9,141.0,4.1,2666.0,60.0,0.0,0.0,1024.0,4.0,34990.0,0.0,0.0,LED,No,DDR4,intel,low,Asus,Windows,intel,low,low
4518,1.02,218.0,1.8,2133.0,120.0,0.0,128.0,0.0,4.0,25489.0,0.0,1.0,LED,Yes,DDR4,intel,low,Lenovo,Windows,intel,low,low
4519,1.6,141.0,4.0,3200.0,120.0,0.0,256.0,0.0,4.0,44990.0,1.0,1.0,LED,No,DDR4,intel,low,Asus,Windows,intel,low,low
4520,2.1,141.0,2.6,3200.0,144.0,8.0,1024.0,0.0,16.0,161494.0,0.0,0.0,LED,No,DDR4,nvidia,high,Lenovo,Windows,intel,high,high
4521,1.75,141.0,1.6,2400.0,120.0,0.0,0.0,1024.0,4.0,38990.0,0.0,1.0,LED,No,DDR4,intel,low,HP,DOS,intel,mid,low
4522,1.66,141.0,2.4,3200.0,120.0,0.0,512.0,0.0,16.0,59900.0,1.0,1.0,LED,No,DDR4,intel,mid,Lenovo,Windows,intel,mid,low
4523,1.74,100.0,4.2,3200.0,120.0,0.0,0.0,1024.0,8.0,39990.0,1.0,1.0,LED,No,DDR4,intel,low,HP,Windows,intel,low,low
4524,1.8,141.0,2.3,3200.0,120.0,0.0,0.0,1024.0,4.0,26990.0,1.0,1.0,LED,No,DDR4,amd,low,Asus,Windows,amd,low,low
4525,2.2,100.0,1.7,1600.0,120.0,2.0,0.0,1024.0,4.0,47890.0,0.0,1.0,LED,No,DDR3,nvidia,low,HP,Windows,intel,mid,low
4526,1.43,157.0,1.6,2400.0,120.0,2.0,256.0,1024.0,8.0,57990.0,0.0,1.0,LED,No,DDR4,amd,low,HP,Windows,intel,mid,low
4527,2.2,141.0,3.0,2133.0,120.0,0.0,0.0,1024.0,8.0,54990.0,0.0,1.0,LED,No,DDR4,intel,low,Lenovo,Windows,intel,mid,low
4528,2.25,141.0,3.1,3200.0,120.0,4.0,512.0,0.0,16.0,56999.0,0.0,0.0,LED,No,DDR4,nvidia,low,Lenovo,Windows,intel,mid,high
4529,1.3,157.0,1.1,3200.0,120.0,0.0,256.0,0.0,4.0,27990.0,1.0,1.0,LED,No,DDR4,intel,low,Asus,Windows,intel,low,low
4530,1.6,157.0,3.2,2400.0,120.0,0.0,256.0,0.0,4.0,28990.0,0.0,1.0,LED,No,DDR4,amd,low,Asus,Windows,amd,low,low
4532,1.9,141.0,2.1,3200.0,120.0,0.0,0.0,1024.0,8.0,38990.0,1.0,1.0,LED,No,DDR4,intel,low,Asus,Windows,intel,low,low
4533,1.85,141.0,1.6,3200.0,120.0,2.0,0.0,1024.0,8.0,42990.0,1.0,1.0,LED,No,DDR4,nvidia,low,Lenovo,DOS,intel,mid,low
4534,1.8,142.0,4.4,3200.0,60.0,4.0,512.0,0.0,8.0,57990.0,1.0,0.0,LED,No,DDR4,nvidia,low,Asus,Windows,intel,mid,high
4535,1.2,135.0,1.1,1600.0,120.0,0.0,0.0,500.0,2.0,19490.0,0.0,1.0,LED,No,DDR3,intel,low,Asus,Windows,intel,low,low
4536,1.8,141.0,2.8,3200.0,120.0,0.0,0.0,1024.0,8.0,42450.0,1.0,1.0,LED,No,DDR4,intel,low,Dell,Windows,intel,low,low
4537,1.6,157.0,1.2,2666.0,120.0,0.0,0.0,1024.0,8.0,49000.0,0.0,1.0,LED,No,DDR4,intel,low,Lenovo,Windows,intel,low,low
4538,1.78,141.0,1.2,2666.0,120.0,0.0,256.0,1024.0,8.0,59990.0,0.0,1.0,LED,No,DDR4,intel,mid,Dell,Windows,intel,mid,low
4539,1.27,157.0,1.1,2666.0,120.0,0.0,0.0,0.0,4.0,67581.0,0.0,1.0,LED,No,DDR4,intel,low,Asus,Google Chrome,intel,low,low
4540,1.7,141.0,1.8,2400.0,120.0,2.0,0.0,1024.0,8.0,57359.0,0.0,1.0,LED,No,DDR4,nvidia,low,Asus,Windows,intel,high,low
4541,1.68,100.0,1.1,2400.0,120.0,0.0,0.0,1024.0,4.0,22590.0,0.0,1.0,LED,No,DDR4,intel,low,Asus,Windows,intel,low,low
4542,2.3,141.0,2.9,3200.0,120.0,4.0,512.0,0.0,8.0,77990.0,1.0,1.0,LED,No,DDR4,nvidia,mid,Asus,Windows,amd,high,high
4543,0.51,149.0,1.1,2133.0,120.0,0.0,64.0,0.0,4.0,26450.0,0.0,1.0,LED,Yes,LPDDR4,intel,low,Lenovo,Windows,intel,low,low
4544,2.2,141.0,2.3,2133.0,120.0,0.0,0.0,1024.0,4.0,29990.0,0.0,1.0,LED,No,DDR4,intel,low,Lenovo,Windows,intel,low,low
4545,1.47,112.0,3.4,3200.0,240.0,0.0,512.0,0.0,8.0,39999.0,0.0,0.0,LED,No,DDR4,intel,low,HP,Windows,intel,low,low
4546,1.65,157.0,2.4,3200.0,120.0,0.0,512.0,0.0,8.0,52100.0,1.0,1.0,LED,No,DDR4,intel,mid,Acer,Windows,intel,mid,low
4547,1.92,141.0,2.6,3200.0,120.0,0.0,512.0,0.0,4.0,26990.0,1.0,1.0,LED,No,DDR4,amd,low,Lenovo,DOS,amd,low,low
4548,1.4,157.0,2.8,3200.0,120.0,0.0,512.0,0.0,16.0,98657.0,0.0,1.0,LED,Yes,DDR4,intel,mid,Lenovo,Windows,intel,high,low
4549,2.3,127.0,2.8,3200.0,120.0,0.0,512.0,0.0,16.0,43427.0,1.0,1.0,LED,No,DDR4,intel,mid,Asus,Windows,intel,mid,low
4550,2.2,141.0,2.3,2400.0,120.0,4.0,512.0,0.0,8.0,59490.0,0.0,1.0,LED,No,DDR4,nvidia,low,Asus,Windows,amd,high,high
4551,2.62,141.0,2.2,2400.0,120.0,8.0,512.0,1024.0,16.0,184990.0,0.0,1.0,LED,No,DDR4,nvidia,high,MSI,Windows,intel,high,high
4552,2.3,141.0,2.5,2933.0,120.0,4.0,256.0,1024.0,8.0,87000.0,0.0,1.0,LED,No,DDR4,nvidia,low,Lenovo,Windows,intel,mid,high
4553,1.55,141.0,2.4,3200.0,120.0,4.0,512.0,0.0,8.0,57299.0,1.0,1.0,LED,No,DDR4,nvidia,low,Lenovo,Windows,intel,mid,high
4554,1.77,141.0,1.6,2400.0,120.0,2.0,0.0,2048.0,8.0,69999.0,0.0,1.0,LED,Yes,DDR4,nvidia,low,HP,Windows,intel,mid,low
4555,2.7,127.0,2.1,2400.0,120.0,4.0,0.0,1024.0,8.0,60990.0,0.0,1.0,LED,No,DDR4,nvidia,low,Asus,Windows,amd,mid,high
4556,1.9,141.0,2.3,3200.0,120.0,0.0,256.0,0.0,4.0,24990.0,1.0,1.0,LED,No,DDR4,intel,low,Asus,Windows,intel,low,low
4559,2.2,141.0,2.4,2133.0,120.0,2.0,0.0,1024.0,4.0,35000.0,0.0,1.0,LED,No,DDR4,nvidia,low,Asus,Other,intel,low,low
4561,1.98,141.0,2.3,2400.0,120.0,4.0,256.0,1024.0,8.0,73490.0,0.0,1.0,LED,No,DDR4,nvidia,low,HP,Windows,amd,high,high
4562,1.75,141.0,1.8,2400.0,120.0,2.0,0.0,1024.0,8.0,55990.0,0.0,1.0,LED,No,DDR4,nvidia,low,Asus,Windows,intel,high,low
4563,1.47,112.0,1.0,2666.0,120.0,0.0,256.0,1024.0,8.0,59990.0,0.0,1.0,LED,No,DDR4,intel,low,HP,Windows,intel,mid,low
4564,1.8,141.0,2.4,3200.0,120.0,0.0,256.0,1024.0,8.0,53990.0,1.0,1.0,LED,No,DDR4,intel,low,Asus,Windows,intel,mid,low
4565,1.85,141.0,2.3,3200.0,120.0,0.0,256.0,1024.0,4.0,50990.0,1.0,1.0,LED,No,DDR4,intel,low,Lenovo,Windows,intel,low,low
4567,2.2,100.0,2.3,1600.0,120.0,0.0,0.0,1024.0,4.0,41920.0,0.0,1.0,LED,No,DDR3,intel,low,Dell,Other,intel,mid,low
4568,2.2,100.0,1.8,2133.0,120.0,0.0,0.0,1024.0,4.0,28490.0,0.0,1.0,LED,No,DDR4,amd,low,Lenovo,Windows,amd,low,low
4569,1.45,243.0,5.4,3200.0,90.0,4.0,1024.0,0.0,16.0,114990.0,0.0,0.0,OLED,No,DDR4,nvidia,mid,Asus,Windows,intel,high,high
4570,1.74,141.0,1.2,3200.0,120.0,0.0,0.0,1024.0,8.0,37990.0,1.0,1.0,LED,No,DDR4,intel,low,HP,Windows,intel,low,low
4571,1.9,141.0,2.4,3200.0,120.0,0.0,0.0,2048.0,4.0,29671.0,0.0,1.0,LED,No,DDR4,intel,low,Lenovo,DOS,intel,low,low
4572,1.22,166.0,1.9,2666.0,120.0,0.0,512.0,0.0,8.0,22689.0,0.0,1.0,LED,No,DDR4,intel,low,Lenovo,Windows,intel,high,low
4573,2.0,141.0,2.8,3200.0,240.0,8.0,1024.0,0.0,16.0,149990.0,0.0,0.0,LED,No,DDR4,nvidia,high,Asus,Windows,intel,high,high
4575,1.8,142.0,4.2,3200.0,60.0,4.0,512.0,0.0,16.0,75999.0,1.0,0.0,LED,No,DDR4,nvidia,low,Asus,Windows,intel,mid,high
4576,1.6,157.0,3.7,3200.0,120.0,0.0,512.0,0.0,4.0,45300.0,1.0,1.0,LED,No,DDR4,amd,low,Asus,Windows,amd,mid,low
4577,1.17,157.0,2.8,3200.0,120.0,0.0,512.0,0.0,16.0,75990.0,1.0,1.0,LED,No,LPDDR4X,intel,mid,Asus,Windows,intel,high,low
4578,1.76,141.0,2.8,3200.0,120.0,0.0,512.0,0.0,8.0,49990.0,1.0,1.0,LED,No,DDR4,amd,low,Acer,Windows,amd,mid,low
4579,1.38,247.0,1.2,1600.0,120.0,0.0,128.0,0.0,4.0,41390.0,0.0,1.0,LED,Yes,DDR3,intel,low,Other,Windows,intel,mid,mid
4580,1.78,141.0,4.5,3200.0,120.0,0.0,512.0,0.0,8.0,37990.0,1.0,1.0,TFT LCD,No,LPDDR5,intel,low,Acer,Windows,intel,low,low
4581,1.77,100.0,1.1,2400.0,120.0,0.0,0.0,1024.0,4.0,21499.0,0.0,1.0,LED,No,DDR4,intel,low,HP,Windows,intel,low,low
4582,1.8,100.0,2.8,3200.0,120.0,0.0,0.0,1024.0,8.0,29990.0,0.0,1.0,LED,No,DDR4,intel,low,Asus,Windows,intel,low,low
4583,2.5,141.0,2.8,2400.0,120.0,4.0,128.0,1024.0,8.0,87990.0,0.0,1.0,LED,No,DDR4,nvidia,low,Asus,Windows,intel,high,high
4584,2.5,282.0,2.4,2666.0,60.0,8.0,1024.0,0.0,32.0,356166.0,0.0,0.0,LED,No,DDR4,nvidia,high,Dell,Windows,intel,high,high
4585,1.5,157.0,2.7,3200.0,120.0,0.0,256.0,0.0,4.0,49990.0,0.0,1.0,LED,No,DDR4,amd,low,Asus,Windows,amd,low,low
4586,1.77,157.0,1.8,2666.0,120.0,2.0,512.0,0.0,16.0,126000.0,0.0,1.0,LED,No,DDR4,amd,mid,Lenovo,Windows,intel,high,low
4587,2.2,112.0,3.0,3200.0,120.0,0.0,0.0,1024.0,4.0,23490.0,1.0,1.0,LED,No,DDR4,amd,low,Lenovo,DOS,amd,low,low
4588,1.7,141.0,3.4,3200.0,120.0,0.0,256.0,0.0,8.0,29980.0,1.0,1.0,TFT LCD,No,LPDDR5,intel,low,Acer,Windows,intel,low,low
4589,1.55,157.0,2.8,3200.0,120.0,0.0,256.0,0.0,8.0,49990.0,1.0,1.0,LED,No,DDR4,intel,low,Asus,Windows,intel,mid,low
4590,2.1,141.0,2.7,2133.0,120.0,2.0,0.0,1024.0,8.0,50990.0,0.0,1.0,LED,No,DDR4,nvidia,low,Asus,DOS,intel,high,low
4591,1.8,141.0,2.4,3200.0,120.0,0.0,512.0,0.0,16.0,61990.0,0.0,1.0,OLED,No,DDR4,intel,mid,Asus,Windows,intel,mid,low
4592,2.4,141.0,2.4,2933.0,120.0,4.0,512.0,0.0,8.0,78324.0,0.0,0.0,LED,No,DDR4,nvidia,low,Dell,Windows,intel,mid,high
4593,2.57,141.0,2.3,3200.0,300.0,8.0,1024.0,0.0,16.0,141504.0,1.0,0.0,LED,No,DDR4,nvidia,high,Asus,Windows,intel,high,high
4594,3.05,127.0,1.8,5200.0,120.0,4.0,128.0,1024.0,12.0,163601.0,0.0,1.0,LED,Yes,DDR4,nvidia,low,HP,Windows,intel,high,low
4595,2.35,137.0,2.2,2933.0,120.0,4.0,256.0,1024.0,16.0,96490.0,0.0,1.0,LED,No,DDR4,nvidia,low,HP,Windows,intel,high,high
4596,1.6,156.0,1.2,3200.0,120.0,0.0,0.0,1024.0,4.0,34200.0,0.0,1.0,LED,No,DDR4,intel,low,Asus,Windows,intel,low,low
4597,2.2,141.0,2.4,3200.0,120.0,0.0,512.0,0.0,8.0,71999.0,0.0,1.0,LED,No,DDR4,intel,low,Dell,Windows,intel,mid,low
4598,1.26,166.0,1.8,2133.0,120.0,2.0,512.0,0.0,8.0,82300.0,0.0,1.0,LED,No,LPDDR3,nvidia,low,Asus,Windows,intel,mid,low
4599,1.75,141.0,1.7,3200.0,120.0,0.0,512.0,0.0,8.0,36850.0,1.0,1.0,LED,No,DDR4,intel,low,Acer,Windows,intel,low,low
4600,2.4,189.0,3.4,3200.0,120.0,8.0,2048.0,0.0,32.0,135323.0,1.0,1.0,LED,No,LPDDR5,nvidia,high,Acer,Windows,intel,high,high
4601,1.78,141.0,3.3,3200.0,120.0,0.0,512.0,0.0,8.0,56999.0,1.0,1.0,LED,No,DDR4,intel,mid,Acer,Windows,intel,mid,low
4602,1.45,112.0,1.1,3200.0,120.0,0.0,256.0,0.0,4.0,29999.0,1.0,1.0,LED,No,DDR4,intel,low,Acer,Windows,intel,low,low
4603,1.8,141.0,2.3,2666.0,120.0,0.0,256.0,0.0,4.0,42711.0,0.0,1.0,LED,No,DDR4,amd,low,Dell,Windows,amd,low,low
4604,1.05,157.0,4.7,3200.0,120.0,0.0,1024.0,0.0,16.0,94990.0,1.0,1.0,LED,Yes,LPDDR4,intel,mid,Acer,Windows,intel,high,low
4605,1.55,162.0,4.7,3200.0,120.0,0.0,512.0,0.0,16.0,69990.0,0.0,1.0,LED,No,DDR4,intel,mid,Dell,Windows,intel,mid,mid
4606,2.3,141.0,3.0,3200.0,120.0,4.0,256.0,1024.0,8.0,60990.0,0.0,1.0,LED,No,DDR4,nvidia,low,Acer,Windows,amd,mid,high
4607,1.63,141.0,4.7,3200.0,60.0,2.0,512.0,0.0,8.0,64990.0,0.0,0.0,LED,No,DDR4,nvidia,mid,Dell,Windows,intel,mid,high
4608,1.85,141.0,4.8,2666.0,60.0,0.0,256.0,1024.0,8.0,48999.0,0.0,0.0,LED,No,DDR4,intel,low,Dell,Windows,intel,low,low
4611,2.57,266.0,4.7,3200.0,120.0,6.0,1024.0,0.0,16.0,170000.0,1.0,1.0,LED,No,DDR5,nvidia,mid,Dell,Windows,intel,high,high
4612,1.85,141.0,4.8,2666.0,60.0,0.0,256.0,0.0,8.0,41990.0,0.0,0.0,LED,No,DDR4,intel,low,Dell,Windows,intel,low,low
4613,1.55,162.0,4.7,3200.0,120.0,2.0,512.0,0.0,16.0,74989.0,0.0,1.0,LED,No,LPDDR4X,nvidia,mid,Dell,Windows,intel,mid,mid
4615,1.55,157.0,4.7,3200.0,120.0,2.0,1024.0,0.0,16.0,87490.0,0.0,1.0,LED,No,DDR4,nvidia,mid,Dell,Windows,intel,high,low
4617,1.46,157.0,4.0,3200.0,60.0,0.0,512.0,0.0,8.0,49489.0,0.0,0.0,LED,No,DDR4,intel,low,Dell,Windows,intel,low,low
4618,1.46,157.0,4.7,3200.0,60.0,2.0,512.0,0.0,8.0,64989.0,0.0,0.0,LED,No,DDR4,nvidia,mid,Dell,Windows,intel,mid,high
4619,2.4,141.0,4.0,2933.0,120.0,4.0,512.0,0.0,16.0,96990.0,0.0,1.0,LED,No,DDR4,nvidia,mid,Dell,Windows,intel,high,high
4620,1.46,157.0,4.8,3200.0,60.0,2.0,512.0,0.0,16.0,84989.0,0.0,0.0,LED,No,DDR4,nvidia,mid,Dell,Windows,intel,high,high
4621,1.63,141.0,4.7,3200.0,60.0,0.0,512.0,0.0,16.0,66989.0,0.0,0.0,LED,No,DDR4,intel,mid,Dell,Windows,intel,mid,high
4622,1.54,157.0,2.8,3200.0,60.0,0.0,512.0,0.0,16.0,72989.0,0.0,0.0,LED,No,DDR4,amd,low,Dell,Windows,amd,high,low
4623,1.63,141.0,3.4,3200.0,60.0,0.0,512.0,0.0,8.0,49489.0,0.0,0.0,LED,No,DDR4,intel,low,Dell,Windows,intel,low,low
4624,1.7,141.0,1.7,3200.0,120.0,0.0,512.0,0.0,8.0,58980.0,0.0,1.0,LED,No,DDR4,intel,low,Asus,Windows,intel,mid,mid
4625,1.75,141.0,2.8,3200.0,120.0,0.0,0.0,1024.0,8.0,45165.0,1.0,1.0,LED,No,DDR4,intel,low,HP,Windows,intel,low,low
4626,1.4,135.0,2.8,3200.0,120.0,0.0,256.0,0.0,4.0,23990.0,1.0,1.0,LED,No,DDR4,intel,low,Acer,Windows,intel,low,low
4627,1.3,166.0,4.2,3200.0,60.0,0.0,512.0,0.0,8.0,70480.0,0.0,0.0,LED,No,DDR4,amd,low,HP,Windows,amd,mid,low
4628,2.25,141.0,4.7,3200.0,240.0,6.0,1024.0,0.0,16.0,132990.0,0.0,0.0,LED,No,DDR4,nvidia,mid,MSI,Windows,intel,high,high
4629,1.63,141.0,4.7,3200.0,60.0,0.0,512.0,0.0,8.0,62490.0,0.0,0.0,LED,No,DDR4,intel,mid,Dell,Windows,intel,mid,high
4630,1.7,210.0,3.0,3200.0,120.0,4.0,1.0,0.0,16.0,130990.0,0.0,0.0,LED,No,DDR4,nvidia,mid,Asus,Windows,amd,high,high
4631,1.91,142.0,4.7,3200.0,120.0,0.0,512.0,0.0,8.0,66199.0,0.0,1.0,LED,No,DDR4,intel,low,Dell,Windows,intel,mid,mid
4632,2.38,188.0,3.0,3200.0,144.0,8.0,1024.0,0.0,16.0,147743.0,1.0,0.0,LED,No,DDR5,nvidia,high,MSI,Windows,intel,high,high
4633,1.91,142.0,4.7,3200.0,120.0,2.0,1024.0,0.0,16.0,95800.0,0.0,1.0,LED,No,DDR4,nvidia,mid,Dell,Windows,intel,high,mid
4634,1.46,112.0,2.6,2400.0,60.0,0.0,128.0,0.0,8.0,56952.0,0.0,0.0,LED,Yes,DDR4,amd,low,HP,Windows,amd,low,low
4635,2.25,141.0,3.3,3200.0,120.0,4.0,512.0,0.0,16.0,87717.0,0.0,0.0,LED,No,DDR4,nvidia,mid,Lenovo,Windows,amd,high,high
4636,1.8,141.0,1.7,3200.0,120.0,0.0,256.0,0.0,4.0,34988.0,0.0,1.0,LED,No,DDR4,intel,low,Asus,DOS,intel,low,low
4637,1.91,142.0,4.7,3200.0,120.0,0.0,512.0,0.0,16.0,70200.0,0.0,1.0,LCD,No,DDR4,intel,mid,Dell,Windows,intel,mid,mid
4638,1.85,141.0,3.4,2400.0,120.0,0.0,0.0,1024.0,4.0,32999.0,0.0,1.0,LED,No,DDR4,amd,low,Lenovo,Windows,amd,low,low
4639,2.47,188.0,3.0,3200.0,165.0,8.0,1024.0,0.0,16.0,179990.0,1.0,0.0,LED,No,DDR4,nvidia,high,MSI,Windows,intel,high,high
4641,1.91,142.0,4.7,2400.0,120.0,2.0,512.0,0.0,16.0,77800.0,0.0,1.0,LED,No,DDR4,nvidia,mid,Dell,Windows,intel,mid,mid
4642,1.9,138.0,4.0,3200.0,60.0,0.0,512.0,0.0,16.0,58499.0,0.0,0.0,LED,No,DDR4,amd,low,Dell,Windows,amd,mid,low
4644,1.3,157.0,4.2,3200.0,120.0,0.0,512.0,0.0,8.0,120824.0,0.0,1.0,LED,No,DDR4,intel,low,HP,Windows,intel,mid,low
4646,1.4,157.0,4.0,3200.0,120.0,0.0,512.0,0.0,8.0,52490.0,0.0,1.0,LED,No,DDR4,amd,low,Lenovo,Windows,amd,mid,low
4647,2.8,100.0,3.4,3200.0,120.0,0.0,256.0,0.0,8.0,36584.0,1.0,1.0,LED,No,DDR4,amd,low,HP,Windows,amd,low,low
4648,2.42,188.0,4.7,3200.0,240.0,8.0,1024.0,0.0,16.0,214990.0,1.0,0.0,LED,No,DDR5,nvidia,high,Dell,Windows,intel,high,high
4649,2.69,188.0,4.7,4266.0,240.0,16.0,1024.0,0.0,32.0,269990.0,0.0,0.0,LED,No,DDR5,nvidia,high,Dell,Windows,intel,high,high
4650,1.69,141.0,3.4,2666.0,60.0,0.0,256.0,0.0,8.0,39989.0,0.0,0.0,LED,No,DDR4,intel,low,Dell,Windows,intel,low,low
4651,1.7,157.0,2.9,3200.0,120.0,4.0,512.0,0.0,8.0,74500.0,0.0,1.0,LED,No,DDR4,nvidia,low,Asus,Windows,amd,high,high
4652,1.8,100.0,4.2,3200.0,120.0,0.0,0.0,1024.0,4.0,38000.0,1.0,1.0,LED,No,DDR4,intel,low,Asus,Windows,intel,low,low
4654,1.3,157.0,4.7,3200.0,120.0,0.0,1024.0,0.0,16.0,151000.0,1.0,1.0,LED,No,DDR4,intel,mid,HP,Windows,intel,high,low
4655,1.7,141.0,4.8,3200.0,120.0,0.0,0.0,1024.0,4.0,35490.0,1.0,1.0,LED,No,DDR4,intel,low,Acer,Windows,intel,low,low
4656,1.89,141.0,4.7,3200.0,120.0,4.0,1024.0,0.0,32.0,189499.0,0.0,1.0,LED,No,DDR4,nvidia,mid,HP,Windows,intel,high,high
4657,1.7,141.0,4.2,3200.0,120.0,0.0,0.0,1024.0,8.0,38190.0,1.0,1.0,LED,No,DDR3,intel,mid,Acer,Windows,intel,mid,low
4658,2.0,100.0,4.0,3200.0,120.0,0.0,0.0,1024.0,4.0,34590.0,1.0,1.0,LED,No,DDR4,intel,low,Asus,DOS,intel,low,low
4660,3.0,100.0,4.2,3200.0,120.0,0.0,512.0,0.0,8.0,73390.0,1.0,1.0,LED,No,DDR4,intel,low,HP,Windows,intel,mid,low
4662,5.0,141.0,4.8,3200.0,120.0,4.0,512.0,0.0,16.0,95900.0,1.0,1.0,LED,No,DDR4,nvidia,mid,Asus,Windows,intel,high,high
4663,1.8,141.0,2.5,2933.0,120.0,4.0,512.0,0.0,8.0,89900.0,0.0,1.0,LED,No,DDR4,nvidia,low,Dell,Windows,intel,mid,high
4664,1.7,157.0,2.8,3200.0,120.0,0.0,256.0,0.0,4.0,46500.0,1.0,1.0,LED,No,DDR4,intel,low,Lenovo,DOS,intel,low,low
4665,1.83,141.0,2.6,3200.0,120.0,0.0,0.0,1024.0,8.0,37990.0,1.0,1.0,LED,No,DDR4,amd,low,Dell,Windows,amd,low,low
4666,2.0,141.0,3.3,3200.0,240.0,8.0,1024.0,0.0,16.0,134980.0,1.0,0.0,LED,No,DDR4,nvidia,high,Asus,Windows,intel,high,high
4667,1.7,141.0,2.1,2666.0,120.0,0.0,256.0,0.0,8.0,24837.0,0.0,1.0,LED,No,DDR4,intel,low,Lenovo,Windows,intel,low,low
4668,2.6,127.0,2.8,3200.0,144.0,6.0,1024.0,0.0,16.0,117990.0,0.0,0.0,LED,No,DDR4,nvidia,mid,Asus,Windows,amd,high,high
4669,1.83,100.0,2.3,2400.0,120.0,0.0,256.0,0.0,4.0,32849.0,0.0,1.0,LED,No,DDR4,amd,low,Dell,Windows,amd,low,low
4670,2.3,141.0,2.5,2933.0,144.0,4.0,512.0,0.0,8.0,58999.0,0.0,0.0,LED,No,DDR4,nvidia,low,Asus,Windows,intel,mid,high
4671,1.26,166.0,2.8,3200.0,120.0,0.0,512.0,0.0,16.0,95000.0,1.0,1.0,LED,No,DDR4,intel,mid,Lenovo,Windows,intel,high,low
4672,1.74,141.0,2.8,3200.0,120.0,0.0,512.0,0.0,8.0,61900.0,0.0,1.0,LED,No,DDR4,intel,low,HP,Windows,intel,mid,low
4673,1.6,157.0,3.0,3200.0,144.0,4.0,1024.0,0.0,16.0,116990.0,0.0,0.0,LED,No,DDR4,nvidia,mid,Asus,Windows,amd,high,high
4674,2.3,141.0,3.0,3200.0,144.0,6.0,512.0,0.0,16.0,112990.0,0.0,0.0,LED,No,DDR4,nvidia,mid,Asus,Windows,amd,high,high
4675,2.3,141.0,3.3,3200.0,300.0,8.0,1024.0,0.0,16.0,169990.0,0.0,0.0,LED,No,DDR4,nvidia,high,Asus,Windows,amd,high,high
4676,2.0,141.0,2.8,3200.0,120.0,0.0,512.0,0.0,8.0,45900.0,1.0,1.0,LED,No,DDR4,intel,low,Lenovo,Windows,intel,low,low
4677,1.8,141.0,2.8,3200.0,120.0,0.0,256.0,1024.0,8.0,66990.0,1.0,1.0,OLED,No,DDR4,intel,mid,Asus,Windows,intel,high,low
4678,1.25,157.0,1.8,2400.0,120.0,0.0,512.0,0.0,8.0,40990.0,0.0,1.0,LED,No,DDR4,intel,low,Other,Windows,intel,mid,low
4679,2.2,141.0,2.2,3200.0,144.0,4.0,512.0,0.0,16.0,77990.0,0.0,0.0,LED,No,DDR4,nvidia,mid,Asus,Windows,intel,mid,high
4680,2.4,141.0,2.8,3200.0,120.0,0.0,512.0,0.0,8.0,39650.0,1.0,1.0,LED,No,DDR4,intel,low,Lenovo,Windows,intel,low,low
4681,1.6,141.0,1.0,2666.0,120.0,2.0,256.0,1024.0,8.0,66999.0,0.0,1.0,LED,No,DDR4,nvidia,low,Lenovo,Windows,intel,mid,low
4682,1.39,157.0,2.4,3200.0,120.0,0.0,1024.0,0.0,8.0,63999.0,0.0,1.0,LED,No,DDR4,intel,mid,Lenovo,Windows,intel,mid,low
4683,2.3,141.0,2.7,3200.0,144.0,4.0,512.0,0.0,16.0,92990.0,1.0,0.0,LED,No,DDR4,nvidia,mid,Asus,Windows,intel,mid,high
4684,1.5,157.0,2.4,3200.0,120.0,0.0,512.0,0.0,8.0,67990.0,0.0,1.0,LED,No,DDR5,intel,mid,Lenovo,Windows,intel,mid,low
4685,1.7,141.0,2.1,2666.0,120.0,0.0,256.0,0.0,4.0,36990.0,0.0,1.0,LED,No,DDR4,intel,low,Lenovo,Windows,intel,low,low
4686,1.7,147.0,3.0,3200.0,120.0,0.0,256.0,0.0,4.0,65990.0,1.0,1.0,LED,No,DDR4,intel,low,Lenovo,Windows,intel,low,low
4687,1.7,141.0,3.1,3200.0,120.0,0.0,0.0,1024.0,4.0,38305.0,1.0,1.0,LED,No,DDR4,intel,low,Lenovo,Windows,intel,low,low
4688,1.75,157.0,2.8,3200.0,120.0,0.0,512.0,0.0,16.0,130000.0,0.0,1.0,LED,No,DDR4,intel,mid,Lenovo,Windows,intel,high,low
4689,2.4,141.0,2.8,3200.0,144.0,4.0,256.0,1024.0,16.0,89990.0,1.0,0.0,LED,No,DDR4,nvidia,mid,Acer,Windows,amd,high,high
4690,1.14,166.0,2.8,3200.0,60.0,0.0,512.0,0.0,16.0,75980.0,1.0,0.0,LED,No,LPDDR4X,amd,low,Asus,Windows,amd,mid,low
4691,2.41,141.0,1.0,3200.0,120.0,0.0,512.0,0.0,8.0,55824.0,1.0,1.0,LED,No,DDR4,intel,low,Lenovo,Windows,intel,mid,low
4692,2.3,141.0,2.8,3200.0,300.0,6.0,1024.0,0.0,16.0,145990.0,0.0,0.0,LED,No,DDR4,nvidia,mid,Asus,Windows,amd,high,high
4693,1.5,156.0,2.4,3200.0,60.0,0.0,256.0,0.0,8.0,44990.0,0.0,0.0,LED,No,DDR4,intel,mid,Asus,Windows,intel,mid,low
4694,1.81,141.0,2.1,3200.0,120.0,0.0,512.0,0.0,8.0,49339.0,1.0,1.0,LED,No,DDR4,amd,low,Lenovo,Windows,amd,mid,low
4695,2.6,127.0,2.2,3200.0,120.0,4.0,1024.0,0.0,8.0,83000.0,1.0,1.0,LED,No,DDR4,nvidia,mid,Asus,Windows,intel,mid,high
4696,1.8,157.0,2.4,3200.0,60.0,0.0,512.0,0.0,16.0,66490.0,1.0,0.0,LED,No,DDR4,intel,low,Asus,Windows,intel,mid,low
4697,2.0,141.0,3.3,3200.0,144.0,4.0,1024.0,0.0,16.0,104343.0,0.0,0.0,LED,No,DDR4,nvidia,mid,Asus,Windows,intel,high,high
4698,1.6,157.0,2.8,3200.0,120.0,0.0,256.0,0.0,8.0,37500.0,0.0,1.0,LED,No,DDR4,intel,low,Asus,Windows,intel,low,low
4699,1.6,157.0,3.0,3200.0,144.0,4.0,1024.0,0.0,8.0,79999.0,0.0,0.0,LED,No,DDR4,nvidia,low,Asus,Windows,amd,high,high
4700,1.6,157.0,4.2,3200.0,144.0,4.0,1024.0,0.0,8.0,80990.0,0.0,0.0,LED,No,DDR4,nvidia,low,Asus,Windows,amd,high,high
4701,1.7,147.0,2.4,3200.0,120.0,0.0,128.0,1024.0,8.0,59990.0,1.0,1.0,LED,No,DDR4,intel,low,Lenovo,Windows,intel,mid,low
4702,2.3,141.0,2.5,2933.0,120.0,4.0,512.0,0.0,8.0,59990.0,0.0,0.0,LED,No,DDR4,nvidia,low,Lenovo,Windows,intel,mid,high
4703,2.5,127.0,4.6,3200.0,144.0,4.0,1024.0,0.0,16.0,124990.0,0.0,0.0,LED,No,DDR4,nvidia,mid,Asus,Windows,amd,high,high
4704,1.6,157.0,2.8,3200.0,60.0,4.0,512.0,0.0,8.0,87990.0,0.0,0.0,LED,No,DDR4,nvidia,low,Asus,Windows,amd,high,high
4705,1.6,157.0,2.9,3200.0,120.0,4.0,1024.0,0.0,8.0,76661.0,0.0,0.0,LED,No,DDR4,nvidia,low,Asus,Windows,amd,high,high
4706,1.05,139.0,1.1,2400.0,120.0,0.0,128.0,0.0,4.0,25990.0,0.0,1.0,LED,No,DDR4,intel,low,Asus,Windows,intel,low,low
4707,1.38,157.0,2.8,3200.0,60.0,0.0,512.0,0.0,16.0,69990.0,0.0,0.0,LED,No,DDR4,intel,mid,Lenovo,Windows,intel,mid,low
4708,1.78,141.0,1.2,2666.0,120.0,2.0,256.0,0.0,8.0,64990.0,0.0,1.0,LED,No,DDR4,intel,mid,Dell,Windows,intel,mid,low
4709,1.19,189.0,2.8,4266.0,120.0,0.0,256.0,0.0,8.0,49990.0,0.0,1.0,LED,No,LPDDR4X,intel,mid,Other,Windows,intel,mid,low
4710,1.66,141.0,1.8,3200.0,120.0,0.0,512.0,0.0,16.0,68994.0,0.0,1.0,LED,No,DDR4,amd,low,Lenovo,Windows,amd,high,low
4712,1.6,157.0,2.3,3200.0,120.0,0.0,512.0,0.0,8.0,88000.0,0.0,1.0,LED,No,DDR4,amd,low,Lenovo,Windows,amd,mid,low
4713,1.85,100.0,1.2,2666.0,120.0,0.0,256.0,0.0,8.0,39890.0,0.0,1.0,LED,No,DDR4,intel,low,Lenovo,Windows,intel,low,low
4714,2.1,141.0,2.9,3200.0,144.0,4.0,512.0,0.0,8.0,74990.0,1.0,0.0,LED,No,DDR4,nvidia,low,Asus,Windows,amd,high,high
4715,1.3,157.0,1.1,3200.0,120.0,0.0,0.0,0.0,4.0,24990.0,1.0,1.0,LED,No,DDR4,intel,low,Asus,Windows,intel,low,low
4716,1.1,157.0,2.8,3200.0,120.0,0.0,512.0,0.0,16.0,115489.0,1.0,1.0,LED,No,LPDDR4X,intel,low,Asus,Windows,intel,high,low
4717,2.3,141.0,2.5,2933.0,120.0,4.0,256.0,1024.0,8.0,66490.0,0.0,0.0,LED,No,DDR4,nvidia,low,Lenovo,Windows,intel,mid,high
4718,1.3,157.0,1.1,3200.0,120.0,0.0,256.0,1024.0,4.0,21990.0,1.0,1.0,LED,No,DDR4,intel,low,Asus,Windows,intel,low,low
4719,2.3,141.0,2.6,2933.0,120.0,4.0,512.0,0.0,16.0,75490.0,0.0,0.0,LED,No,DDR4,nvidia,low,Lenovo,Windows,intel,high,high
4720,1.4,227.0,4.2,3200.0,120.0,0.0,512.0,0.0,8.0,99999.0,1.0,1.0,LED,Yes,LPDDR4X,intel,mid,Acer,Windows,intel,mid,low
4721,2.3,141.0,2.5,3200.0,240.0,6.0,1024.0,0.0,16.0,144924.0,0.0,0.0,LED,No,DDR4,nvidia,mid,Asus,Windows,intel,high,high
4722,1.2,201.0,4.7,3200.0,120.0,0.0,512.0,0.0,16.0,209990.0,1.0,1.0,LED,Yes,LPDDR4X,intel,mid,Acer,Windows,intel,high,low
4724,1.9,141.0,3.0,3200.0,120.0,0.0,128.0,0.0,4.0,51807.0,1.0,1.0,LED,No,DDR4,intel,mid,Acer,Windows,intel,low,low
4726,2.7,170.0,3.3,3200.0,165.0,16.0,2048.0,0.0,32.0,335990.0,0.0,0.0,LED,No,DDR4,nvidia,high,Asus,Windows,amd,high,high
4727,2.0,141.0,2.8,3200.0,144.0,4.0,1024.0,0.0,16.0,93990.0,0.0,0.0,LED,No,DDR4,nvidia,mid,Asus,Windows,intel,high,high
4728,1.69,157.0,4.2,3200.0,120.0,0.0,512.0,0.0,8.0,68284.0,0.0,1.0,LED,No,DDR4,amd,low,Lenovo,Windows,amd,mid,low
4729,1.7,157.0,2.8,3200.0,120.0,0.0,256.0,0.0,4.0,52500.0,1.0,1.0,LED,No,DDR4,intel,low,Lenovo,Windows,intel,low,low
4730,1.68,112.0,1.6,2666.0,120.0,0.0,512.0,1024.0,8.0,42605.0,0.0,1.0,LED,No,DDR4,intel,low,Asus,DOS,intel,mid,low
4731,1.8,157.0,2.8,3200.0,120.0,4.0,512.0,0.0,16.0,110000.0,1.0,1.0,LED,No,DDR4,nvidia,mid,Lenovo,Windows,intel,high,high
4732,2.3,141.0,2.3,3200.0,144.0,6.0,1024.0,0.0,16.0,120980.0,0.0,0.0,LED,No,DDR4,nvidia,mid,Asus,Windows,intel,high,low
4733,1.6,157.0,2.8,3200.0,120.0,4.0,1024.0,0.0,8.0,89990.0,0.0,1.0,LED,No,DDR4,nvidia,low,Asus,Windows,amd,high,high
4734,1.53,157.0,2.8,3200.0,120.0,2.0,512.0,0.0,16.0,164751.0,1.0,1.0,LED,No,DDR4,nvidia,mid,Lenovo,Windows,intel,high,low
4735,1.75,141.0,2.8,3200.0,120.0,0.0,512.0,1024.0,8.0,48490.0,1.0,1.0,LED,No,DDR4,intel,low,Lenovo,Windows,intel,low,low
4736,1.7,210.0,3.0,3200.0,120.0,6.0,1024.0,0.0,32.0,169990.0,1.0,0.0,LED,No,DDR4,nvidia,mid,Asus,Windows,amd,high,high
4737,1.55,157.0,2.8,3200.0,120.0,0.0,256.0,0.0,8.0,41990.0,1.0,1.0,LED,No,DDR4,intel,low,Asus,Windows,intel,low,low
4738,2.3,141.0,2.5,3200.0,60.0,4.0,1024.0,0.0,8.0,68490.0,1.0,0.0,LED,No,DDR4,nvidia,low,Asus,Windows,intel,mid,high
4740,2.0,157.0,2.1,3200.0,120.0,0.0,512.0,1024.0,8.0,55999.0,1.0,1.0,LED,No,DDR4,amd,low,Lenovo,Windows,amd,mid,low
4741,1.6,157.0,1.2,3200.0,120.0,0.0,128.0,1024.0,8.0,40990.0,0.0,1.0,LED,No,DDR4,intel,low,Asus,Windows,intel,low,low
4742,2.6,127.0,2.3,3200.0,144.0,4.0,1024.0,0.0,16.0,113990.0,0.0,0.0,LED,No,DDR4,nvidia,mid,Asus,Windows,intel,high,high
4743,2.3,141.0,4.6,3200.0,144.0,4.0,1024.0,0.0,8.0,100990.0,0.0,0.0,LED,No,DDR4,nvidia,mid,Asus,Windows,intel,high,high
4744,2.6,127.0,2.7,2933.0,144.0,4.0,512.0,0.0,16.0,97990.0,0.0,0.0,LED,No,DDR4,nvidia,mid,Asus,Windows,intel,mid,high
4745,2.3,141.0,2.8,3200.0,144.0,4.0,1024.0,0.0,8.0,91990.0,0.0,0.0,LED,No,DDR4,nvidia,mid,Asus,Windows,intel,mid,high
4746,2.3,141.0,2.3,3200.0,120.0,4.0,1024.0,0.0,16.0,122990.0,1.0,1.0,LED,No,DDR4,nvidia,mid,Asus,Windows,intel,high,high
4747,2.7,127.0,3.3,3200.0,120.0,6.0,1024.0,0.0,8.0,145990.0,1.0,1.0,LED,No,DDR4,nvidia,low,Asus,Windows,amd,high,high
4748,4.42,170.0,2.9,2666.0,120.0,8.0,0.0,1024.0,32.0,319494.0,0.0,1.0,LED,No,DDR3,nvidia,high,Dell,Windows,intel,high,high
4749,2.0,141.0,3.3,3200.0,120.0,6.0,1024.0,0.0,16.0,124000.0,0.0,1.0,LED,No,DDR4,nvidia,mid,Asus,Windows,intel,high,high
4750,1.7,157.0,4.5,3200.0,120.0,4.0,512.0,0.0,16.0,106990.0,0.0,1.0,LED,No,DDR4,nvidia,mid,Asus,Windows,amd,high,high
4751,1.0,112.0,1.2,3200.0,120.0,0.0,256.0,0.0,4.0,39060.0,1.0,1.0,LED,No,DDR4,intel,low,Lenovo,Windows,intel,low,low
4752,1.6,157.0,1.0,3200.0,120.0,2.0,256.0,1024.0,8.0,69890.0,0.0,1.0,LED,No,DDR4,nvidia,low,Asus,Windows,intel,mid,low
4753,1.75,141.0,1.2,2666.0,120.0,0.0,0.0,1024.0,8.0,40744.0,0.0,1.0,LED,No,DDR4,intel,low,HP,Windows,intel,low,low
4754,1.5,157.0,2.1,3200.0,120.0,0.0,256.0,0.0,8.0,39591.0,1.0,1.0,LED,No,DDR4,intel,low,Lenovo,Windows,intel,low,low
4755,2.46,137.0,2.8,3200.0,144.0,6.0,512.0,0.0,16.0,110000.0,0.0,0.0,LED,No,DDR4,nvidia,mid,HP,Windows,amd,high,high
4756,2.5,170.0,2.8,3200.0,165.0,16.0,2048.0,0.0,32.0,242538.0,0.0,0.0,LED,No,DDR4,nvidia,high,Asus,Windows,intel,high,high
4757,1.79,242.0,2.8,3200.0,90.0,0.0,512.0,0.0,16.0,72499.0,0.0,0.0,LED,No,DDR4,intel,mid,Other,Windows,intel,high,high
4758,2.3,141.0,2.5,2933.0,120.0,4.0,512.0,0.0,8.0,65000.0,0.0,1.0,LED,No,DDR4,nvidia,low,Asus,Windows,intel,mid,high
4759,2.29,127.0,2.4,3200.0,144.0,4.0,512.0,0.0,16.0,74969.0,0.0,0.0,LED,No,DDR4,nvidia,mid,MSI,Windows,intel,high,high
4760,1.85,100.0,1.2,3200.0,120.0,0.0,256.0,0.0,4.0,40699.0,1.0,1.0,LED,No,DDR4,intel,low,Lenovo,Windows,intel,low,low
4761,2.0,141.0,3.1,3200.0,120.0,4.0,512.0,0.0,16.0,94990.0,1.0,1.0,LED,No,DDR4,nvidia,mid,Asus,Windows,intel,mid,high
4762,1.9,188.0,3.3,3200.0,120.0,8.0,1024.0,0.0,16.0,181990.0,1.0,1.0,LED,No,DDR4,nvidia,high,Asus,Windows,amd,high,high
4764,2.0,141.0,2.6,3200.0,144.0,4.0,512.0,0.0,16.0,77990.0,0.0,0.0,LED,No,DDR4,nvidia,mid,Asus,Windows,intel,mid,high
4765,1.6,157.0,3.0,3200.0,144.0,4.0,1024.0,0.0,16.0,125990.0,0.0,0.0,LED,No,DDR4,nvidia,mid,Asus,Windows,amd,high,high
4766,1.6,157.0,2.9,3200.0,120.0,4.0,1024.0,0.0,16.0,105990.0,0.0,0.0,LED,No,DDR4,nvidia,low,Asus,Windows,amd,high,high
4767,1.39,141.0,2.4,3200.0,120.0,0.0,256.0,0.0,8.0,48500.0,0.0,1.0,LED,No,DDR4,intel,mid,Lenovo,Windows,intel,mid,low
4768,1.8,141.0,2.4,3200.0,120.0,0.0,256.0,1024.0,8.0,59990.0,1.0,1.0,LED,No,DDR4,intel,low,Asus,Windows,intel,mid,low
4769,1.7,141.0,2.8,3200.0,120.0,2.0,1024.0,0.0,16.0,107000.0,1.0,1.0,LED,No,DDR4,nvidia,mid,Lenovo,Windows,intel,high,low
4770,2.3,141.0,2.9,3200.0,144.0,6.0,1024.0,0.0,16.0,106990.0,0.0,0.0,LED,No,DDR4,nvidia,mid,Asus,Windows,amd,high,high
4771,2.3,141.0,2.2,2933.0,120.0,4.0,512.0,0.0,8.0,86320.0,0.0,1.0,LED,No,DDR4,nvidia,low,Asus,Windows,intel,high,high
4772,2.35,141.0,2.3,3200.0,120.0,6.0,1024.0,0.0,16.0,149000.0,1.0,1.0,LED,No,DDR4,nvidia,mid,Asus,Windows,intel,high,high
4773,2.5,127.0,2.8,3200.0,144.0,4.0,1024.0,0.0,8.0,95400.0,0.0,0.0,LED,No,DDR4,nvidia,mid,Asus,Windows,amd,high,high
4774,2.3,141.0,2.2,3200.0,120.0,4.0,1024.0,0.0,8.0,83750.0,1.0,1.0,LED,No,DDR4,nvidia,low,Asus,Windows,intel,high,high
4775,1.5,157.0,1.0,2666.0,60.0,0.0,512.0,0.0,8.0,49994.0,0.0,0.0,LED,No,DDR4,intel,low,Acer,Windows,intel,mid,low
4776,1.55,157.0,2.8,3200.0,120.0,0.0,256.0,0.0,8.0,53500.0,1.0,1.0,LED,No,DDR4,intel,low,Asus,Windows,intel,mid,low
4777,2.3,141.0,2.8,3200.0,165.0,8.0,1024.0,0.0,16.0,174990.0,0.0,0.0,LED,No,DDR4,nvidia,high,Asus,Windows,amd,high,high
4778,2.2,141.0,2.9,3200.0,120.0,4.0,512.0,0.0,16.0,74990.0,0.0,0.0,LED,No,DDR4,nvidia,low,Lenovo,Windows,amd,high,high
4779,2.0,141.0,2.8,3200.0,144.0,8.0,512.0,0.0,16.0,129990.0,0.0,0.0,LED,No,DDR4,nvidia,high,Asus,Windows,intel,high,high
4780,2.5,127.0,2.8,3200.0,144.0,4.0,1024.0,0.0,8.0,97990.0,0.0,0.0,LED,No,DDR4,nvidia,mid,Asus,Windows,amd,mid,high
4781,1.4,157.0,2.8,3200.0,120.0,2.0,512.0,0.0,8.0,75799.0,0.0,1.0,LED,No,DDR4,nvidia,low,Dell,Windows,intel,mid,low
4782,2.4,127.0,2.8,3200.0,144.0,6.0,1024.0,0.0,16.0,149990.0,0.0,0.0,LED,No,DDR4,nvidia,mid,Asus,Windows,amd,high,high
4783,1.85,141.0,2.6,3200.0,120.0,0.0,0.0,1024.0,8.0,32300.0,1.0,1.0,LED,No,DDR4,amd,low,Lenovo,DOS,amd,low,low
4784,1.5,157.0,2.1,3200.0,120.0,0.0,512.0,0.0,4.0,41265.0,1.0,1.0,LED,No,DDR4,intel,low,Lenovo,Windows,intel,low,low
4785,1.8,141.0,2.4,3200.0,120.0,0.0,512.0,0.0,8.0,59990.0,1.0,1.0,LED,No,DDR4,intel,mid,Asus,Windows,intel,mid,low
4786,1.39,135.0,1.6,1600.0,120.0,0.0,0.0,500.0,4.0,31791.0,0.0,1.0,LED,Yes,DDR3,intel,low,Lenovo,Windows,intel,low,low
4787,1.7,141.0,2.3,2666.0,120.0,0.0,512.0,0.0,8.0,54990.0,0.0,1.0,LED,No,DDR4,amd,low,HP,Windows,amd,mid,low
4788,1.9,188.0,3.0,3200.0,165.0,6.0,1024.0,0.0,16.0,165990.0,0.0,0.0,LED,No,DDR4,nvidia,mid,Asus,Windows,amd,high,high
4789,1.8,141.0,2.8,3200.0,120.0,2.0,256.0,1024.0,8.0,64406.0,1.0,1.0,LED,No,DDR4,nvidia,low,Asus,Windows,intel,high,low
4790,2.0,141.0,2.8,3200.0,144.0,4.0,1024.0,0.0,16.0,95500.0,0.0,0.0,LED,No,DDR4,nvidia,mid,Asus,Windows,intel,mid,high
4791,2.3,141.0,2.8,3200.0,144.0,4.0,1024.0,0.0,16.0,112990.0,0.0,0.0,LED,No,DDR4,nvidia,mid,Asus,Windows,amd,high,high
4792,1.4,156.0,2.1,3200.0,120.0,0.0,1024.0,0.0,8.0,68980.0,0.0,1.0,LED,No,DDR4,amd,low,Asus,Windows,amd,mid,low
4793,2.3,141.0,2.8,3200.0,120.0,6.0,0.0,1024.0,16.0,100990.0,0.0,1.0,LED,No,DDR4,nvidia,low,Asus,Windows,amd,high,high
4794,2.0,141.0,2.8,3200.0,120.0,2.0,256.0,1024.0,8.0,82990.0,1.0,1.0,LED,No,DDR4,nvidia,low,Asus,Windows,intel,high,low
4795,1.7,210.0,3.0,3200.0,120.0,6.0,1024.0,0.0,32.0,174990.0,0.0,0.0,LED,No,DDR4,nvidia,mid,Asus,Windows,amd,high,high
4796,1.4,157.0,1.8,3200.0,120.0,0.0,512.0,0.0,8.0,68990.0,1.0,1.0,LED,No,DDR4,amd,low,Asus,Windows,amd,high,low
4798,1.6,210.0,2.9,3200.0,120.0,6.0,512.0,0.0,16.0,105980.0,0.0,1.0,LED,No,DDR4,nvidia,mid,Asus,Windows,amd,high,high
4799,1.5,190.0,1.1,1600.0,120.0,0.0,0.0,500.0,4.0,34999.0,0.0,1.0,LED,Yes,DDR3,intel,low,Acer,Windows,intel,low,low
4800,2.1,100.0,1.1,2133.0,120.0,0.0,0.0,500.0,4.0,17990.0,0.0,1.0,LED,No,DDR4,intel,low,Acer,Windows,intel,low,low
4801,2.1,141.0,2.7,2133.0,120.0,4.0,0.0,1024.0,8.0,72139.0,0.0,1.0,LED,No,DDR4,amd,low,HP,Windows,intel,high,low
4802,1.7,141.0,3.3,3200.0,120.0,0.0,512.0,0.0,16.0,52990.0,1.0,1.0,OLED,No,DDR4,intel,mid,Asus,Windows,intel,mid,low
4803,1.85,141.0,3.4,3200.0,60.0,0.0,512.0,0.0,16.0,71990.0,0.0,0.0,LED,No,DDR4,intel,mid,Lenovo,Windows,intel,high,low
4804,1.88,142.0,5.4,3200.0,60.0,0.0,512.0,0.0,16.0,79990.0,0.0,0.0,LED,No,DDR4,intel,mid,Asus,Windows,intel,high,high
4805,1.58,157.0,1.2,2666.0,120.0,0.0,512.0,0.0,8.0,42990.0,0.0,1.0,LED,No,DDR4,intel,low,Dell,Windows,intel,low,low
4806,1.43,157.0,2.8,4266.0,120.0,0.0,512.0,0.0,16.0,102990.0,0.0,1.0,LED,Yes,DDR4,intel,mid,Lenovo,Windows,intel,high,low
4807,0.77,267.0,1.9,1866.0,120.0,0.0,256.0,0.0,8.0,127990.0,0.0,1.0,LED,Yes,LPDDR3,intel,low,Other,Windows,intel,high,low
4808,1.5,157.0,1.8,3200.0,120.0,2.0,1024.0,0.0,16.0,109990.0,1.0,1.0,LED,No,LPDDR3,nvidia,low,Asus,Windows,intel,high,low
4809,1.34,170.0,4.2,4266.0,120.0,0.0,512.0,0.0,8.0,84999.0,0.0,1.0,LED,No,LPDDR4X,intel,mid,HP,Windows,intel,mid,low
4810,1.47,112.0,3.3,2933.0,120.0,0.0,512.0,0.0,8.0,28990.0,0.0,1.0,LED,No,DDR4,intel,low,HP,Windows,intel,low,low
4811,1.34,255.0,4.7,2666.0,120.0,0.0,512.0,0.0,16.0,89900.0,0.0,1.0,OLED,Yes,LPDDR4X,intel,mid,HP,Windows,intel,mid,low
4812,2.4,189.0,3.1,3200.0,165.0,8.0,1024.0,0.0,32.0,120190.0,0.0,0.0,LED,No,DDR4,nvidia,high,Lenovo,Windows,amd,high,high
4813,1.35,178.0,1.3,3200.0,120.0,0.0,512.0,0.0,8.0,99990.0,0.0,1.0,LED,No,DDR4,intel,low,Other,Windows,intel,high,low
4814,1.52,157.0,4.2,3200.0,120.0,0.0,256.0,0.0,8.0,45990.0,0.0,1.0,LED,Yes,DDR4,intel,mid,HP,Google Chrome,intel,mid,low
4815,1.75,166.0,1.6,2133.0,120.0,0.0,512.0,0.0,8.0,91252.0,0.0,1.0,LED,Yes,LPDDR3,intel,low,Dell,Windows,intel,mid,low
4816,2.3,141.0,2.6,2933.0,120.0,6.0,512.0,0.0,16.0,94990.0,0.0,1.0,LED,No,DDR4,nvidia,mid,Asus,Windows,intel,high,high
4817,2.45,189.0,3.1,3200.0,165.0,6.0,512.0,0.0,16.0,102990.0,1.0,0.0,LED,No,DDR5,nvidia,mid,Lenovo,Windows,amd,high,high
4818,2.2,100.0,2.5,2133.0,120.0,2.0,0.0,2048.0,8.0,50411.0,0.0,1.0,LED,No,DDR4,nvidia,low,Lenovo,DOS,intel,mid,low
4819,1.6,141.0,1.2,3200.0,120.0,0.0,0.0,1024.0,4.0,34190.0,1.0,1.0,LED,No,DDR4,intel,low,Lenovo,Windows,intel,low,low
4820,2.2,141.0,1.6,2400.0,120.0,0.0,0.0,1024.0,8.0,51233.0,0.0,1.0,LED,No,DDR4,intel,low,Lenovo,Windows,intel,mid,low
4821,1.4,232.0,1.4,2133.0,120.0,0.0,512.0,0.0,8.0,132990.0,0.0,1.0,LED,No,LPDDR3,intel,low,Apple,macOS,intel,mid,low
4822,1.6,157.0,1.8,2133.0,120.0,2.0,1024.0,0.0,16.0,102341.0,0.0,1.0,LED,No,LPDDR3,nvidia,low,Asus,Windows,intel,high,low
4823,2.37,137.0,4.2,3200.0,144.0,4.0,512.0,0.0,16.0,57999.0,0.0,0.0,LED,No,DDR4,nvidia,low,HP,Windows,intel,mid,high
4825,1.66,141.0,2.8,3200.0,120.0,0.0,512.0,0.0,16.0,76990.0,0.0,1.0,LED,No,DDR4,intel,mid,Lenovo,Windows,intel,high,low
4826,1.62,141.0,4.6,3200.0,120.0,0.0,1024.0,0.0,16.0,59640.0,1.0,0.0,LED,No,DDR4,intel,low,Dell,Windows,intel,mid,low
4827,1.5,157.0,2.8,3200.0,120.0,0.0,512.0,0.0,16.0,84000.0,1.0,1.0,LED,Yes,DDR4,intel,mid,Lenovo,Windows,intel,high,low
4828,1.63,141.0,1.2,3200.0,120.0,0.0,512.0,0.0,16.0,59990.0,0.0,1.0,LED,No,DDR4,intel,mid,Lenovo,Windows,intel,high,low
4829,2.32,141.0,2.2,2666.0,120.0,8.0,0.0,1024.0,16.0,160665.0,0.0,1.0,LED,No,DDR4,nvidia,mid,HP,Windows,intel,high,high
4830,1.9,142.0,2.5,3200.0,120.0,4.0,512.0,0.0,16.0,99990.0,0.0,0.0,LED,No,DDR4,nvidia,mid,Asus,Windows,intel,high,high
4831,2.7,141.0,2.2,2400.0,144.0,4.0,128.0,1024.0,8.0,64990.0,0.0,0.0,LED,No,DDR4,nvidia,low,Acer,Windows,intel,high,high
4832,2.47,188.0,2.5,3200.0,165.0,6.0,1024.0,0.0,16.0,100999.0,1.0,0.0,LED,No,DDR4,nvidia,mid,MSI,Windows,intel,high,high
4833,1.55,157.0,3.0,3200.0,60.0,0.0,256.0,0.0,4.0,37990.0,1.0,0.0,LED,No,DDR4,intel,low,Asus,Windows,intel,low,low
4834,1.59,157.0,2.1,2400.0,120.0,0.0,256.0,0.0,8.0,40847.0,0.0,1.0,LED,No,DDR4,amd,low,Dell,Windows,amd,mid,low
4835,1.56,157.0,2.4,3200.0,120.0,0.0,512.0,0.0,8.0,72990.0,0.0,1.0,LED,Yes,DDR4,intel,mid,Dell,Windows,intel,mid,low
4836,1.7,141.0,4.2,2666.0,120.0,2.0,512.0,0.0,8.0,50490.0,0.0,1.0,LED,No,DDR4,nvidia,low,Lenovo,Windows,intel,mid,low
4837,2.1,141.0,4.6,3200.0,144.0,6.0,512.0,0.0,16.0,75980.0,1.0,0.0,TFT LCD,No,DDR5,nvidia,mid,Acer,Windows,intel,mid,high
4838,1.8,141.0,2.6,2400.0,120.0,0.0,512.0,0.0,8.0,31990.0,0.0,1.0,LED,No,DDR4,amd,low,Dell,Windows,amd,low,low
4839,1.8,141.0,1.7,2666.0,60.0,0.0,256.0,1024.0,8.0,42999.0,0.0,0.0,LED,No,DDR4,intel,low,Dell,Windows,intel,low,low
4840,1.6,157.0,1.2,3200.0,120.0,0.0,256.0,0.0,4.0,33490.0,1.0,1.0,LED,No,DDR4,intel,low,Lenovo,Windows,intel,low,low
4841,1.24,157.0,2.8,3200.0,60.0,0.0,512.0,0.0,16.0,47030.0,1.0,0.0,LED,No,LPDDR4X,intel,mid,Other,Windows,intel,high,low
4842,2.3,141.0,2.3,2666.0,120.0,6.0,128.0,1024.0,8.0,98990.0,0.0,1.0,LED,No,DDR4,nvidia,mid,Asus,Windows,intel,mid,high
4843,2.6,127.0,4.7,3200.0,144.0,4.0,512.0,0.0,16.0,86926.0,0.0,0.0,LED,No,DDR4,nvidia,mid,MSI,Windows,intel,high,high
4844,2.2,100.0,1.6,2133.0,120.0,4.0,0.0,1024.0,8.0,65690.0,0.0,1.0,LED,No,DDR4,nvidia,low,Lenovo,DOS,intel,mid,low
4845,1.37,227.0,1.4,2133.0,120.0,0.0,256.0,0.0,8.0,129985.0,0.0,1.0,LED,No,LPDDR3,intel,low,Apple,macOS,intel,mid,low
4846,1.74,141.0,2.6,3200.0,120.0,0.0,256.0,1024.0,8.0,33900.0,0.0,1.0,LED,No,DDR4,intel,mid,HP,Windows,intel,low,low
4847,1.75,127.0,2.6,3200.0,120.0,8.0,256.0,2048.0,16.0,176490.0,1.0,1.0,LED,No,DDR4,nvidia,high,Acer,Windows,intel,high,high
4848,1.0,112.0,4.2,3200.0,120.0,0.0,512.0,0.0,8.0,50990.0,0.0,1.0,LED,No,DDR5,intel,mid,HP,Windows,intel,mid,low
4849,1.6,157.0,2.1,3200.0,120.0,0.0,0.0,1024.0,8.0,24304.0,1.0,1.0,LED,No,DDR4,intel,low,Asus,Windows,intel,low,low
4850,1.8,141.0,1.2,2667.0,120.0,0.0,0.0,1024.0,4.0,33990.0,0.0,1.0,LED,No,DDR4,intel,low,Lenovo,Windows,intel,low,low
4851,1.83,100.0,2.3,2400.0,120.0,0.0,256.0,0.0,4.0,29190.0,0.0,1.0,LED,No,DDR4,amd,low,Dell,Windows,amd,low,low
4852,2.5,188.0,4.8,3200.0,165.0,12.0,1024.0,0.0,16.0,123000.0,0.0,0.0,LED,No,DDR4,amd,high,Asus,Windows,amd,high,high
4853,1.86,141.0,2.7,3200.0,144.0,4.0,256.0,1024.0,8.0,63034.0,1.0,0.0,LED,No,DDR4,nvidia,mid,MSI,Windows,intel,mid,high
4854,1.5,157.0,2.3,3200.0,120.0,0.0,512.0,0.0,8.0,64990.0,1.0,1.0,LED,No,DDR4,intel,low,Lenovo,Windows,intel,mid,low
4856,1.7,212.0,5.4,3200.0,120.0,0.0,1024.0,0.0,16.0,91190.0,1.0,0.0,OLED,No,LPDDR5,intel,mid,Asus,Windows,intel,high,high
4858,2.1,141.0,3.3,3200.0,60.0,4.0,512.0,0.0,8.0,58750.0,1.0,0.0,LED,No,DDR4,nvidia,mid,Acer,Windows,intel,mid,high
4859,2.9,127.0,2.6,3200.0,120.0,6.0,256.0,2048.0,8.0,114990.0,1.0,1.0,LED,No,DDR4,nvidia,mid,Acer,Windows,intel,high,high
4860,2.45,141.0,2.2,2933.0,144.0,6.0,512.0,0.0,16.0,136990.0,0.0,0.0,LED,No,DDR4,nvidia,mid,HP,Windows,intel,high,high
4861,2.25,141.0,3.1,3200.0,120.0,4.0,512.0,0.0,8.0,59990.0,1.0,0.0,LED,No,DDR4,nvidia,low,Lenovo,Windows,intel,mid,low
4862,2.5,141.0,2.5,2133.0,120.0,4.0,0.0,1024.0,8.0,83990.0,0.0,1.0,LED,No,DDR4,nvidia,low,Asus,Windows,intel,mid,high
4863,1.77,141.0,2.3,3200.0,120.0,0.0,512.0,0.0,8.0,52990.0,1.0,1.0,LED,No,DDR4,amd,low,Other,Windows,amd,high,low
4864,2.2,100.0,2.1,1600.0,120.0,2.0,0.0,1024.0,4.0,38840.0,0.0,1.0,LED,No,DDR3,nvidia,low,Dell,Other,intel,low,low
4865,1.88,142.0,2.0,3200.0,60.0,0.0,1024.0,0.0,8.0,42990.0,1.0,0.0,LED,No,DDR4,amd,low,Asus,Windows,amd,mid,low
4866,1.46,157.0,2.5,3200.0,120.0,0.0,512.0,0.0,16.0,72390.0,0.0,1.0,LED,No,DDR4,intel,mid,Dell,Windows,intel,mid,high
4867,1.41,162.0,2.0,3200.0,120.0,0.0,512.0,0.0,16.0,48999.0,0.0,1.0,LED,No,DDR4,amd,low,Lenovo,Windows,amd,mid,low
4868,2.2,141.0,4.7,3200.0,144.0,4.0,512.0,0.0,16.0,109990.0,1.0,0.0,LED,No,DDR5,nvidia,mid,Asus,Windows,intel,high,high
4869,1.4,323.0,2.3,3200.0,60.0,0.0,512.0,0.0,16.0,100170.0,1.0,0.0,OLED,Yes,LPDDR5,intel,mid,Asus,Windows,intel,high,high
4870,1.68,141.0,2.7,3200.0,120.0,0.0,512.0,0.0,8.0,30990.0,0.0,0.0,LED,No,DDR4,amd,low,Dell,Windows,amd,low,low
4871,1.77,141.0,1.6,2400.0,120.0,2.0,0.0,1024.0,8.0,47990.0,0.0,1.0,LED,No,DDR4,nvidia,low,HP,Windows,intel,mid,low
4872,1.8,141.0,1.1,3200.0,120.0,0.0,0.0,0.0,8.0,22500.0,1.0,1.0,LED,No,LPDDR4X,intel,low,Asus,Google Chrome,intel,low,low
4873,1.55,157.0,2.1,2133.0,120.0,0.0,256.0,0.0,4.0,51690.0,0.0,1.0,LED,No,DDR4,intel,low,Lenovo,Windows,intel,low,low
4874,1.89,142.0,5.0,4800.0,120.0,0.0,512.0,0.0,16.0,79690.0,0.0,1.0,LED,No,LPDDR5,intel,mid,Lenovo,Windows,intel,high,high
4875,2.2,141.0,3.0,3200.0,120.0,0.0,512.0,0.0,8.0,31349.0,1.0,1.0,LED,No,DDR4,intel,low,Asus,Windows,intel,low,low
4876,0.97,170.0,2.8,3200.0,120.0,0.0,1024.0,0.0,16.0,79990.0,0.0,1.0,LED,No,DDR4,amd,low,HP,Windows,amd,high,low
4877,1.59,157.0,1.7,2666.0,60.0,0.0,256.0,1024.0,4.0,42690.0,0.0,0.0,LED,No,DDR4,intel,low,Dell,Windows,intel,low,low
4878,2.3,184.0,1.9,3200.0,120.0,6.0,1024.0,0.0,16.0,89990.0,1.0,1.0,LED,No,DDR4,nvidia,mid,Lenovo,Windows,intel,high,high
4879,1.47,157.0,1.1,3200.0,60.0,0.0,0.0,0.0,8.0,22500.0,1.0,0.0,LED,No,LPDDR4X,intel,low,Asus,Google Chrome,intel,low,low
4880,2.2,141.0,1.2,2400.0,120.0,0.0,256.0,1024.0,4.0,43899.0,0.0,1.0,LED,No,DDR4,intel,low,Dell,Windows,intel,low,low
4881,1.33,157.0,1.8,4266.0,120.0,0.0,512.0,0.0,8.0,70990.0,0.0,1.0,LED,No,DDR4,amd,low,Lenovo,Windows,amd,high,low
4882,1.6,141.0,3.0,3200.0,60.0,0.0,512.0,0.0,8.0,59990.0,1.0,0.0,IPS LCD,No,DDR4,intel,low,MSI,Windows,intel,low,low
4883,1.4,162.0,4.9,5200.0,120.0,0.0,512.0,0.0,16.0,80190.0,0.0,1.0,OLED,No,LPDDR5,intel,low,Lenovo,Windows,intel,high,high
4884,1.64,141.0,2.6,3200.0,120.0,2.0,512.0,0.0,16.0,76990.0,0.0,1.0,LED,No,DDR4,nvidia,mid,Dell,Windows,intel,mid,high
4885,1.69,141.0,1.6,2400.0,120.0,2.0,512.0,0.0,8.0,63925.0,0.0,1.0,LED,No,DDR4,nvidia,low,Lenovo,Windows,intel,mid,low
4886,1.8,141.0,4.2,3200.0,144.0,4.0,512.0,0.0,8.0,53990.0,0.0,0.0,LED,No,DDR4,nvidia,low,MSI,Windows,intel,mid,high
4887,1.26,201.0,2.4,3200.0,120.0,0.0,1024.0,0.0,8.0,69990.0,1.0,1.0,LED,No,DDR4,intel,mid,Lenovo,Windows,intel,mid,low
4888,1.75,141.0,2.7,2133.0,120.0,0.0,0.0,1024.0,4.0,28990.0,0.0,1.0,LED,No,DDR4,intel,low,Lenovo,Windows,intel,low,low
4889,1.8,141.0,2.6,2400.0,120.0,0.0,512.0,0.0,8.0,41990.0,0.0,1.0,LED,No,DDR4,amd,low,Dell,Windows,amd,low,low
4890,2.0,141.0,3.4,3200.0,240.0,6.0,1024.0,0.0,16.0,128990.0,1.0,0.0,LED,No,DDR4,nvidia,mid,Asus,Windows,intel,high,high
4891,0.77,267.0,2.6,1600.0,120.0,0.0,128.0,0.0,8.0,73990.0,0.0,1.0,LED,Yes,DDR3,intel,low,Other,Windows,intel,mid,low
4892,1.21,166.0,1.6,2133.0,120.0,2.0,0.0,0.0,8.0,75990.0,0.0,1.0,LED,No,LPDDR3,nvidia,low,HP,Windows,intel,mid,low
4893,1.6,157.0,3.0,3200.0,120.0,0.0,256.0,0.0,4.0,37790.0,0.0,1.0,LED,No,DDR4,intel,low,Asus,Windows,intel,low,low
4894,2.18,100.0,2.3,2133.0,120.0,0.0,0.0,1024.0,4.0,28294.0,0.0,1.0,LED,No,DDR4,intel,low,Dell,Other,intel,low,low
4895,1.14,166.0,2.4,3200.0,120.0,0.0,512.0,0.0,16.0,69990.0,1.0,1.0,OLED,No,LPDDR4X,intel,mid,Asus,Windows,intel,mid,low
4896,1.7,141.0,4.5,3200.0,120.0,0.0,512.0,0.0,16.0,51990.0,1.0,1.0,LED,No,DDR4,intel,mid,Asus,Windows,intel,mid,high
4897,1.92,141.0,4.2,3200.0,60.0,0.0,512.0,0.0,16.0,50990.0,1.0,0.0,LED,No,DDR4,intel,mid,Asus,Windows,intel,mid,high
4898,1.98,141.0,4.2,3200.0,144.0,4.0,512.0,0.0,8.0,71050.0,0.0,0.0,LED,No,DDR4,nvidia,mid,HP,Windows,amd,mid,high
4899,1.5,157.0,4.7,3200.0,60.0,0.0,512.0,0.0,16.0,76090.0,1.0,0.0,LED,Yes,DDR4,intel,mid,Dell,Windows,intel,mid,low
4900,1.86,141.0,2.2,2400.0,60.0,4.0,512.0,0.0,8.0,84990.0,0.0,0.0,LED,No,DDR4,nvidia,low,MSI,Windows,intel,high,high
4901,1.7,141.0,4.2,3200.0,120.0,0.0,512.0,0.0,8.0,65962.0,0.0,1.0,LED,No,DDR4,intel,low,Lenovo,Windows,intel,mid,low
4902,2.2,100.0,1.0,3200.0,120.0,0.0,0.0,1024.0,4.0,33500.0,1.0,1.0,LED,No,DDR4,intel,low,Lenovo,Windows,intel,low,low
4903,1.41,157.0,2.8,3200.0,120.0,0.0,512.0,0.0,16.0,67990.0,0.0,1.0,LED,No,DDR4,intel,mid,HP,Windows,intel,mid,low
4904,1.43,157.0,2.4,3200.0,120.0,0.0,512.0,0.0,16.0,87990.0,0.0,1.0,LED,No,DDR4,intel,mid,Lenovo,Windows,intel,mid,low
4905,0.77,267.0,1.6,1866.0,120.0,0.0,256.0,0.0,8.0,107990.0,0.0,1.0,LED,Yes,LPDDR3,intel,low,Other,Windows,intel,mid,low
4906,2.17,104.0,2.8,2666.0,120.0,0.0,0.0,1024.0,4.0,37611.0,0.0,1.0,LED,No,DDR4,intel,low,Dell,Other,intel,low,low
4907,1.86,141.0,2.2,2400.0,120.0,4.0,128.0,1024.0,8.0,99990.0,0.0,1.0,LED,No,DDR4,nvidia,low,MSI,Windows,intel,high,high
4908,1.7,141.0,2.4,3200.0,120.0,0.0,512.0,0.0,8.0,69000.0,1.0,1.0,LED,No,DDR4,intel,mid,Lenovo,Windows,intel,mid,low
4909,2.48,182.0,4.2,3200.0,165.0,6.0,1024.0,0.0,16.0,107990.0,0.0,0.0,LED,No,DDR4,nvidia,mid,HP,Windows,amd,high,high
4910,1.4,135.0,1.1,3200.0,120.0,0.0,128.0,0.0,4.0,29490.0,1.0,1.0,LED,Yes,DDR4,intel,low,Asus,Windows,intel,low,low
4911,1.5,157.0,1.6,2133.0,120.0,2.0,512.0,0.0,8.0,79990.0,0.0,1.0,LED,No,LPDDR3,nvidia,low,Asus,Windows,intel,mid,low
4912,2.62,141.0,2.8,2133.0,120.0,4.0,256.0,1024.0,16.0,104697.0,0.0,1.0,LED,Yes,DDR4,nvidia,low,Dell,Windows,intel,high,high
4913,3.0,127.0,2.6,2933.0,144.0,6.0,1024.0,0.0,16.0,99990.0,0.0,0.0,LED,No,DDR4,nvidia,mid,Asus,Windows,intel,high,high
4914,1.46,157.0,1.3,2666.0,120.0,0.0,512.0,0.0,8.0,72990.0,0.0,1.0,LED,No,DDR4,intel,low,HP,Windows,intel,high,low
4916,1.14,166.0,2.4,3200.0,120.0,0.0,512.0,0.0,16.0,69990.0,1.0,1.0,OLED,No,LPDDR4X,intel,mid,Asus,Windows,intel,mid,low
4917,1.7,141.0,4.2,3200.0,120.0,0.0,512.0,0.0,16.0,48500.0,0.0,1.0,LED,No,DDR4,intel,mid,HP,Windows,intel,mid,low
4918,1.5,157.0,2.1,3200.0,120.0,0.0,512.0,0.0,8.0,78365.0,0.0,1.0,LED,Yes,DDR4,amd,low,Lenovo,Windows,amd,mid,low
4919,1.86,100.0,2.5,2133.0,120.0,0.0,0.0,1024.0,4.0,24990.0,0.0,1.0,LED,No,DDR4,amd,low,HP,Windows,amd,low,low
4921,2.2,100.0,1.8,2133.0,120.0,0.0,0.0,500.0,4.0,21820.0,0.0,1.0,LED,No,DDR4,amd,low,Lenovo,Windows,amd,low,low
4922,2.7,127.0,2.4,3200.0,120.0,4.0,256.0,1024.0,8.0,62990.0,1.0,1.0,LED,No,DDR4,nvidia,low,Acer,Windows,intel,mid,high
4923,1.6,157.0,2.8,3200.0,120.0,0.0,512.0,0.0,16.0,39990.0,1.0,1.0,LED,No,DDR4,intel,mid,Acer,Windows,intel,high,low
4924,0.78,267.0,2.5,1600.0,120.0,0.0,256.0,0.0,8.0,133999.0,0.0,1.0,LED,Yes,DDR3,intel,low,Other,Windows,intel,high,low
4925,2.23,141.0,2.5,2933.0,144.0,4.0,512.0,0.0,16.0,91990.0,0.0,0.0,LED,No,DDR4,nvidia,low,HP,Windows,intel,high,high
4926,1.6,157.0,2.8,3200.0,120.0,0.0,1024.0,0.0,16.0,94050.0,1.0,1.0,LED,No,DDR4,intel,mid,Acer,Windows,intel,high,low
4927,1.37,170.0,2.0,3200.0,120.0,0.0,1024.0,0.0,16.0,87390.0,1.0,1.0,LED,Yes,LPDDR4X,amd,low,Lenovo,Windows,amd,high,low
4929,1.65,141.0,2.1,3200.0,60.0,0.0,512.0,0.0,8.0,39990.0,0.0,0.0,LED,No,DDR4,amd,low,Lenovo,Windows,amd,mid,low
4930,1.7,141.0,3.0,3200.0,120.0,0.0,256.0,0.0,4.0,44700.0,1.0,1.0,LED,No,DDR4,intel,low,Lenovo,Windows,intel,low,low
4931,1.75,141.0,1.2,2666.0,120.0,2.0,0.0,1024.0,4.0,39990.0,0.0,1.0,LED,No,DDR4,nvidia,low,HP,Windows,intel,low,low
4932,1.69,141.0,1.6,2400.0,120.0,2.0,512.0,0.0,8.0,63990.0,0.0,1.0,LED,No,DDR4,nvidia,low,Lenovo,Windows,intel,mid,low
4933,1.8,141.0,1.0,3200.0,120.0,0.0,512.0,0.0,8.0,51990.0,1.0,1.0,LED,No,DDR4,intel,low,Asus,Windows,intel,mid,low
4934,1.34,255.0,4.7,4266.0,120.0,0.0,512.0,0.0,16.0,115500.0,0.0,1.0,OLED,Yes,LPDDR4X,intel,mid,HP,Windows,intel,high,low
4935,2.2,188.0,4.7,1752.0,165.0,6.0,1024.0,0.0,16.0,99990.0,0.0,0.0,LED,No,DDR4,nvidia,mid,Asus,Windows,intel,high,high
4936,1.8,141.0,4.0,3200.0,120.0,0.0,512.0,0.0,8.0,47990.0,1.0,1.0,LED,No,DDR4,amd,low,Asus,Windows,amd,mid,low
4937,2.1,100.0,1.6,1600.0,120.0,0.0,0.0,500.0,4.0,16490.0,0.0,1.0,LED,No,DDR3,intel,low,Acer,Other,intel,low,low
4938,1.83,141.0,2.3,2400.0,120.0,0.0,512.0,0.0,8.0,56990.0,0.0,1.0,LED,No,DDR4,amd,low,Dell,Windows,amd,high,low
4939,1.32,255.0,4.7,4266.0,120.0,0.0,1024.0,0.0,16.0,114990.0,0.0,1.0,OLED,Yes,LPDDR4X,intel,mid,HP,Windows,intel,high,low
4940,1.7,100.0,4.0,3200.0,120.0,0.0,0.0,1024.0,8.0,35990.0,0.0,1.0,LED,No,DDR4,intel,low,Lenovo,Windows,intel,low,low
4941,1.7,141.0,2.6,3200.0,120.0,0.0,256.0,0.0,8.0,37265.0,0.0,1.0,LED,No,DDR4,amd,low,Lenovo,Windows,amd,low,low
4942,1.7,141.0,4.5,3200.0,60.0,0.0,512.0,0.0,8.0,36990.0,0.0,0.0,LED,No,DDR4,intel,low,Asus,Windows,intel,low,low
4943,2.18,141.0,2.5,2400.0,120.0,0.0,0.0,1024.0,8.0,45249.0,0.0,1.0,LED,No,DDR4,intel,low,Dell,Other,intel,mid,low
4944,1.7,141.0,1.2,3200.0,60.0,0.0,512.0,0.0,8.0,42990.0,0.0,0.0,LED,No,DDR4,intel,low,Asus,Windows,intel,low,low
4945,1.63,157.0,2.5,2133.0,120.0,2.0,8.0,1024.0,8.0,61990.0,0.0,1.0,LED,Yes,DDR4,nvidia,low,HP,Windows,intel,mid,low
4946,1.4,157.0,2.4,3200.0,120.0,0.0,512.0,0.0,16.0,61980.0,0.0,1.0,LED,No,DDR4,intel,mid,Lenovo,Windows,intel,mid,low
4947,1.5,157.0,4.4,3200.0,120.0,0.0,512.0,0.0,16.0,62990.0,1.0,1.0,LED,Yes,DDR4,intel,mid,Asus,Windows,intel,mid,mid
4948,1.49,243.0,5.0,5200.0,90.0,0.0,512.0,0.0,16.0,111490.0,0.0,0.0,OLED,Yes,LPDDR5,intel,mid,Lenovo,Windows,intel,high,mid
4949,1.55,157.0,1.0,3200.0,120.0,2.0,512.0,0.0,8.0,49990.0,0.0,1.0,LED,No,LPDDR4X,nvidia,mid,Lenovo,Windows,intel,mid,low
4950,1.59,141.0,2.8,3200.0,120.0,0.0,512.0,0.0,8.0,32990.0,1.0,1.0,TFT LCD,No,DDR4,amd,low,Acer,Windows,amd,mid,low
4951,2.0,141.0,2.7,2133.0,120.0,4.0,0.0,1024.0,8.0,77997.0,0.0,1.0,LED,No,DDR4,nvidia,low,HP,Windows,intel,high,low
4952,3.7,141.0,2.8,2400.0,120.0,6.0,128.0,1024.0,16.0,129990.0,0.0,1.0,LED,No,DDR4,nvidia,mid,Acer,Windows,intel,high,high
4953,1.65,157.0,2.1,2666.0,120.0,0.0,128.0,0.0,8.0,49990.0,0.0,1.0,LED,No,DDR4,intel,low,HP,Google Chrome,intel,low,low
4954,2.2,141.0,2.8,2400.0,120.0,6.0,256.0,1024.0,16.0,114990.0,0.0,1.0,LED,No,DDR4,nvidia,mid,Dell,Windows,intel,high,high
4955,1.45,157.0,4.2,3200.0,120.0,0.0,512.0,0.0,8.0,43000.0,1.0,1.0,TFT LCD,No,DDR4,intel,low,Acer,Windows,intel,low,low
4956,1.86,141.0,4.7,3200.0,120.0,4.0,512.0,0.0,8.0,77990.0,0.0,1.0,LED,No,DDR4,nvidia,mid,MSI,Windows,intel,high,high
4957,1.4,157.0,4.3,3200.0,120.0,0.0,512.0,0.0,8.0,67999.0,1.0,1.0,LED,No,DDR4,amd,low,Asus,Windows,amd,high,low
4958,1.45,157.0,4.2,3200.0,120.0,0.0,256.0,0.0,8.0,27990.0,1.0,1.0,TFT LCD,No,DDR4,intel,low,Acer,Windows,intel,low,low
4959,1.85,100.0,1.2,2400.0,120.0,0.0,0.0,1024.0,4.0,25881.0,0.0,1.0,LED,No,DDR4,amd,low,Lenovo,Windows,amd,low,low
4960,1.4,157.0,3.4,3200.0,60.0,0.0,512.0,0.0,8.0,42990.0,1.0,0.0,LED,No,DDR4,intel,mid,MSI,Windows,intel,high,low
4961,2.46,137.0,4.7,3200.0,144.0,6.0,512.0,0.0,16.0,109990.0,0.0,0.0,LED,No,DDR4,nvidia,mid,HP,Windows,intel,high,high
4962,2.7,141.0,2.2,2133.0,120.0,6.0,16.0,2048.0,8.0,99990.0,0.0,1.0,LED,No,DDR4,nvidia,mid,Acer,Windows,intel,high,high
4963,2.1,100.0,3.0,2133.0,120.0,0.0,0.0,1024.0,4.0,27775.0,0.0,1.0,LED,No,DDR4,amd,low,HP,Other,amd,low,low
4964,1.56,157.0,2.4,3200.0,120.0,0.0,512.0,0.0,16.0,85550.0,0.0,1.0,LED,Yes,DDR4,intel,mid,Dell,Windows,intel,high,low
4965,1.76,141.0,2.8,3200.0,120.0,0.0,512.0,0.0,8.0,35999.0,1.0,1.0,LED,No,DDR4,intel,mid,Acer,Windows,intel,mid,low
4966,1.0,166.0,1.1,2933.0,120.0,0.0,256.0,0.0,8.0,47047.0,0.0,1.0,OLED,Yes,LPDDR4,intel,low,Asus,Windows,intel,low,low
4967,1.6,141.0,4.5,3200.0,60.0,0.0,512.0,0.0,8.0,28290.0,0.0,0.0,LED,No,DDR4,intel,low,Asus,Windows,intel,low,low
4968,1.7,141.0,1.6,2666.0,60.0,0.0,512.0,0.0,8.0,51000.0,0.0,0.0,LED,No,DDR4,intel,low,Lenovo,Windows,intel,mid,low
4969,1.56,157.0,2.4,3200.0,120.0,2.0,512.0,0.0,16.0,83990.0,0.0,1.0,LED,Yes,DDR4,nvidia,mid,Dell,Windows,intel,mid,low
4970,1.8,141.0,2.6,2666.0,120.0,0.0,256.0,1024.0,8.0,44590.0,0.0,1.0,LED,No,DDR4,amd,low,Dell,Windows,amd,low,low
4971,1.29,157.0,4.2,3200.0,120.0,2.0,512.0,0.0,8.0,79988.0,1.0,1.0,LED,No,LPDDR4X,nvidia,mid,Asus,Windows,intel,mid,low
4972,1.8,141.0,3.5,2400.0,120.0,0.0,256.0,0.0,8.0,36690.0,0.0,1.0,LED,No,DDR4,amd,low,Dell,Windows,amd,low,low
4973,1.48,157.0,2.7,2666.0,120.0,0.0,512.0,0.0,8.0,34999.0,0.0,1.0,LED,No,DDR4,amd,low,Dell,Windows,amd,low,low
4974,1.4,156.0,3.4,3200.0,120.0,0.0,512.0,0.0,8.0,32356.0,1.0,1.0,LED,No,DDR4,intel,low,Asus,Windows,intel,low,low
4975,2.37,141.0,5.0,3200.0,144.0,6.0,512.0,0.0,16.0,102999.0,1.0,0.0,LED,No,DDR4,nvidia,mid,HP,Windows,intel,high,high
4976,1.7,141.0,3.0,3200.0,120.0,0.0,512.0,0.0,8.0,46990.0,0.0,1.0,LED,No,DDR4,intel,low,Lenovo,Windows,intel,low,low
4977,2.3,127.0,2.4,3200.0,60.0,0.0,512.0,0.0,16.0,43427.0,0.0,0.0,LED,No,DDR4,intel,mid,Asus,Windows,intel,mid,low
4978,2.3,100.0,3.0,2133.0,120.0,2.0,0.0,1024.0,8.0,32990.0,0.0,1.0,LED,No,DDR4,amd,low,Asus,Windows,amd,low,low
4979,1.8,141.0,3.1,3200.0,120.0,0.0,0.0,1024.0,4.0,28990.0,1.0,1.0,LED,No,DDR4,intel,low,Asus,Windows,intel,low,low
4980,1.69,141.0,2.8,3200.0,120.0,0.0,512.0,0.0,16.0,47999.0,0.0,1.0,LED,No,DDR4,intel,low,HP,Windows,intel,mid,low
4981,2.2,100.0,1.6,2133.0,120.0,0.0,0.0,1024.0,4.0,34990.0,0.0,1.0,LED,No,DDR4,intel,low,Acer,Other,intel,mid,low
4982,1.5,157.0,4.7,3200.0,120.0,0.0,256.0,0.0,8.0,44990.0,1.0,1.0,LED,No,DDR4,intel,mid,Asus,Windows,intel,low,mid
4983,1.59,112.0,2.1,3200.0,120.0,0.0,512.0,0.0,8.0,34000.0,1.0,1.0,LED,No,DDR4,amd,low,Acer,Windows,amd,mid,low
4984,3.7,141.0,2.5,2400.0,120.0,6.0,128.0,1024.0,16.0,114000.0,0.0,1.0,LED,No,DDR4,nvidia,mid,Acer,Windows,intel,mid,high
4985,1.7,112.0,1.6,1600.0,120.0,0.0,0.0,1024.0,4.0,23231.0,0.0,1.0,LED,No,DDR3,intel,low,HP,Windows,intel,low,low
4986,1.4,157.0,4.7,3200.0,60.0,0.0,512.0,0.0,16.0,81711.0,1.0,0.0,LED,No,DDR4,intel,mid,MSI,Windows,intel,high,low
4987,1.59,112.0,2.1,3200.0,120.0,0.0,512.0,0.0,16.0,39900.0,1.0,1.0,LED,No,DDR4,amd,low,Acer,Windows,amd,mid,low
4988,2.6,127.0,2.9,3200.0,120.0,4.0,512.0,0.0,16.0,77990.0,0.0,1.0,LED,No,DDR4,nvidia,mid,Asus,Windows,amd,high,high
4989,1.57,141.0,4.6,3200.0,60.0,0.0,512.0,0.0,16.0,79990.0,1.0,0.0,LED,No,LPDDR4X,intel,mid,Samsung,Windows,intel,mid,low
4990,1.7,141.0,3.3,3200.0,120.0,0.0,512.0,0.0,16.0,61990.0,1.0,1.0,LED,No,DDR4,intel,mid,Acer,Windows,intel,mid,low
4991,2.23,141.0,2.8,3200.0,120.0,4.0,512.0,0.0,16.0,82299.0,0.0,1.0,LED,No,DDR4,nvidia,low,HP,Windows,intel,high,high
4992,1.84,100.0,2.2,2133.0,120.0,0.0,0.0,1024.0,4.0,31990.0,0.0,1.0,LED,No,DDR4,intel,low,Asus,Windows,intel,low,low
4993,1.58,157.0,1.2,2666.0,120.0,0.0,512.0,0.0,8.0,43325.0,0.0,1.0,LED,No,DDR4,intel,low,Dell,Windows,intel,low,low
4994,1.5,112.0,2.1,2400.0,120.0,0.0,0.0,1024.0,8.0,33999.0,0.0,1.0,LED,No,DDR4,amd,low,HP,Windows,amd,mid,low
4995,1.51,157.0,4.7,3200.0,120.0,0.0,512.0,0.0,16.0,76000.0,0.0,1.0,LED,Yes,DDR4,intel,mid,HP,Windows,intel,mid,low
4996,2.2,141.0,2.4,2400.0,120.0,3.0,0.0,1024.0,8.0,52990.0,0.0,1.0,LED,No,DDR4,nvidia,low,Lenovo,Windows,intel,mid,high
4997,1.62,141.0,4.6,4800.0,120.0,0.0,512.0,0.0,16.0,57550.0,0.0,1.0,LED,No,LPDDR5,intel,low,Lenovo,Windows,intel,mid,high
4998,1.32,162.0,4.5,3200.0,120.0,0.0,512.0,0.0,16.0,73649.0,1.0,1.0,LED,Yes,LPDDR5X,intel,mid,Acer,Windows,intel,mid,high
4999,1.0,157.0,2.1,2666.0,120.0,0.0,64.0,0.0,4.0,39990.0,0.0,1.0,LED,Yes,DDR4,intel,low,HP,Google Chrome,intel,low,low
5000,1.59,157.0,1.6,2133.0,120.0,2.0,16.0,1024.0,8.0,72118.0,0.0,1.0,LED,Yes,DDR4,nvidia,low,HP,Windows,intel,mid,low
5001,1.8,141.0,2.6,3200.0,120.0,0.0,256.0,1024.0,8.0,41490.0,1.0,1.0,LED,No,DDR4,amd,low,Dell,Windows,amd,low,low
5002,2.02,141.0,1.6,2400.0,120.0,2.0,0.0,1024.0,8.0,58990.0,0.0,1.0,LED,No,DDR4,nvidia,low,HP,Windows,intel,mid,low
5004,2.15,141.0,2.6,3200.0,120.0,4.0,512.0,0.0,8.0,72439.0,1.0,1.0,LED,Yes,DDR4,nvidia,low,Acer,Windows,intel,high,high
5005,1.24,225.0,4.1,3200.0,120.0,0.0,512.0,0.0,8.0,126890.0,1.0,1.0,LED,No,DDR4,intel,low,Apple,macOS,apple,mid,mid
5006,1.46,157.0,1.2,1600.0,60.0,0.0,128.0,0.0,8.0,42790.0,0.0,0.0,LED,No,DDR3,intel,low,Other,Windows,intel,mid,mid
5007,1.4,189.0,4.7,3200.0,120.0,0.0,512.0,0.0,16.0,67999.0,0.0,1.0,LED,No,DDR4,intel,mid,HP,Windows,intel,mid,high
5009,1.5,157.0,4.2,3200.0,120.0,0.0,512.0,0.0,8.0,63990.0,1.0,1.0,LED,Yes,DDR4,intel,mid,Asus,Windows,intel,mid,low
5010,1.4,216.0,2.0,5200.0,120.0,0.0,512.0,0.0,16.0,84104.0,0.0,0.0,LED,No,LPDDR5,nvidia,mid,Other,Windows,intel,mid,high
5012,1.74,100.0,3.0,2666.0,120.0,0.0,512.0,0.0,8.0,30290.0,0.0,1.0,LED,No,DDR4,intel,low,HP,DOS,intel,low,low
5013,1.66,141.0,2.4,3200.0,120.0,2.0,256.0,1024.0,8.0,62500.0,0.0,1.0,LED,No,DDR4,nvidia,mid,Lenovo,Windows,intel,mid,low
5014,2.57,141.0,2.6,2666.0,144.0,6.0,1024.0,0.0,16.0,115391.0,0.0,0.0,LED,No,DDR4,nvidia,mid,Asus,Windows,intel,high,high
5015,2.32,141.0,3.3,3200.0,120.0,6.0,512.0,0.0,16.0,76190.0,1.0,0.0,LED,No,DDR5,nvidia,mid,Lenovo,Windows,amd,mid,high
5016,1.75,141.0,1.3,3200.0,60.0,2.0,512.0,0.0,8.0,62900.0,0.0,0.0,LED,No,DDR4,nvidia,mid,Dell,Windows,intel,mid,high
5017,1.38,190.0,2.4,3200.0,120.0,0.0,512.0,0.0,16.0,67990.0,1.0,1.0,LED,No,DDR4,intel,mid,Lenovo,Windows,intel,mid,low
5018,1.59,157.0,3.3,3200.0,60.0,0.0,1024.0,0.0,16.0,70999.0,0.0,0.0,LED,No,DDR4,intel,mid,Lenovo,Windows,intel,mid,low
5019,2.1,141.0,2.8,3200.0,144.0,4.0,512.0,0.0,16.0,89990.0,0.0,0.0,LED,No,DDR4,nvidia,mid,Asus,Windows,amd,mid,high
5020,2.37,141.0,4.2,3200.0,120.0,4.0,512.0,0.0,8.0,59989.0,0.0,1.0,LED,No,DDR4,amd,mid,HP,Windows,amd,mid,high
5021,2.29,141.0,4.2,3200.0,120.0,4.0,512.0,0.0,8.0,61012.0,0.0,1.0,LED,No,DDR4,nvidia,low,HP,Windows,amd,mid,high
5022,1.75,141.0,2.5,2400.0,120.0,2.0,0.0,1024.0,8.0,82267.0,0.0,1.0,LED,No,DDR4,nvidia,low,HP,Windows,intel,mid,high
5023,1.59,157.0,1.6,2400.0,120.0,0.0,256.0,0.0,8.0,61990.0,0.0,1.0,LED,Yes,DDR4,intel,low,HP,Windows,intel,mid,low
5024,2.25,141.0,2.2,2666.0,120.0,4.0,128.0,1024.0,16.0,126873.0,0.0,1.0,LED,No,DDR4,nvidia,low,HP,Windows,intel,high,high
5025,2.14,141.0,4.8,3200.0,144.0,4.0,256.0,1024.0,16.0,68990.0,1.0,0.0,LED,No,DDR4,nvidia,low,Asus,Windows,intel,high,high
5026,1.85,141.0,2.1,2400.0,120.0,0.0,512.0,0.0,8.0,39990.0,0.0,1.0,LED,No,DDR4,amd,low,Lenovo,Windows,amd,mid,low
5027,1.7,141.0,2.4,3200.0,120.0,0.0,512.0,0.0,8.0,69800.0,1.0,1.0,LED,No,DDR4,intel,low,Lenovo,Windows,intel,mid,low
5028,1.8,141.0,1.7,2666.0,120.0,0.0,512.0,0.0,8.0,37990.0,0.0,1.0,LED,No,DDR4,intel,low,Dell,Windows,intel,low,low
5029,2.5,145.0,2.5,3200.0,144.0,4.0,256.0,1024.0,8.0,71999.0,1.0,0.0,LED,No,DDR4,nvidia,low,Acer,Windows,intel,mid,high
5031,1.58,157.0,2.4,2666.0,120.0,2.0,512.0,0.0,8.0,63090.0,0.0,1.0,LED,No,DDR4,nvidia,low,Dell,Windows,intel,mid,low
5032,1.75,141.0,1.0,2666.0,120.0,0.0,0.0,1024.0,8.0,53779.0,0.0,1.0,LED,No,DDR4,intel,low,HP,Windows,intel,mid,low
5033,1.3,243.0,3.1,4266.0,90.0,0.0,512.0,0.0,16.0,71390.0,0.0,0.0,LED,No,LPDDR4X,intel,mid,Lenovo,Windows,intel,mid,high
5034,1.65,141.0,4.2,3200.0,120.0,0.0,512.0,0.0,8.0,53990.0,0.0,1.0,LED,No,DDR4,intel,mid,Lenovo,Windows,intel,mid,low
5035,1.8,141.0,3.4,2400.0,120.0,0.0,256.0,0.0,8.0,38307.0,0.0,1.0,LED,No,DDR4,amd,low,Dell,Windows,amd,low,low
5036,1.7,141.0,2.0,3200.0,120.0,0.0,512.0,0.0,8.0,42520.0,0.0,1.0,LED,No,DDR4,amd,low,Lenovo,Windows,amd,high,low
5038,1.8,83.0,4.0,3200.0,120.0,0.0,512.0,0.0,8.0,36382.0,1.0,1.0,LED,No,DDR4,amd,low,Asus,Windows,amd,mid,low
5039,2.65,141.0,2.7,2933.0,120.0,4.0,512.0,0.0,16.0,69490.0,0.0,0.0,LED,No,DDR4,nvidia,mid,Dell,Windows,intel,mid,high
5040,1.7,141.0,1.8,2400.0,120.0,2.0,0.0,1024.0,8.0,66990.0,0.0,1.0,LED,No,DDR4,nvidia,low,Asus,Windows,intel,high,low
5041,1.58,170.0,4.7,3200.0,120.0,0.0,1024.0,0.0,16.0,71990.0,0.0,1.0,LED,No,DDR4,amd,low,HP,Windows,amd,high,low
5042,2.1,100.0,2.0,2133.0,120.0,2.0,0.0,1024.0,4.0,29990.0,0.0,1.0,LED,No,DDR4,nvidia,low,Lenovo,DOS,intel,low,low
5043,1.24,225.0,3.5,3200.0,60.0,0.0,512.0,0.0,8.0,83990.0,1.0,0.0,LED,No,DDR4,apple,mid,Apple,macOS,apple,mid,mid
5044,2.25,141.0,4.7,3200.0,144.0,4.0,512.0,0.0,8.0,73999.0,0.0,0.0,LED,No,DDR4,nvidia,mid,MSI,Windows,intel,high,high
5045,1.52,157.0,2.8,3200.0,120.0,0.0,512.0,0.0,16.0,84990.0,1.0,1.0,LED,Yes,DDR4,intel,mid,HP,Windows,intel,high,low
5046,2.35,137.0,5.0,4800.0,165.0,6.0,512.0,0.0,16.0,101990.0,0.0,0.0,LED,No,DDR5,nvidia,mid,HP,Windows,intel,high,high
5047,1.37,227.0,2.4,2133.0,120.0,0.0,512.0,0.0,8.0,171990.0,0.0,1.0,LED,No,LPDDR3,intel,low,Apple,macOS,intel,mid,low
5048,2.4,141.0,4.9,3200.0,144.0,8.0,512.0,0.0,16.0,106990.0,1.0,0.0,LED,No,DDR5,nvidia,mid,Lenovo,Windows,intel,high,high
5049,1.85,141.0,1.0,2666.0,120.0,0.0,512.0,0.0,8.0,55990.0,0.0,1.0,LED,No,DDR4,intel,low,Lenovo,Windows,intel,mid,low
5050,2.0,141.0,3.3,3200.0,144.0,4.0,512.0,0.0,16.0,99999.0,1.0,0.0,LED,No,DDR4,nvidia,mid,Acer,Windows,intel,mid,high
5051,1.5,157.0,4.7,3200.0,120.0,0.0,512.0,0.0,16.0,73900.0,0.0,1.0,LED,Yes,DDR4,intel,mid,HP,Windows,intel,mid,low
5052,2.1,141.0,1.6,2133.0,120.0,2.0,0.0,1024.0,8.0,55990.0,0.0,1.0,LED,No,DDR4,nvidia,low,Acer,Other,intel,mid,low
5053,1.62,141.0,2.8,5500.0,120.0,0.0,512.0,0.0,16.0,41490.0,0.0,1.0,LED,No,LPDDR5,amd,low,Lenovo,Windows,amd,mid,low
5054,2.2,141.0,2.6,2933.0,120.0,4.0,512.0,0.0,8.0,73990.0,0.0,0.0,LED,No,DDR4,nvidia,low,Lenovo,Windows,intel,high,high
5055,1.0,141.0,4.2,3200.0,120.0,0.0,256.0,0.0,8.0,32999.0,0.0,1.0,OLED,No,DDR4,intel,low,Asus,Windows,intel,low,low
5056,1.5,157.0,2.5,3200.0,60.0,0.0,512.0,0.0,8.0,71590.0,0.0,0.0,LED,Yes,DDR4,intel,mid,Dell,Windows,intel,mid,low
5057,2.3,141.0,2.9,3200.0,120.0,4.0,256.0,1024.0,8.0,82606.0,0.0,0.0,LED,No,DDR4,nvidia,low,Lenovo,Windows,amd,high,high
5058,1.28,201.0,1.9,1600.0,120.0,0.0,512.0,0.0,16.0,203999.0,0.0,1.0,LED,Yes,DDR3,intel,low,Other,Windows,intel,high,low
5059,1.85,141.0,1.0,2666.0,120.0,0.0,512.0,0.0,8.0,48990.0,0.0,1.0,LED,No,DDR4,intel,low,Lenovo,Windows,intel,mid,low
5061,1.5,157.0,1.8,3200.0,120.0,0.0,512.0,0.0,16.0,68500.0,0.0,1.0,LED,Yes,DDR4,amd,low,Lenovo,Windows,amd,high,low
5063,2.6,141.0,4.7,3200.0,144.0,4.0,512.0,1024.0,16.0,104990.0,1.0,0.0,LED,No,DDR4,nvidia,mid,Acer,Windows,intel,high,high
5064,2.1,141.0,2.8,3200.0,144.0,4.0,1024.0,0.0,8.0,90490.0,0.0,0.0,LED,No,DDR4,nvidia,mid,Asus,Windows,amd,mid,high
5066,2.32,141.0,2.0,3200.0,120.0,4.0,512.0,0.0,16.0,67990.0,0.0,0.0,LED,No,DDR4,nvidia,mid,Lenovo,Windows,intel,mid,high
5067,1.0,166.0,2.8,4266.0,120.0,0.0,512.0,0.0,16.0,83590.0,0.0,1.0,LED,No,LPDDR4,intel,mid,Other,Windows,intel,high,low
5068,2.2,100.0,2.1,1600.0,120.0,0.0,0.0,1024.0,4.0,31996.0,0.0,1.0,LED,No,DDR3,intel,low,Acer,DOS,intel,low,low
5069,1.49,157.0,1.0,2666.0,120.0,0.0,512.0,0.0,8.0,57990.0,0.0,1.0,LED,No,DDR4,intel,low,HP,Windows,intel,mid,low
5070,1.69,157.0,2.5,2133.0,120.0,2.0,0.0,1024.0,8.0,56063.0,0.0,1.0,LED,No,DDR4,nvidia,low,Lenovo,Windows,intel,mid,low
5071,1.75,166.0,4.7,4266.0,120.0,0.0,512.0,0.0,16.0,89990.0,0.0,1.0,LED,No,LPDDR4X,intel,mid,Other,Windows,intel,mid,low
5072,1.75,166.0,4.7,4266.0,120.0,0.0,512.0,0.0,16.0,99990.0,0.0,1.0,LED,No,LPDDR4X,intel,mid,Other,Windows,intel,high,low
5073,2.37,141.0,3.3,3200.0,144.0,4.0,512.0,1024.0,8.0,61499.0,1.0,0.0,LED,Yes,DDR4,nvidia,low,HP,Windows,amd,mid,high
5074,1.59,157.0,1.8,2133.0,120.0,4.0,16.0,1024.0,8.0,83990.0,0.0,1.0,LED,Yes,DDR4,nvidia,low,HP,Windows,intel,high,low
5075,1.5,157.0,2.1,5200.0,120.0,0.0,0.0,1024.0,8.0,41990.0,0.0,1.0,LED,No,DDR4,amd,low,Asus,Windows,amd,mid,low
5076,0.97,166.0,4.2,3200.0,120.0,0.0,512.0,0.0,16.0,82990.0,0.0,1.0,LED,No,DDR4,amd,low,HP,Windows,amd,mid,low
5077,2.2,141.0,1.2,2400.0,120.0,0.0,0.0,1024.0,4.0,36290.0,0.0,1.0,LED,No,DDR4,intel,low,Dell,Windows,intel,low,low
5078,1.3,166.0,1.6,2400.0,120.0,0.0,128.0,0.0,8.0,52990.0,0.0,1.0,LED,No,DDR4,intel,low,HP,Windows,intel,mid,low
5079,1.65,141.0,1.0,3200.0,120.0,2.0,512.0,0.0,8.0,66890.0,0.0,1.0,LED,No,DDR4,nvidia,low,Dell,Windows,intel,mid,low
5080,1.59,157.0,1.6,2400.0,120.0,0.0,256.0,0.0,8.0,59990.0,0.0,1.0,LED,Yes,DDR4,intel,low,HP,Windows,intel,mid,low
5081,2.2,141.0,1.6,2133.0,120.0,4.0,0.0,1024.0,8.0,79258.0,0.0,1.0,LED,Yes,DDR4,nvidia,low,Acer,Windows,intel,mid,low
5082,1.74,100.0,3.0,2666.0,120.0,0.0,256.0,1024.0,8.0,33700.0,0.0,1.0,LED,No,DDR4,intel,low,HP,DOS,intel,low,low
5083,1.8,141.0,2.4,3200.0,120.0,0.0,512.0,0.0,8.0,50499.0,1.0,1.0,LED,No,DDR4,intel,low,Dell,Windows,intel,mid,low
5085,2.51,141.0,3.3,3200.0,120.0,4.0,512.0,0.0,16.0,67790.0,1.0,1.0,LED,No,DDR5,nvidia,mid,Dell,Windows,amd,mid,high
5087,1.55,157.0,3.0,3200.0,120.0,0.0,256.0,1024.0,8.0,38990.0,1.0,1.0,LED,No,DDR4,intel,low,Asus,Windows,intel,low,low
5088,1.5,157.0,2.4,3200.0,120.0,0.0,512.0,0.0,8.0,60690.0,0.0,1.0,LED,No,DDR4,amd,low,Dell,Windows,amd,mid,low
5089,1.65,141.0,2.6,3200.0,120.0,0.0,512.0,0.0,16.0,70462.0,0.0,1.0,LED,No,DDR4,intel,mid,Dell,Windows,intel,mid,high
5090,2.3,141.0,2.5,2933.0,120.0,4.0,512.0,0.0,8.0,71799.0,0.0,0.0,LED,No,DDR4,nvidia,low,Lenovo,Windows,intel,mid,low
5091,1.86,100.0,1.6,1600.0,120.0,0.0,0.0,1024.0,4.0,22990.0,0.0,1.0,LED,No,DDR3,intel,low,HP,Windows,intel,low,low
5092,2.51,141.0,3.3,3200.0,120.0,4.0,512.0,0.0,8.0,62000.0,1.0,1.0,LED,No,DDR5,nvidia,mid,Dell,Windows,amd,mid,high
5093,1.5,162.0,2.0,3200.0,60.0,0.0,512.0,0.0,16.0,64990.0,1.0,0.0,LED,Yes,DDR4,amd,low,Asus,Windows,amd,mid,low
5094,2.1,100.0,2.5,2133.0,120.0,0.0,0.0,1024.0,4.0,20990.0,0.0,1.0,LED,No,DDR4,amd,low,Lenovo,DOS,amd,low,low
5096,1.7,141.0,3.0,3200.0,120.0,0.0,256.0,0.0,4.0,41990.0,1.0,1.0,LED,No,DDR4,intel,low,Lenovo,DOS,intel,low,low
5097,1.0,166.0,4.7,4266.0,60.0,0.0,512.0,0.0,16.0,79990.0,0.0,0.0,LED,No,LPDDR4X,intel,mid,Other,Windows,intel,high,low
5098,2.19,141.0,2.3,2400.0,60.0,6.0,128.0,1024.0,8.0,74990.0,0.0,0.0,LED,No,DDR4,nvidia,mid,HP,Windows,amd,high,high
5099,1.86,141.0,2.2,2400.0,120.0,6.0,128.0,1024.0,16.0,124990.0,0.0,1.0,LED,No,DDR4,nvidia,mid,MSI,Windows,intel,high,high
5101,1.7,141.0,1.3,3200.0,120.0,0.0,512.0,0.0,8.0,45110.0,0.0,1.0,LED,No,DDR4,intel,low,Lenovo,Windows,intel,mid,low
5102,1.69,141.0,2.6,3200.0,120.0,0.0,256.0,0.0,8.0,29099.0,0.0,1.0,LED,No,DDR4,amd,low,HP,Windows,amd,low,low
5104,1.85,100.0,2.3,2133.0,120.0,0.0,0.0,1024.0,4.0,22990.0,0.0,1.0,LED,No,DDR4,intel,low,Lenovo,Windows,intel,low,low
5105,2.3,100.0,2.0,2133.0,120.0,0.0,0.0,1024.0,8.0,37990.0,0.0,1.0,LED,No,DDR4,amd,low,Acer,Windows,amd,mid,low
5106,1.59,157.0,2.2,2400.0,120.0,0.0,256.0,0.0,4.0,50990.0,0.0,1.0,LED,Yes,DDR4,intel,low,HP,Windows,intel,low,low
5107,2.1,141.0,2.2,2133.0,120.0,0.0,16.0,1024.0,4.0,35324.0,0.0,1.0,LED,No,DDR4,intel,low,Acer,Windows,intel,low,low
5108,1.52,157.0,4.0,3200.0,120.0,0.0,512.0,0.0,8.0,63361.0,0.0,1.0,LED,Yes,DDR4,intel,low,HP,Windows,intel,low,low
5109,1.05,157.0,4.2,3200.0,120.0,0.0,512.0,0.0,8.0,71480.0,1.0,1.0,LED,No,LPDDR4X,intel,mid,Acer,Windows,intel,mid,low
5110,5.0,157.0,1.6,2666.0,120.0,0.0,256.0,1024.0,8.0,61990.0,0.0,1.0,LED,No,DDR4,intel,low,Lenovo,Windows,intel,mid,low
5111,1.78,141.0,2.4,3200.0,120.0,0.0,256.0,0.0,8.0,28490.0,1.0,1.0,LED,No,LPDDR5,amd,low,Acer,Windows,amd,low,low
5112,1.78,141.0,2.4,3200.0,120.0,0.0,512.0,0.0,8.0,47999.0,1.0,1.0,LED,No,LPDDR5,amd,low,Acer,Windows,amd,low,low
5113,1.4,157.0,1.0,3200.0,120.0,2.0,512.0,0.0,8.0,65471.0,0.0,1.0,LED,No,DDR4,nvidia,mid,Dell,Windows,intel,mid,low
5114,1.75,100.0,1.6,1600.0,120.0,0.0,0.0,500.0,4.0,242987.0,0.0,1.0,LED,No,DDR3,intel,low,Dell,Other,intel,low,low
5115,1.41,157.0,2.1,3200.0,120.0,0.0,512.0,0.0,16.0,52991.0,0.0,1.0,LED,No,DDR4,amd,low,HP,Windows,amd,mid,low
5116,2.25,141.0,3.3,3200.0,144.0,6.0,512.0,0.0,8.0,72990.0,1.0,0.0,LED,No,DDR5,nvidia,mid,MSI,Windows,intel,mid,high
5117,1.65,141.0,3.0,3200.0,120.0,0.0,256.0,0.0,8.0,34990.0,0.0,1.0,LED,No,DDR4,intel,low,Lenovo,Windows,intel,low,low
5118,1.6,112.0,2.1,2400.0,120.0,0.0,512.0,0.0,8.0,42990.0,0.0,1.0,LED,No,DDR4,amd,low,Lenovo,Windows,amd,mid,low
5119,2.3,141.0,2.5,2133.0,120.0,2.0,0.0,2048.0,8.0,60744.0,0.0,1.0,LED,No,DDR4,amd,low,Dell,Windows,intel,mid,low
5120,1.83,141.0,1.7,2666.0,120.0,0.0,512.0,0.0,4.0,44490.0,0.0,1.0,LED,No,DDR4,intel,low,Dell,Windows,intel,low,low
5121,1.39,141.0,1.8,3200.0,120.0,0.0,512.0,0.0,16.0,53589.0,0.0,1.0,LED,No,DDR4,amd,low,Lenovo,Windows,amd,high,low
5122,1.62,157.0,2.8,3200.0,120.0,2.0,1024.0,0.0,16.0,104990.0,1.0,1.0,LED,No,LPDDR4X,intel,mid,Asus,Windows,intel,high,low
5123,1.3,169.0,4.8,3200.0,120.0,4.0,1024.0,0.0,16.0,89990.0,1.0,0.0,LED,Yes,LPDDR5,nvidia,mid,Asus,Windows,amd,high,high
5124,1.85,141.0,3.3,3200.0,120.0,0.0,512.0,0.0,16.0,57900.0,0.0,1.0,LED,No,DDR4,intel,mid,Lenovo,Windows,intel,mid,low
5125,2.0,100.0,2.0,1600.0,120.0,0.0,0.0,1024.0,6.0,29990.0,0.0,1.0,LED,No,DDR3,intel,low,Asus,Windows,intel,low,low
5126,1.54,112.0,1.1,2400.0,120.0,0.0,64.0,0.0,4.0,24490.0,0.0,1.0,LED,Yes,LPDDR4,intel,low,HP,Google Chrome,intel,low,low
5128,1.57,162.0,4.4,3200.0,60.0,0.0,512.0,0.0,8.0,61199.0,0.0,0.0,LED,Yes,DDR4,intel,low,Dell,Windows,intel,low,low
5129,2.1,100.0,2.7,2133.0,120.0,0.0,0.0,1024.0,4.0,25990.0,0.0,1.0,LED,No,DDR4,intel,low,Acer,Other,intel,low,low
5130,1.75,141.0,4.0,3200.0,120.0,0.0,512.0,0.0,16.0,73849.0,0.0,1.0,LED,No,DDR4,amd,low,HP,Windows,amd,mid,low
5131,1.77,141.0,4.2,2666.0,120.0,2.0,0.0,1024.0,8.0,57800.0,0.0,1.0,LED,No,DDR4,nvidia,mid,HP,Windows,intel,mid,low
5132,1.86,100.0,2.5,1866.0,120.0,0.0,0.0,500.0,4.0,26477.0,0.0,1.0,LED,No,DDR4,amd,low,HP,Windows,amd,low,low
5133,2.4,141.0,2.2,2933.0,120.0,4.0,512.0,0.0,16.0,81390.0,0.0,1.0,LED,No,DDR4,nvidia,mid,Dell,Windows,intel,mid,high
5134,1.75,141.0,2.4,3200.0,120.0,0.0,512.0,0.0,8.0,28481.0,0.0,1.0,LED,No,DDR4,amd,low,HP,Windows,amd,low,low
5135,1.4,157.0,5.0,3200.0,60.0,0.0,512.0,0.0,16.0,61990.0,1.0,0.0,LED,No,DDR4,intel,mid,MSI,Windows,intel,high,low
5136,1.41,157.0,4.4,3200.0,120.0,0.0,512.0,0.0,8.0,34965.0,1.0,1.0,LED,No,DDR4,intel,low,HP,Windows,intel,low,low
5137,1.49,157.0,3.0,3200.0,120.0,0.0,512.0,0.0,8.0,43490.0,0.0,1.0,LED,No,DDR4,intel,low,HP,Windows,intel,low,low
5138,2.2,112.0,1.6,2133.0,120.0,0.0,0.0,500.0,4.0,23735.0,0.0,1.0,LED,No,DDR4,amd,low,Lenovo,Windows,amd,low,low
5139,2.36,141.0,2.5,2933.0,120.0,4.0,512.0,0.0,8.0,77990.0,0.0,1.0,LED,No,DDR4,nvidia,low,HP,Windows,intel,mid,high
5140,1.7,141.0,2.1,3200.0,120.0,0.0,512.0,0.0,8.0,46190.0,0.0,1.0,LED,No,DDR4,amd,low,Lenovo,Windows,amd,mid,low
5141,1.75,141.0,2.2,2666.0,120.0,4.0,128.0,1024.0,8.0,88990.0,0.0,1.0,LED,No,DDR4,nvidia,low,Dell,Windows,intel,high,high
5142,1.59,157.0,1.6,2133.0,120.0,0.0,128.0,1024.0,8.0,75990.0,0.0,1.0,LED,Yes,DDR4,intel,low,HP,Windows,intel,mid,low
5143,2.1,100.0,2.0,2133.0,120.0,2.0,0.0,1024.0,8.0,34612.0,0.0,1.0,LED,No,DDR4,amd,low,HP,DOS,intel,low,low
5144,2.25,141.0,3.3,3200.0,144.0,6.0,512.0,0.0,16.0,76990.0,1.0,0.0,LED,No,DDR5,nvidia,mid,MSI,Windows,intel,mid,high
5145,1.38,157.0,4.0,3200.0,60.0,0.0,512.0,0.0,8.0,30990.0,1.0,0.0,LED,No,LPDDR5,amd,low,Asus,Windows,amd,low,low
5146,1.9,141.0,2.6,2933.0,240.0,6.0,1024.0,0.0,16.0,99990.0,0.0,0.0,LED,No,DDR4,nvidia,mid,Asus,Windows,intel,high,high
5147,1.4,157.0,4.6,3200.0,60.0,0.0,512.0,0.0,16.0,52711.0,1.0,0.0,LED,No,DDR4,intel,mid,MSI,Windows,intel,mid,low
5148,1.46,162.0,1.5,5200.0,120.0,0.0,512.0,0.0,16.0,64690.0,0.0,1.0,LED,No,LPDDR5,intel,low,Lenovo,Windows,intel,mid,high
5149,1.36,157.0,2.4,3200.0,120.0,0.0,512.0,0.0,16.0,76200.0,0.0,1.0,LED,No,DDR4,intel,mid,Lenovo,Windows,intel,mid,low
5150,1.8,100.0,1.8,2133.0,120.0,0.0,0.0,1024.0,4.0,30990.0,0.0,1.0,LED,No,DDR4,amd,low,Asus,Windows,amd,low,low
5151,1.25,201.0,1.6,1600.0,120.0,0.0,256.0,0.0,8.0,116990.0,0.0,1.0,LED,Yes,DDR3,intel,low,Other,Windows,intel,mid,low
5152,1.4,157.0,4.0,3200.0,120.0,0.0,512.0,0.0,8.0,57990.0,0.0,1.0,LED,No,DDR4,amd,low,Asus,Windows,amd,mid,low
5153,2.17,141.0,2.4,2566.0,120.0,4.0,0.0,1024.0,8.0,56991.0,0.0,1.0,LED,No,DDR4,nvidia,low,HP,Windows,intel,mid,high
5154,2.3,141.0,2.5,3200.0,120.0,4.0,0.0,2048.0,8.0,65617.0,1.0,1.0,LED,No,DDR4,amd,low,Dell,Windows,intel,mid,low
5155,2.2,147.0,2.0,2400.0,120.0,0.0,512.0,0.0,8.0,44855.0,0.0,1.0,LED,No,DDR4,amd,low,Dell,Windows,amd,mid,low
5156,2.0,127.0,2.7,3200.0,144.0,4.0,512.0,0.0,8.0,73990.0,1.0,0.0,LED,No,DDR4,nvidia,mid,Asus,Windows,intel,mid,high
5157,1.4,243.0,4.2,3200.0,90.0,0.0,512.0,0.0,16.0,65490.0,1.0,0.0,OLED,No,DDR4,intel,mid,Asus,Windows,intel,mid,high
5158,2.1,100.0,1.6,1600.0,120.0,0.0,0.0,500.0,4.0,19990.0,0.0,1.0,LED,No,DDR3,intel,low,Dell,Windows,intel,low,low
5159,1.6,112.0,2.6,2400.0,120.0,0.0,256.0,0.0,4.0,27990.0,0.0,1.0,LED,No,DDR4,amd,low,Lenovo,Windows,amd,low,low
5160,2.32,182.0,4.6,3200.0,144.0,6.0,512.0,0.0,16.0,87216.0,1.0,0.0,LED,No,DDR5,nvidia,mid,HP,Windows,intel,mid,high
5161,1.88,142.0,4.6,3200.0,60.0,0.0,512.0,0.0,16.0,58990.0,1.0,0.0,LED,No,DDR4,intel,mid,Asus,Windows,intel,mid,low
5162,1.46,157.0,1.2,1600.0,120.0,0.0,256.0,0.0,8.0,38028.0,0.0,1.0,LED,No,DDR3,intel,low,Other,Windows,intel,mid,mid
5163,1.37,227.0,2.3,2133.0,120.0,0.0,512.0,0.0,8.0,149990.0,0.0,1.0,LED,No,LPDDR3,intel,low,Apple,macOS,intel,mid,low
5164,1.4,157.0,4.7,3200.0,60.0,0.0,512.0,0.0,16.0,49990.0,1.0,0.0,LED,No,DDR4,intel,mid,Asus,Windows,intel,mid,low
5165,1.62,157.0,2.4,3200.0,120.0,2.0,512.0,0.0,16.0,80489.0,0.0,1.0,LED,Yes,LPDDR4X,nvidia,mid,Asus,Windows,intel,mid,low
5167,1.4,157.0,4.6,3200.0,60.0,0.0,512.0,0.0,8.0,47890.0,1.0,0.0,LED,No,DDR4,intel,low,Asus,Windows,intel,mid,low
5168,2.2,100.0,2.5,2133.0,120.0,0.0,0.0,1024.0,4.0,51890.0,0.0,1.0,LED,No,DDR4,intel,low,Lenovo,Windows,intel,mid,low
5169,1.5,157.0,2.5,3200.0,60.0,0.0,512.0,0.0,8.0,75100.0,1.0,0.0,LED,Yes,DDR4,intel,low,Dell,Windows,intel,mid,low
5170,2.2,141.0,4.7,1752.0,300.0,6.0,1024.0,0.0,16.0,134988.0,0.0,0.0,LED,No,DDR4,nvidia,mid,Asus,Windows,intel,high,high
5171,1.72,157.0,4.2,3200.0,120.0,0.0,256.0,0.0,4.0,49890.0,0.0,1.0,LED,Yes,DDR4,intel,low,Dell,Windows,intel,low,low
5172,2.2,141.0,2.2,2400.0,120.0,6.0,256.0,1024.0,16.0,119990.0,0.0,1.0,LED,No,DDR4,nvidia,mid,MSI,Windows,intel,high,high
5174,1.85,141.0,2.4,2666.0,120.0,2.0,256.0,1024.0,8.0,57999.0,0.0,1.0,LED,No,DDR4,nvidia,mid,Dell,Windows,intel,mid,low
5175,1.65,141.0,2.4,3200.0,120.0,0.0,512.0,0.0,8.0,23999.0,0.0,1.0,LED,No,LPDDR4,intel,low,Other,Windows,intel,low,low
5176,1.75,166.0,1.8,2133.0,120.0,0.0,512.0,0.0,16.0,96990.0,0.0,1.0,LED,Yes,DDR4,intel,low,Dell,Windows,intel,high,low
5177,1.5,157.0,1.5,3200.0,120.0,0.0,512.0,0.0,8.0,47990.0,1.0,1.0,LED,No,DDR4,intel,mid,Asus,Windows,intel,low,mid
5178,1.9,100.0,1.5,3200.0,120.0,0.0,0.0,1024.0,4.0,20999.0,1.0,1.0,LED,No,DDR4,amd,low,Acer,Windows,amd,low,low
5179,1.6,112.0,1.0,3200.0,120.0,0.0,0.0,1024.0,4.0,34990.0,1.0,1.0,LED,No,DDR4,intel,low,Lenovo,Windows,intel,low,low
5180,1.6,157.0,1.2,2666.0,120.0,0.0,256.0,0.0,4.0,33990.0,0.0,1.0,LED,No,DDR4,intel,low,Lenovo,Windows,intel,low,low
5181,1.37,166.0,1.2,1600.0,120.0,0.0,512.0,0.0,8.0,41990.0,0.0,1.0,LED,No,DDR3,intel,low,Other,Windows,intel,mid,mid
5182,1.7,141.0,2.8,3200.0,120.0,0.0,256.0,0.0,4.0,29990.0,1.0,1.0,LED,No,DDR4,intel,low,Acer,Windows,intel,low,low
5183,1.63,141.0,3.8,3200.0,60.0,0.0,512.0,0.0,8.0,31990.0,0.0,0.0,LED,No,DDR4,intel,low,Asus,Windows,intel,low,low
5184,1.4,157.0,2.1,3200.0,120.0,0.0,512.0,0.0,8.0,58990.0,1.0,1.0,LED,No,DDR4,amd,low,Asus,Windows,amd,mid,low
5185,2.2,141.0,2.3,2400.0,120.0,6.0,128.0,1024.0,8.0,81990.0,0.0,1.0,LED,No,DDR4,nvidia,mid,MSI,Windows,intel,mid,high
5186,1.66,141.0,2.1,3200.0,120.0,0.0,512.0,0.0,8.0,37990.0,1.0,1.0,LED,No,DDR4,amd,low,Lenovo,Windows,amd,mid,low
5187,2.7,141.0,2.5,2400.0,120.0,4.0,128.0,1024.0,8.0,79999.0,0.0,1.0,LED,No,DDR4,nvidia,low,Acer,Windows,intel,mid,high
5188,1.5,157.0,1.5,3200.0,120.0,0.0,512.0,0.0,8.0,47990.0,1.0,1.0,LED,No,DDR4,intel,mid,Asus,Windows,intel,low,mid
5190,0.77,267.0,1.6,1866.0,120.0,0.0,128.0,0.0,8.0,75999.0,0.0,1.0,LED,Yes,LPDDR3,intel,low,Other,Windows,intel,mid,low
5191,1.54,112.0,1.1,2400.0,120.0,0.0,64.0,0.0,4.0,24490.0,0.0,1.0,LED,Yes,DDR4,intel,low,HP,Google Chrome,intel,low,low
5192,1.47,112.0,2.6,2400.0,120.0,0.0,512.0,0.0,8.0,25290.0,0.0,1.0,LED,No,DDR4,amd,low,HP,DOS,amd,low,low
5193,1.47,112.0,2.3,2133.0,120.0,0.0,256.0,0.0,4.0,29171.0,0.0,1.0,LED,No,DDR4,intel,low,HP,Windows,intel,low,low
5194,1.8,141.0,3.5,4800.0,120.0,0.0,512.0,0.0,8.0,33999.0,0.0,1.0,LED,No,DDR4,amd,low,Dell,Windows,amd,low,low
5195,1.1,166.0,2.4,3200.0,120.0,0.0,512.0,0.0,16.0,73990.0,1.0,1.0,OLED,No,DDR4,intel,mid,Other,Windows,intel,mid,low
5196,1.46,162.0,4.5,3200.0,60.0,0.0,1024.0,0.0,16.0,74800.0,1.0,0.0,OLED,No,LPDDR5X,intel,mid,Lenovo,Windows,intel,mid,high
5197,2.1,100.0,1.6,2133.0,120.0,0.0,0.0,1024.0,4.0,34990.0,0.0,1.0,LED,No,DDR4,intel,low,Acer,Windows,intel,mid,low
5199,1.4,157.0,2.4,3200.0,120.0,0.0,512.0,0.0,16.0,44999.0,0.0,1.0,LED,No,DDR4,intel,mid,Asus,Windows,intel,mid,low
5200,1.5,243.0,5.0,5200.0,90.0,0.0,512.0,0.0,16.0,107990.0,0.0,0.0,OLED,Yes,LPDDR5,intel,mid,Lenovo,Windows,intel,high,mid
5201,1.8,112.0,4.2,3200.0,120.0,0.0,512.0,0.0,8.0,46990.0,1.0,1.0,LED,No,DDR4,intel,low,Lenovo,DOS,intel,mid,low
5202,1.8,157.0,4.2,3200.0,120.0,0.0,512.0,0.0,8.0,73999.0,1.0,1.0,LED,No,DDR4,intel,mid,Lenovo,Windows,intel,mid,mid
5203,1.8,142.0,2.3,3200.0,60.0,4.0,512.0,0.0,16.0,74990.0,1.0,0.0,LED,No,DDR4,nvidia,mid,Asus,Windows,intel,high,high
5204,1.6,157.0,3.0,3200.0,120.0,0.0,512.0,0.0,8.0,52490.0,1.0,1.0,LED,No,DDR4,intel,low,Acer,Windows,intel,low,low
5205,1.76,141.0,2.8,3200.0,120.0,0.0,512.0,0.0,8.0,40999.0,1.0,1.0,LED,No,DDR4,intel,low,Acer,Windows,intel,low,low
5206,1.6,157.0,3.0,3200.0,120.0,0.0,512.0,0.0,8.0,42990.0,1.0,1.0,IPS LCD,No,DDR4,intel,low,Acer,Windows,intel,low,low
5207,1.4,135.0,1.1,3200.0,120.0,0.0,256.0,0.0,4.0,22990.0,1.0,1.0,LED,No,DDR4,intel,low,Acer,Windows,intel,low,low
5208,1.8,141.0,4.1,3200.0,60.0,0.0,512.0,0.0,8.0,33990.0,1.0,0.0,LED,No,DDR4,intel,low,Asus,Windows,intel,low,low
5209,1.57,157.0,2.8,3200.0,120.0,0.0,512.0,0.0,8.0,55490.0,1.0,1.0,LED,No,DDR4,intel,mid,Acer,Windows,intel,low,low
5210,1.57,157.0,2.8,3200.0,120.0,0.0,512.0,0.0,8.0,45990.0,1.0,1.0,LED,No,DDR4,intel,mid,Acer,Windows,intel,low,low
5211,1.57,162.0,2.8,3200.0,120.0,4.0,512.0,0.0,8.0,63999.0,1.0,1.0,LED,No,LPDDR4,nvidia,low,Acer,Windows,intel,mid,low
5212,1.6,157.0,2.4,3200.0,120.0,0.0,512.0,0.0,16.0,56990.0,1.0,1.0,LED,No,DDR4,intel,mid,Acer,Windows,intel,mid,low
5213,1.6,157.0,2.8,3200.0,120.0,0.0,1024.0,0.0,16.0,79990.0,1.0,1.0,LED,No,DDR4,intel,mid,Acer,Windows,intel,high,low
5214,1.57,157.0,2.8,3200.0,120.0,0.0,512.0,0.0,8.0,65000.0,1.0,1.0,LED,No,DDR4,intel,mid,Acer,Windows,intel,mid,low
5215,2.1,141.0,2.8,3200.0,120.0,4.0,1024.0,0.0,16.0,68999.0,1.0,1.0,LED,No,DDR4,nvidia,mid,Acer,Windows,intel,mid,high
5216,1.41,157.0,2.4,3200.0,120.0,0.0,512.0,0.0,16.0,77490.0,1.0,1.0,LED,No,DDR4,intel,mid,Acer,Windows,intel,mid,low
5217,1.6,157.0,2.4,3200.0,120.0,0.0,512.0,0.0,16.0,66490.0,1.0,1.0,LED,No,DDR4,intel,mid,Acer,Windows,intel,mid,low
5218,1.41,157.0,4.7,3200.0,120.0,0.0,1024.0,0.0,16.0,89990.0,1.0,1.0,LED,No,DDR4,intel,mid,Acer,Windows,intel,high,low
5219,1.6,157.0,2.8,3200.0,120.0,0.0,1024.0,0.0,16.0,89490.0,1.0,1.0,LED,No,DDR4,intel,mid,Acer,Windows,intel,high,low
5220,1.41,157.0,4.7,3200.0,120.0,0.0,1024.0,0.0,16.0,99490.0,1.0,1.0,LED,No,DDR4,intel,mid,Acer,Windows,intel,high,low
5221,2.35,182.0,4.8,4800.0,240.0,8.0,1024.0,0.0,16.0,187990.0,0.0,0.0,LED,No,DDR5,nvidia,high,HP,Windows,intel,high,high
5222,2.6,189.0,5.0,3200.0,165.0,8.0,1024.0,0.0,16.0,149999.0,1.0,0.0,LED,No,DDR5,nvidia,mid,Acer,Windows,intel,high,high
5223,2.31,137.0,4.7,4800.0,144.0,6.0,512.0,0.0,16.0,124990.0,0.0,0.0,LED,No,DDR5,nvidia,mid,HP,Windows,intel,mid,high
5224,2.6,142.0,2.5,3200.0,165.0,6.0,512.0,0.0,16.0,109999.0,1.0,0.0,LED,No,DDR5,nvidia,mid,Acer,Windows,intel,mid,high
5226,2.78,170.0,4.8,4800.0,165.0,16.0,1024.0,0.0,16.0,289990.0,0.0,0.0,LED,No,DDR5,nvidia,high,HP,Windows,intel,high,high
5227,2.3,157.0,4.7,3200.0,120.0,0.0,1024.0,0.0,16.0,109900.0,0.0,1.0,LED,Yes,DDR4,intel,mid,Lenovo,Windows,intel,high,low
5228,1.8,142.0,4.2,4800.0,120.0,0.0,512.0,0.0,16.0,97680.0,0.0,1.0,LED,No,DDR5,intel,mid,HP,Windows,intel,mid,low
5229,1.4,162.0,2.0,3200.0,60.0,4.0,512.0,0.0,16.0,54990.0,1.0,0.0,LED,No,DDR4,nvidia,low,Asus,Windows,intel,mid,high
5230,1.2,142.0,3.4,3200.0,120.0,0.0,512.0,0.0,16.0,66554.0,1.0,1.0,LED,No,LPDDR4,amd,low,Other,Windows,amd,mid,low
5231,1.3,170.0,2.0,4266.0,120.0,0.0,512.0,0.0,16.0,76889.0,0.0,1.0,LED,Yes,LPDDR4X,amd,low,Lenovo,Windows,amd,mid,low
5232,1.8,142.0,4.2,4800.0,120.0,0.0,1024.0,0.0,16.0,103777.0,0.0,1.0,LED,No,DDR5,intel,mid,HP,Windows,intel,mid,low
5233,1.47,162.0,4.2,2666.0,120.0,0.0,512.0,0.0,16.0,99271.0,0.0,1.0,LED,No,DDR5,intel,mid,HP,Windows,intel,mid,mid
5234,1.47,162.0,4.2,4800.0,120.0,0.0,1024.0,0.0,16.0,102054.0,0.0,1.0,LED,No,DDR5,intel,mid,HP,Windows,intel,mid,low
5235,1.8,142.0,4.7,4800.0,120.0,0.0,512.0,0.0,16.0,111067.0,0.0,1.0,LED,No,DDR5,intel,mid,HP,Windows,intel,high,low
5236,1.8,142.0,4.2,4800.0,120.0,4.0,512.0,0.0,16.0,110205.0,0.0,1.0,LED,No,DDR5,nvidia,mid,HP,Windows,intel,mid,low
5237,1.47,162.0,4.7,4800.0,120.0,0.0,512.0,0.0,16.0,111332.0,0.0,1.0,LED,No,DDR5,intel,mid,HP,Windows,intel,high,low
5238,1.47,162.0,4.7,4800.0,120.0,0.0,1024.0,0.0,16.0,115308.0,0.0,1.0,LED,No,DDR5,intel,mid,HP,Windows,intel,high,low
5239,1.78,141.0,2.8,3200.0,120.0,0.0,512.0,0.0,8.0,39999.0,1.0,1.0,LED,No,LPDDR5,amd,low,Acer,Windows,amd,mid,low
5240,1.8,142.0,4.2,4800.0,120.0,4.0,1024.0,0.0,16.0,115838.0,0.0,1.0,LED,No,DDR5,nvidia,mid,HP,Windows,intel,mid,low
5241,1.8,142.0,4.7,4800.0,120.0,0.0,1024.0,0.0,16.0,116766.0,0.0,1.0,LED,No,DDR5,intel,mid,HP,Windows,intel,high,low
5242,1.78,141.0,2.4,3200.0,60.0,0.0,512.0,0.0,8.0,31490.0,1.0,0.0,LED,No,LPDDR5,amd,low,Acer,Windows,amd,low,low
5244,1.47,162.0,4.7,3200.0,120.0,4.0,512.0,0.0,16.0,120344.0,1.0,1.0,LED,No,DDR5,nvidia,mid,HP,Windows,intel,high,low
5245,1.4,243.0,2.0,3200.0,120.0,0.0,512.0,0.0,8.0,62999.0,1.0,1.0,LED,No,LPDDR5,intel,mid,Acer,Windows,intel,mid,high
5246,1.78,141.0,2.8,3200.0,120.0,4.0,512.0,0.0,8.0,69999.0,1.0,1.0,LED,No,DDR4,nvidia,low,Acer,Windows,intel,mid,low
5247,1.47,162.0,4.7,4800.0,120.0,4.0,1024.0,0.0,16.0,126308.0,0.0,1.0,LED,No,DDR5,nvidia,mid,HP,Windows,intel,high,low
5248,2.1,141.0,2.8,3200.0,120.0,4.0,512.0,0.0,16.0,59990.0,1.0,1.0,LED,No,DDR4,nvidia,low,Acer,Windows,intel,mid,high
5249,2.1,141.0,2.8,3200.0,120.0,4.0,512.0,0.0,8.0,56990.0,1.0,1.0,LED,No,DDR4,nvidia,low,Acer,Windows,intel,mid,high
5250,1.8,142.0,4.7,4800.0,120.0,4.0,512.0,0.0,16.0,121935.0,0.0,1.0,LED,No,DDR5,nvidia,mid,HP,Windows,intel,high,low
5251,1.75,141.0,2.8,3200.0,120.0,4.0,512.0,0.0,8.0,59999.0,1.0,1.0,LED,No,DDR4,nvidia,low,Acer,Windows,intel,mid,mid
5252,1.73,283.0,4.8,4800.0,120.0,6.0,1024.0,0.0,32.0,267726.0,0.0,1.0,LED,No,DDR5,nvidia,mid,HP,Windows,intel,high,high
5253,1.8,142.0,4.7,4800.0,120.0,4.0,1024.0,0.0,16.0,127530.0,0.0,1.0,LED,No,DDR5,nvidia,mid,HP,Windows,intel,high,low
5254,1.73,142.0,4.8,4800.0,120.0,0.0,1024.0,0.0,32.0,341814.0,0.0,1.0,LED,No,DDR5,intel,mid,HP,Windows,intel,high,high
5255,1.73,283.0,2.8,4800.0,120.0,0.0,1024.0,0.0,32.0,357189.0,0.0,1.0,LED,No,DDR5,intel,mid,HP,Windows,intel,high,high
5256,1.73,142.0,4.7,4800.0,120.0,6.0,1024.0,0.0,16.0,210735.0,0.0,1.0,LED,No,DDR5,nvidia,mid,HP,Windows,intel,high,high
5257,1.73,283.0,4.7,4800.0,120.0,6.0,1024.0,0.0,16.0,226003.0,0.0,1.0,LED,No,DDR5,nvidia,mid,HP,Windows,intel,high,high
5258,1.73,283.0,4.8,4800.0,120.0,8.0,1024.0,0.0,32.0,298647.0,0.0,1.0,LED,No,DDR5,nvidia,high,HP,Windows,intel,high,high
5259,1.5,162.0,3.3,4266.0,60.0,0.0,512.0,0.0,8.0,53300.0,0.0,0.0,LED,Yes,LPDDR4X,intel,low,Lenovo,Windows,intel,low,low
5261,1.92,141.0,4.2,3200.0,120.0,4.0,512.0,0.0,16.0,57999.0,1.0,1.0,OLED,No,DDR4,nvidia,mid,Asus,Windows,amd,mid,high
5262,1.6,141.0,3.3,3200.0,120.0,0.0,512.0,0.0,16.0,51990.0,0.0,1.0,LED,No,DDR4,intel,mid,Lenovo,Windows,intel,mid,low
5263,1.77,141.0,5.0,5200.0,120.0,0.0,512.0,0.0,16.0,124736.0,0.0,1.0,OLED,Yes,LPDDR5,intel,mid,HP,Windows,intel,high,low
5264,1.7,141.0,4.7,3200.0,120.0,4.0,1024.0,0.0,16.0,124999.0,0.0,1.0,OLED,Yes,DDR4,nvidia,low,HP,Windows,intel,high,low
5265,1.7,141.0,4.6,3200.0,60.0,0.0,512.0,0.0,16.0,60300.0,0.0,0.0,OLED,No,DDR4,intel,mid,Asus,Windows,intel,mid,low
5266,1.6,141.0,1.5,3200.0,120.0,0.0,512.0,0.0,8.0,78990.0,0.0,1.0,LED,No,DDR4,intel,mid,Lenovo,Windows,intel,mid,low
5267,1.7,141.0,2.8,3200.0,120.0,0.0,256.0,0.0,8.0,32100.0,1.0,1.0,LED,No,LPDDR5,intel,low,Acer,Windows,intel,low,low
5268,2.35,182.0,4.8,4800.0,240.0,12.0,1024.0,0.0,32.0,244990.0,0.0,0.0,LED,No,DDR5,nvidia,high,HP,Windows,intel,high,high
5269,2.78,170.0,5.0,4800.0,165.0,12.0,1024.0,0.0,16.0,239990.0,0.0,0.0,LED,No,DDR5,nvidia,high,HP,Windows,intel,high,high
5270,1.75,323.0,3.4,5200.0,60.0,0.0,1024.0,0.0,16.0,179990.0,0.0,0.0,OLED,No,LPDDR5,intel,mid,Lenovo,Windows,intel,high,mid
5271,1.47,112.0,4.2,3200.0,120.0,0.0,512.0,0.0,8.0,77990.0,0.0,1.0,LED,No,DDR4,intel,mid,HP,Windows,intel,mid,low
5272,2.25,141.0,3.3,3200.0,120.0,4.0,512.0,0.0,8.0,64190.0,0.0,0.0,LED,No,DDR4,nvidia,mid,Lenovo,Windows,amd,mid,high
5273,2.25,141.0,3.3,3200.0,165.0,4.0,512.0,0.0,8.0,53290.0,0.0,0.0,LED,No,DDR4,nvidia,low,Lenovo,Windows,amd,mid,high
5274,2.25,141.0,2.8,3200.0,144.0,6.0,512.0,0.0,16.0,121900.0,0.0,0.0,LED,No,DDR4,nvidia,mid,MSI,Windows,intel,mid,high
5275,2.8,170.0,5.0,3200.0,240.0,8.0,2048.0,0.0,32.0,204990.0,1.0,0.0,LED,No,DDR5,nvidia,high,MSI,Windows,intel,high,high
5276,1.4,162.0,4.7,3200.0,60.0,4.0,512.0,0.0,16.0,80990.0,1.0,0.0,LED,No,DDR4,nvidia,low,Asus,Windows,intel,mid,high
5277,1.4,157.0,3.4,3200.0,120.0,0.0,512.0,0.0,8.0,33990.0,1.0,1.0,LED,No,LPDDR5,intel,low,Acer,Windows,intel,low,low
5278,2.61,141.0,5.1,5600.0,240.0,8.0,1024.0,0.0,32.0,215490.0,0.0,0.0,LED,No,DDR5,nvidia,high,Dell,Windows,intel,high,high
5279,1.47,112.0,4.2,3200.0,120.0,0.0,512.0,0.0,8.0,50160.0,0.0,1.0,LED,No,DDR4,intel,mid,HP,Windows,intel,low,low
5280,1.7,141.0,3.3,3200.0,60.0,0.0,512.0,0.0,8.0,42990.0,1.0,0.0,LED,No,DDR4,intel,low,Acer,Windows,intel,low,low
5281,2.6,189.0,5.4,3200.0,120.0,12.0,1024.0,0.0,32.0,249990.0,1.0,1.0,LED,No,DDR5,nvidia,high,Acer,Windows,intel,high,high
5282,1.75,234.0,5.4,3200.0,120.0,6.0,1024.0,0.0,32.0,235278.0,1.0,0.0,OLED,Yes,LPDDR5,nvidia,mid,Asus,Windows,intel,high,high
5283,1.39,243.0,4.6,3200.0,90.0,0.0,512.0,0.0,16.0,83990.0,1.0,0.0,OLED,Yes,LPDDR5,intel,mid,Asus,Windows,intel,mid,mid
5284,2.1,141.0,3.3,3200.0,60.0,4.0,512.0,0.0,16.0,70999.0,1.0,0.0,LED,No,DDR4,nvidia,mid,Acer,Windows,intel,mid,high
5285,1.32,225.0,5.4,3200.0,165.0,8.0,1024.0,0.0,32.0,275000.0,1.0,0.0,LED,No,LPDDR5,nvidia,high,Asus,Windows,intel,high,high
5286,1.69,141.0,4.0,2666.0,60.0,0.0,512.0,0.0,8.0,44490.0,0.0,0.0,LED,No,DDR4,intel,low,Dell,Windows,intel,low,low
5287,1.38,157.0,4.2,3200.0,120.0,0.0,512.0,0.0,16.0,88999.0,0.0,1.0,LED,No,DDR4,intel,mid,HP,Windows,intel,mid,low
5288,1.69,141.0,4.0,2666.0,60.0,0.0,256.0,0.0,8.0,38390.0,0.0,0.0,LED,No,DDR4,intel,low,Dell,Windows,intel,low,low
5290,1.48,157.0,4.0,2666.0,60.0,0.0,512.0,0.0,8.0,43990.0,0.0,0.0,LED,No,DDR4,intel,low,Dell,Windows,intel,low,low
5291,1.69,141.0,4.2,3200.0,60.0,0.0,512.0,0.0,8.0,54289.0,0.0,0.0,LED,No,DDR4,intel,low,Dell,Windows,intel,mid,low
5292,1.48,157.0,4.0,2666.0,60.0,0.0,256.0,0.0,8.0,40989.0,0.0,0.0,LED,No,DDR4,intel,low,Dell,Windows,intel,low,low
5293,2.6,189.0,5.4,3200.0,240.0,8.0,1024.0,0.0,16.0,199990.0,1.0,0.0,LED,No,DDR5,nvidia,high,Acer,Windows,intel,high,high
5294,1.57,157.0,2.8,3200.0,120.0,0.0,512.0,0.0,8.0,61500.0,1.0,1.0,LED,No,DDR4,intel,mid,Acer,Windows,intel,mid,low
5295,1.19,189.0,2.8,4266.0,120.0,0.0,512.0,0.0,16.0,101990.0,0.0,1.0,LED,No,LPDDR4X,intel,low,Other,Windows,intel,high,low
5296,2.2,141.0,4.7,4800.0,144.0,4.0,1024.0,0.0,16.0,85020.0,0.0,0.0,LED,No,DDR5,nvidia,mid,Asus,Windows,amd,high,high
5297,1.75,141.0,2.8,3200.0,120.0,4.0,512.0,0.0,16.0,61990.0,1.0,1.0,LED,No,DDR4,nvidia,low,Acer,Windows,intel,mid,mid
5298,1.8,141.0,1.7,3200.0,120.0,4.0,512.0,0.0,8.0,59999.0,1.0,1.0,LED,No,DDR4,nvidia,low,Acer,Windows,intel,mid,mid
5299,1.7,212.0,5.4,3200.0,60.0,0.0,1024.0,0.0,16.0,109990.0,1.0,0.0,OLED,No,LPDDR5,intel,mid,Asus,Windows,intel,high,high
5300,1.7,141.0,2.8,3200.0,120.0,0.0,256.0,0.0,8.0,33990.0,1.0,1.0,LED,No,LPDDR5,intel,low,Acer,Windows,intel,low,low
5301,1.5,112.0,2.8,3200.0,120.0,0.0,256.0,0.0,8.0,28990.0,1.0,1.0,LED,No,DDR4,amd,low,Acer,Windows,amd,low,low
5303,1.78,141.0,2.8,3200.0,120.0,0.0,512.0,0.0,16.0,51999.0,1.0,1.0,LED,No,LPDDR5,amd,low,Acer,Windows,amd,mid,low
5304,1.76,141.0,2.8,3200.0,120.0,0.0,512.0,0.0,8.0,45999.0,1.0,1.0,LED,No,DDR4,intel,low,Acer,Windows,intel,low,low
5305,1.78,141.0,2.8,3200.0,120.0,0.0,256.0,0.0,8.0,37999.0,1.0,1.0,LED,No,LPDDR5,amd,low,Acer,Windows,amd,low,low
5306,1.75,141.0,2.8,3200.0,120.0,4.0,512.0,0.0,8.0,57990.0,1.0,1.0,LED,No,DDR4,nvidia,low,Acer,Windows,intel,mid,mid
5307,1.55,162.0,4.7,3200.0,120.0,0.0,512.0,0.0,16.0,74990.0,0.0,1.0,LED,No,DDR4,intel,mid,Dell,Windows,intel,high,low
5308,1.78,141.0,2.4,3200.0,60.0,0.0,512.0,0.0,8.0,30990.0,1.0,0.0,LED,No,LPDDR5,amd,low,Acer,Windows,amd,low,low
5309,1.75,141.0,3.3,3200.0,120.0,4.0,512.0,0.0,16.0,61990.0,1.0,1.0,LED,No,DDR4,nvidia,low,Acer,Windows,intel,mid,mid
5310,1.69,100.0,4.2,3200.0,60.0,0.0,512.0,0.0,8.0,62899.0,0.0,0.0,LED,No,DDR4,intel,mid,HP,Windows,intel,mid,low
5312,1.57,157.0,2.8,3200.0,120.0,0.0,1024.0,0.0,16.0,69990.0,1.0,1.0,LED,No,DDR4,intel,mid,Acer,Windows,intel,mid,low
5313,1.54,162.0,2.8,3200.0,60.0,0.0,512.0,0.0,16.0,60989.0,0.0,0.0,LED,No,DDR4,amd,low,Dell,Windows,amd,mid,low
5314,2.0,196.0,3.4,4800.0,120.0,0.0,1024.0,0.0,16.0,194990.0,0.0,0.0,LED,Yes,LPDDR5,intel,mid,Lenovo,Windows,intel,high,high
5315,1.75,141.0,2.8,3200.0,120.0,4.0,512.0,0.0,16.0,58990.0,1.0,1.0,LED,No,DDR4,nvidia,low,Acer,Windows,amd,mid,low
5316,1.75,141.0,2.8,3200.0,120.0,4.0,512.0,0.0,16.0,63990.0,1.0,1.0,LED,No,DDR4,nvidia,low,Acer,Windows,intel,mid,mid
5317,1.26,227.0,2.4,3200.0,120.0,0.0,512.0,0.0,8.0,61999.0,1.0,1.0,LED,No,DDR4,intel,low,Lenovo,Windows,intel,mid,low
5318,1.6,157.0,2.8,3200.0,120.0,0.0,512.0,0.0,16.0,114490.0,0.0,1.0,LED,No,DDR4,intel,mid,Lenovo,Windows,intel,high,low
5319,1.39,243.0,2.0,3200.0,90.0,0.0,512.0,0.0,16.0,84990.0,1.0,0.0,OLED,No,LPDDR4X,amd,low,Asus,Windows,amd,high,low
5321,1.86,141.0,4.2,3200.0,60.0,4.0,256.0,1024.0,8.0,53750.0,0.0,0.0,LED,No,DDR4,nvidia,low,MSI,Windows,intel,mid,high
5322,2.7,141.0,2.6,2933.0,120.0,4.0,1024.0,0.0,32.0,249999.0,0.0,1.0,LED,No,DDR4,nvidia,mid,Lenovo,Windows,intel,high,high
5323,1.75,141.0,2.8,3200.0,144.0,4.0,512.0,0.0,16.0,62999.0,1.0,0.0,LED,No,DDR4,nvidia,low,Acer,Windows,intel,mid,high
5324,1.69,141.0,3.4,3200.0,120.0,0.0,256.0,0.0,8.0,41960.0,0.0,1.0,LED,No,DDR4,amd,low,HP,Windows,amd,low,low
5326,1.75,112.0,1.1,3200.0,120.0,0.0,0.0,0.0,4.0,21990.0,1.0,1.0,LED,No,LPDDR4,intel,low,Acer,Google Chrome,intel,low,low
5327,1.6,157.0,2.1,3200.0,120.0,0.0,512.0,0.0,8.0,61900.0,0.0,1.0,LED,No,DDR4,amd,low,Lenovo,Windows,amd,mid,low
5328,2.38,188.0,3.4,4800.0,240.0,16.0,2048.0,0.0,32.0,419990.0,0.0,0.0,OLED,No,DDR5,nvidia,high,MSI,Windows,intel,high,high
5329,2.5,141.0,4.7,3200.0,144.0,4.0,512.0,0.0,16.0,84999.0,0.0,0.0,LED,No,DDR4,nvidia,mid,Acer,Windows,intel,mid,high
5330,2.05,226.0,4.7,4800.0,120.0,6.0,1024.0,0.0,16.0,163489.0,0.0,1.0,LED,No,DDR5,nvidia,mid,Dell,Windows,intel,high,high
5331,1.8,141.0,2.4,3200.0,120.0,0.0,256.0,1024.0,8.0,56353.0,1.0,1.0,OLED,No,DDR4,intel,low,Asus,Windows,intel,mid,low
5332,2.05,226.0,4.7,4800.0,120.0,4.0,512.0,0.0,16.0,145490.0,0.0,1.0,LED,No,DDR5,nvidia,mid,Dell,Windows,intel,high,high
5333,1.6,141.0,1.8,3200.0,120.0,0.0,512.0,0.0,8.0,45000.0,1.0,1.0,LED,No,DDR4,amd,low,MSI,Windows,amd,high,low
5334,1.41,157.0,2.6,3200.0,60.0,0.0,256.0,0.0,8.0,32999.0,1.0,0.0,LED,No,DDR4,amd,low,HP,Windows,amd,low,low
5335,2.69,188.0,4.7,3200.0,240.0,8.0,1024.0,0.0,16.0,194990.0,0.0,0.0,LED,No,DDR4,nvidia,high,Dell,Windows,intel,high,high
5336,1.87,138.0,4.2,3200.0,60.0,0.0,512.0,0.0,16.0,74489.0,0.0,0.0,LED,No,DDR5,intel,mid,Dell,Windows,intel,mid,mid
5337,1.75,112.0,2.3,3200.0,120.0,0.0,0.0,1024.0,4.0,24990.0,1.0,0.0,LED,No,DDR4,amd,low,HP,Windows,amd,low,low
5338,1.7,141.0,3.0,3200.0,60.0,0.0,512.0,0.0,8.0,36999.0,1.0,0.0,LED,No,DDR4,intel,low,Acer,Windows,intel,low,low
5339,1.6,157.0,4.2,3200.0,120.0,0.0,0.0,1024.0,8.0,45990.0,1.0,1.0,LED,No,DDR4,intel,low,Lenovo,DOS,intel,mid,low
5340,1.9,141.0,2.6,3200.0,60.0,0.0,256.0,0.0,8.0,29990.0,1.0,0.0,LED,No,DDR4,amd,low,Acer,Windows,amd,low,low
5341,1.59,157.0,4.2,3200.0,120.0,0.0,512.0,0.0,8.0,64999.0,1.0,1.0,LED,No,DDR4,intel,low,Lenovo,Windows,intel,mid,low
5342,1.5,135.0,2.0,1866.0,120.0,0.0,0.0,0.0,2.0,15799.0,0.0,1.0,LED,No,LPDDR4X,qualcomm,low,Other,Other,qualcomm,low,low
5343,3.0,282.0,4.0,3200.0,120.0,8.0,2048.0,0.0,32.0,319999.0,1.0,1.0,LED,No,DDR5,nvidia,high,Acer,Windows,intel,high,high
5344,1.59,157.0,4.2,3200.0,120.0,0.0,512.0,0.0,16.0,68999.0,1.0,1.0,LED,No,DDR4,intel,low,Lenovo,Windows,intel,mid,low
5345,2.25,141.0,3.3,3200.0,120.0,4.0,512.0,0.0,8.0,59547.0,0.0,0.0,LED,No,DDR4,nvidia,mid,Lenovo,Windows,intel,mid,high
5346,1.8,141.0,3.4,3200.0,144.0,6.0,1024.0,0.0,16.0,80990.0,0.0,0.0,LED,No,DDR4,nvidia,mid,MSI,Windows,intel,high,mid
5347,1.5,157.0,2.8,2400.0,120.0,0.0,0.0,0.0,4.0,56386.0,0.0,1.0,LED,Yes,DDR4,intel,low,Asus,Windows,intel,low,low
5348,1.0,112.0,4.8,3200.0,120.0,0.0,256.0,1024.0,8.0,50990.0,1.0,1.0,LED,No,DDR4,intel,low,Acer,Windows,intel,low,low
5349,1.7,141.0,4.8,3200.0,120.0,0.0,256.0,1024.0,4.0,38999.0,1.0,1.0,LED,No,DDR4,intel,low,Acer,Windows,intel,low,low
5350,1.41,157.0,4.2,3200.0,120.0,0.0,512.0,0.0,8.0,65299.0,1.0,1.0,LED,No,DDR4,intel,mid,Acer,Windows,intel,mid,low
5351,2.93,137.0,4.7,2933.0,120.0,4.0,512.0,0.0,8.0,56999.0,0.0,1.0,LED,No,DDR4,nvidia,low,HP,Windows,intel,mid,high
5352,1.65,141.0,2.4,3200.0,120.0,0.0,512.0,0.0,8.0,49999.0,1.0,1.0,LED,No,DDR4,intel,mid,Acer,Windows,intel,mid,low
5353,1.4,243.0,2.5,3200.0,120.0,0.0,512.0,0.0,16.0,95999.0,1.0,1.0,OLED,No,LPDDR5,intel,mid,Acer,Windows,intel,mid,high
5354,1.7,141.0,4.0,3200.0,120.0,0.0,256.0,0.0,8.0,31990.0,1.0,1.0,LED,No,DDR4,intel,low,Acer,Windows,intel,low,low
5355,1.8,100.0,2.0,3200.0,120.0,0.0,0.0,1024.0,4.0,29990.0,1.0,1.0,LED,No,DDR4,intel,low,Acer,Windows,intel,low,low
5356,1.9,141.0,2.6,3200.0,120.0,0.0,256.0,0.0,4.0,27990.0,1.0,1.0,LED,No,DDR4,amd,low,Acer,Windows,amd,low,low
5357,1.41,157.0,4.2,3200.0,120.0,0.0,512.0,0.0,8.0,71990.0,1.0,1.0,LED,No,DDR4,intel,mid,Acer,Windows,intel,mid,low
5358,1.7,141.0,1.7,3200.0,120.0,0.0,256.0,0.0,8.0,34999.0,1.0,1.0,LED,No,DDR4,intel,low,Acer,Windows,intel,low,low
5359,1.7,141.0,4.0,3200.0,120.0,0.0,0.0,1024.0,4.0,29990.0,1.0,1.0,LED,No,DDR4,intel,low,Acer,Windows,intel,low,low
5360,1.7,141.0,3.0,3200.0,120.0,0.0,256.0,0.0,8.0,35999.0,1.0,1.0,LED,No,DDR4,intel,low,Acer,Windows,intel,low,low
5361,2.3,141.0,4.7,3200.0,300.0,8.0,1024.0,0.0,16.0,149999.0,1.0,0.0,LED,No,DDR4,nvidia,high,Acer,Windows,intel,high,high
5362,1.75,141.0,2.4,3200.0,120.0,0.0,512.0,0.0,16.0,52999.0,1.0,1.0,LED,No,DDR4,intel,mid,Acer,Windows,intel,mid,low
5363,2.4,141.0,4.7,3200.0,144.0,4.0,512.0,0.0,16.0,94999.0,1.0,0.0,LED,No,DDR4,nvidia,mid,Acer,Windows,intel,high,high
5364,1.75,141.0,2.4,3200.0,120.0,0.0,512.0,0.0,12.0,46990.0,1.0,1.0,LED,No,DDR4,intel,mid,Acer,Windows,intel,mid,low
5365,2.4,141.0,4.7,3200.0,144.0,4.0,256.0,1024.0,16.0,99999.0,1.0,0.0,LED,No,DDR4,nvidia,mid,Acer,Windows,intel,high,high
5366,1.62,112.0,2.3,3200.0,120.0,0.0,512.0,0.0,8.0,59990.0,1.0,1.0,LED,No,DDR4,amd,low,Acer,Windows,amd,mid,low
5367,1.75,157.0,2.4,3200.0,120.0,0.0,512.0,0.0,8.0,44990.0,1.0,1.0,LED,No,DDR4,intel,mid,Acer,Windows,intel,mid,low
5368,2.25,141.0,3.3,3200.0,165.0,4.0,512.0,0.0,8.0,89999.0,1.0,0.0,LED,No,DDR5,nvidia,mid,Acer,Windows,amd,mid,high
5369,2.5,188.0,3.4,3200.0,165.0,6.0,1024.0,0.0,16.0,129999.0,1.0,0.0,LED,No,DDR5,nvidia,mid,Acer,Windows,intel,high,high
5370,1.38,176.0,2.4,3200.0,60.0,2.0,512.0,0.0,16.0,74990.0,0.0,0.0,LED,No,DDR4,nvidia,mid,Lenovo,Windows,intel,mid,low
5371,2.6,188.0,3.4,3200.0,165.0,6.0,1024.0,0.0,16.0,154990.0,1.0,0.0,LED,No,DDR5,nvidia,mid,Acer,Windows,intel,high,high
5372,2.38,188.0,3.4,3200.0,165.0,8.0,1024.0,0.0,16.0,204990.0,1.0,0.0,LED,No,DDR5,nvidia,high,MSI,Windows,intel,high,high
5373,2.4,188.0,3.3,3200.0,120.0,8.0,512.0,1024.0,16.0,137990.0,1.0,1.0,LED,No,DDR4,nvidia,high,Acer,Windows,amd,high,high
5374,3.3,255.0,3.4,3200.0,120.0,16.0,2048.0,0.0,64.0,459990.0,1.0,0.0,LED,No,DDR5,nvidia,high,MSI,Windows,intel,high,high
5375,2.6,188.0,4.0,3200.0,120.0,8.0,1024.0,0.0,32.0,189990.0,1.0,1.0,LED,No,DDR5,nvidia,high,Acer,Windows,intel,high,high
5376,2.2,141.0,3.3,3200.0,120.0,4.0,512.0,0.0,8.0,102090.0,0.0,0.0,LED,No,DDR4,nvidia,mid,Lenovo,Windows,amd,high,high
5377,2.7,127.0,3.3,3200.0,300.0,8.0,1024.0,0.0,16.0,165990.0,0.0,0.0,LED,No,DDR4,nvidia,high,Asus,Windows,amd,high,high
5378,1.99,188.0,2.3,3200.0,165.0,8.0,1024.0,0.0,32.0,253654.0,1.0,0.0,LED,No,DDR4,nvidia,high,Other,Windows,intel,high,high
5379,3.9,255.0,3.3,3200.0,120.0,16.0,2048.0,1024.0,64.0,249999.0,1.0,1.0,LED,No,DDR4,nvidia,high,Acer,Windows,intel,high,high
5381,1.6,157.0,3.0,3200.0,144.0,4.0,512.0,0.0,16.0,134990.0,0.0,0.0,LED,No,DDR4,nvidia,mid,Asus,Windows,amd,high,high
5382,1.75,141.0,4.2,3200.0,60.0,0.0,256.0,1024.0,8.0,42990.0,0.0,0.0,LED,No,DDR4,intel,low,HP,Windows,intel,low,low
5385,1.7,141.0,2.8,3200.0,60.0,0.0,512.0,0.0,8.0,40990.0,1.0,0.0,LED,No,DDR4,intel,low,HP,Windows,intel,low,low
5386,1.89,141.0,2.8,3200.0,60.0,0.0,256.0,0.0,8.0,36990.0,1.0,0.0,LED,No,DDR4,intel,low,HP,Windows,intel,low,low
5387,1.6,157.0,2.4,3200.0,60.0,0.0,512.0,0.0,8.0,48990.0,1.0,0.0,LED,No,DDR4,intel,mid,Asus,Windows,intel,mid,low
5388,2.83,127.0,2.6,3200.0,144.0,6.0,512.0,0.0,16.0,106000.0,1.0,0.0,LED,No,DDR4,nvidia,mid,Asus,Windows,intel,high,high
5389,3.76,141.0,2.8,3200.0,144.0,4.0,512.0,0.0,16.0,84970.0,0.0,0.0,LED,No,DDR4,nvidia,mid,Asus,Windows,intel,mid,high
5390,1.1,243.0,1.9,4266.0,90.0,2.0,1024.0,0.0,16.0,124990.0,0.0,0.0,OLED,Yes,LPDDR4X,nvidia,mid,Lenovo,Windows,amd,high,low
5391,1.74,183.0,3.1,3200.0,120.0,0.0,256.0,0.0,16.0,175990.0,1.0,0.0,LED,Yes,LPDDR4,intel,mid,Other,Windows,intel,mid,high
5392,1.35,178.0,2.4,4266.0,120.0,0.0,512.0,0.0,8.0,130000.0,0.0,1.0,LED,No,LPDDR4X,intel,low,Other,Windows,intel,mid,low
5393,1.7,162.0,2.4,3200.0,120.0,0.0,256.0,0.0,8.0,111000.0,1.0,1.0,LED,No,LPDDR4X,intel,mid,Other,Windows,intel,mid,low
5394,1.4,157.0,2.4,3200.0,120.0,0.0,512.0,0.0,16.0,90990.0,0.0,1.0,LED,Yes,DDR4,intel,mid,Lenovo,Windows,intel,mid,low
5395,2.29,178.0,2.8,4266.0,120.0,0.0,512.0,0.0,16.0,150000.0,0.0,1.0,LED,No,LPDDR4X,intel,mid,Other,Windows,intel,high,low
5399,1.9,112.0,2.3,2400.0,120.0,0.0,0.0,1024.0,4.0,29990.0,0.0,1.0,LED,No,DDR4,intel,low,Dell,Windows,intel,low,low
5400,1.58,157.0,2.4,2666.0,120.0,0.0,512.0,0.0,8.0,59071.0,0.0,1.0,LED,No,DDR4,intel,mid,Dell,Windows,intel,mid,low
5401,1.85,141.0,3.1,2133.0,120.0,0.0,0.0,1024.0,4.0,25990.0,0.0,1.0,LED,No,DDR4,amd,low,Lenovo,Windows,amd,low,low
5402,1.65,141.0,2.8,3200.0,120.0,0.0,512.0,0.0,8.0,54990.0,1.0,1.0,LED,No,DDR4,intel,mid,Acer,Windows,intel,mid,low
5403,1.77,141.0,2.0,2400.0,120.0,0.0,0.0,1024.0,4.0,24990.0,0.0,1.0,LED,No,DDR4,amd,low,HP,Windows,amd,mid,low
5404,1.8,141.0,3.0,3200.0,120.0,0.0,256.0,0.0,8.0,41390.0,1.0,1.0,LED,No,DDR4,intel,low,Asus,Windows,intel,low,low
5405,2.5,188.0,4.6,3200.0,165.0,12.0,1024.0,0.0,16.0,154990.0,1.0,0.0,LED,No,DDR4,amd,high,Asus,Windows,amd,high,high
5406,2.2,141.0,1.2,2666.0,120.0,0.0,0.0,1024.0,4.0,29999.0,0.0,1.0,LED,No,DDR4,intel,low,Dell,Windows,intel,low,low
5407,1.2,135.0,2.8,3200.0,120.0,0.0,256.0,0.0,4.0,27990.0,1.0,1.0,LED,No,DDR4,intel,low,Lenovo,Windows,intel,low,low
5408,2.4,188.0,3.3,3200.0,165.0,6.0,512.0,0.0,16.0,103990.0,0.0,0.0,LED,No,DDR4,nvidia,mid,Lenovo,Windows,amd,high,high
5409,1.48,157.0,1.3,3200.0,120.0,0.0,0.0,0.0,16.0,99900.0,1.0,1.0,LCD,No,LPDDR4X,intel,low,Other,Windows,intel,high,low
5410,2.1,141.0,1.6,2133.0,120.0,0.0,0.0,1024.0,4.0,39990.0,0.0,1.0,LED,No,DDR4,intel,low,Asus,Windows,intel,mid,low
5411,2.0,141.0,3.4,2133.0,120.0,2.0,0.0,1024.0,4.0,43990.0,0.0,1.0,LED,No,DDR4,nvidia,low,Asus,Windows,intel,mid,low
5412,0.99,166.0,1.6,2400.0,120.0,0.0,512.0,0.0,8.0,59990.0,0.0,1.0,LED,No,DDR4,intel,low,Asus,Windows,intel,mid,low
5413,1.75,100.0,2.0,2400.0,120.0,0.0,0.0,1024.0,4.0,32050.0,0.0,1.0,LED,No,DDR4,intel,low,Dell,Windows,intel,low,low
5414,1.0,141.0,3.3,3200.0,120.0,0.0,512.0,0.0,8.0,47965.0,1.0,1.0,OLED,No,DDR4,intel,low,Asus,Windows,intel,low,low
5415,1.59,141.0,4.6,3200.0,60.0,0.0,1024.0,0.0,8.0,64290.0,0.0,0.0,LED,No,DDR4,intel,mid,HP,Windows,intel,mid,low
5416,1.59,141.0,4.6,3200.0,120.0,0.0,512.0,0.0,8.0,59995.0,0.0,1.0,LED,No,DDR4,intel,mid,HP,Windows,intel,mid,low
5417,1.65,141.0,3.3,2666.0,120.0,0.0,256.0,1024.0,8.0,47990.0,0.0,0.0,LED,No,DDR4,intel,low,Dell,Windows,intel,mid,low
5418,1.75,141.0,4.2,2666.0,120.0,0.0,1024.0,0.0,8.0,51999.0,0.0,1.0,LED,No,DDR4,intel,mid,HP,Windows,intel,mid,low
5419,1.6,141.0,4.6,3200.0,120.0,0.0,512.0,0.0,16.0,55450.0,1.0,1.0,LED,No,DDR4,intel,low,HP,Windows,intel,mid,low
5420,1.7,141.0,1.1,3200.0,60.0,0.0,512.0,0.0,8.0,43837.0,1.0,0.0,LED,No,DDR4,intel,low,Asus,Windows,intel,low,mid
5421,1.3,157.0,1.1,3200.0,120.0,0.0,256.0,0.0,8.0,29990.0,1.0,1.0,LED,No,DDR4,intel,low,Asus,Windows,intel,low,low
5422,2.2,100.0,1.6,2400.0,120.0,2.0,0.0,1024.0,8.0,57999.0,0.0,1.0,LED,No,DDR4,nvidia,low,Acer,Windows,intel,mid,low
5423,1.7,141.0,4.0,3200.0,120.0,0.0,512.0,0.0,8.0,38999.0,0.0,1.0,LED,No,DDR4,intel,low,HP,Windows,intel,low,low
5424,2.2,141.0,2.2,2400.0,120.0,0.0,0.0,1024.0,4.0,35233.0,0.0,1.0,LED,No,DDR4,intel,low,Dell,Windows,intel,low,low
5425,1.21,166.0,1.6,2133.0,120.0,0.0,256.0,0.0,8.0,69990.0,0.0,1.0,LED,No,LPDDR3,intel,low,HP,Windows,intel,mid,low
5426,1.56,157.0,2.4,3200.0,120.0,0.0,512.0,0.0,8.0,71190.0,0.0,1.0,LED,Yes,DDR4,intel,mid,Dell,Windows,intel,mid,low
5427,2.2,141.0,2.3,2400.0,120.0,4.0,128.0,1024.0,8.0,62990.0,0.0,1.0,LED,No,DDR4,nvidia,low,HP,Windows,intel,mid,high
5428,2.3,141.0,2.1,3200.0,120.0,4.0,256.0,1024.0,8.0,57990.0,1.0,0.0,LED,No,DDR4,nvidia,low,Acer,Windows,amd,mid,high
5429,2.2,100.0,2.5,2133.0,120.0,2.0,0.0,1024.0,8.0,42900.0,0.0,1.0,LED,No,DDR4,nvidia,low,Acer,Windows,intel,mid,low
5430,2.25,141.0,2.5,3200.0,60.0,4.0,512.0,0.0,16.0,69590.0,1.0,0.0,LED,No,DDR4,nvidia,low,Lenovo,Windows,intel,mid,high
5431,1.3,157.0,2.4,2133.0,120.0,0.0,128.0,1024.0,8.0,44990.0,0.0,1.0,LED,No,DDR4,intel,low,Asus,Windows,intel,low,low
5432,1.5,157.0,1.0,3200.0,120.0,0.0,512.0,0.0,8.0,43999.0,0.0,1.0,LED,Yes,DDR4,intel,low,Lenovo,Windows,intel,mid,low
5433,1.7,141.0,1.6,3200.0,120.0,0.0,512.0,0.0,8.0,48490.0,1.0,1.0,LED,No,DDR4,intel,low,Lenovo,Windows,intel,mid,low
5434,1.24,157.0,3.0,3200.0,60.0,0.0,512.0,0.0,16.0,31999.0,1.0,0.0,LED,No,LPDDR4X,intel,mid,Other,Windows,intel,mid,low
5435,2.2,141.0,3.1,3200.0,120.0,4.0,512.0,1024.0,8.0,78500.0,1.0,1.0,LED,No,DDR3,nvidia,mid,Acer,Windows,amd,mid,high
5436,2.2,141.0,3.1,3200.0,120.0,4.0,512.0,1024.0,16.0,78286.0,1.0,1.0,LED,No,DDR4,nvidia,mid,Acer,Windows,amd,mid,high
5437,2.2,141.0,3.3,3200.0,144.0,4.0,512.0,0.0,8.0,56890.0,1.0,0.0,LED,No,DDR4,nvidia,mid,Acer,Windows,amd,mid,high
5438,1.75,141.0,2.7,3200.0,120.0,0.0,1024.0,0.0,16.0,82890.0,0.0,1.0,LED,No,DDR4,intel,mid,HP,Windows,intel,high,mid
5439,2.2,141.0,3.1,3200.0,144.0,4.0,512.0,0.0,16.0,75800.0,1.0,0.0,LED,No,DDR4,nvidia,mid,Acer,Windows,amd,mid,high
5440,1.52,112.0,2.1,2400.0,120.0,0.0,0.0,1024.0,4.0,30499.0,0.0,1.0,LED,No,DDR4,amd,low,HP,Windows,amd,low,low
5441,1.41,157.0,4.7,3200.0,120.0,0.0,512.0,0.0,8.0,69500.0,0.0,1.0,LED,Yes,DDR4,intel,mid,HP,Windows,intel,mid,low
5443,1.9,166.0,4.2,3200.0,120.0,0.0,512.0,0.0,16.0,65890.0,0.0,1.0,LED,No,DDR4,intel,mid,HP,Windows,intel,mid,low
5444,1.83,141.0,1.2,2400.0,120.0,0.0,0.0,1024.0,8.0,43490.0,0.0,1.0,LED,No,DDR4,intel,low,Dell,Windows,intel,low,low
5445,2.3,141.0,2.8,2933.0,144.0,6.0,512.0,0.0,16.0,89990.0,0.0,0.0,LED,No,DDR4,nvidia,mid,Asus,Windows,intel,mid,high
5446,1.5,157.0,2.1,3200.0,120.0,0.0,512.0,0.0,8.0,59988.0,0.0,1.0,LED,No,DDR4,amd,low,Asus,Windows,amd,mid,low
5447,2.2,141.0,3.0,3200.0,120.0,4.0,512.0,0.0,8.0,69500.0,0.0,1.0,LED,No,DDR4,nvidia,low,Lenovo,Windows,amd,mid,high
5448,2.6,127.0,2.7,2933.0,144.0,4.0,1024.0,0.0,8.0,78990.0,0.0,0.0,LED,No,DDR4,nvidia,mid,Asus,Windows,intel,mid,low
5450,2.5,100.0,2.0,1600.0,120.0,2.0,0.0,1024.0,8.0,32500.0,0.0,1.0,LED,No,DDR3,amd,low,Lenovo,DOS,amd,low,low
5451,2.2,141.0,3.0,3200.0,120.0,4.0,256.0,1024.0,8.0,69990.0,0.0,1.0,LED,No,DDR4,nvidia,low,Lenovo,Windows,amd,mid,high
5452,2.2,100.0,2.1,2133.0,120.0,2.0,0.0,2048.0,8.0,53826.0,0.0,1.0,LED,No,DDR4,nvidia,low,Lenovo,Windows,intel,mid,low
5453,1.86,141.0,2.8,3200.0,144.0,6.0,512.0,0.0,16.0,92990.0,1.0,0.0,LED,No,DDR4,nvidia,mid,MSI,Windows,intel,high,high
5454,1.17,157.0,2.8,3200.0,120.0,0.0,512.0,0.0,16.0,89990.0,1.0,1.0,LED,No,LPDDR4X,intel,mid,Asus,Windows,intel,high,low
5455,1.51,157.0,4.2,3200.0,120.0,0.0,512.0,0.0,16.0,67250.0,0.0,1.0,LED,Yes,DDR4,intel,mid,HP,Windows,intel,mid,low
5456,2.25,141.0,2.6,2666.0,120.0,4.0,256.0,1024.0,8.0,96731.0,0.0,1.0,LED,No,DDR4,nvidia,low,HP,Windows,intel,high,high
5457,1.6,157.0,1.0,3200.0,120.0,0.0,512.0,0.0,8.0,42990.0,0.0,1.0,LED,No,DDR4,intel,low,Asus,Windows,intel,mid,low
5458,1.86,100.0,1.6,2400.0,120.0,0.0,0.0,1024.0,4.0,39999.0,0.0,1.0,LED,No,DDR4,intel,low,HP,Windows,intel,mid,low
5459,1.3,157.0,3.0,2933.0,60.0,0.0,512.0,0.0,8.0,32990.0,0.0,0.0,LED,No,DDR4,intel,low,MSI,Windows,intel,low,low
5460,1.77,100.0,2.3,2133.0,120.0,0.0,0.0,1024.0,8.0,33990.0,0.0,1.0,LED,No,DDR4,intel,low,HP,DOS,intel,low,low
5461,1.8,141.0,1.2,2666.0,120.0,0.0,512.0,0.0,8.0,41846.0,0.0,1.0,LED,No,DDR4,intel,low,Dell,Windows,intel,low,low
5462,1.6,141.0,1.0,2666.0,120.0,2.0,256.0,1024.0,8.0,58800.0,0.0,1.0,LED,No,DDR4,nvidia,low,Lenovo,Windows,intel,mid,low
5463,1.62,141.0,2.0,4800.0,120.0,0.0,512.0,0.0,16.0,52925.0,0.0,1.0,LED,No,LPDDR5,intel,low,Lenovo,Windows,intel,mid,high
5464,1.78,141.0,1.0,2400.0,120.0,0.0,512.0,0.0,8.0,24990.0,0.0,1.0,LED,No,DDR4,amd,low,HP,Windows,amd,low,low
5466,1.8,141.0,2.4,3200.0,120.0,0.0,512.0,0.0,8.0,48490.0,1.0,1.0,LED,No,DDR4,intel,low,Dell,Windows,intel,mid,low
5467,2.3,141.0,2.3,2400.0,60.0,4.0,0.0,1024.0,8.0,52990.0,0.0,0.0,LED,No,DDR4,nvidia,low,Lenovo,Windows,intel,mid,high
5468,1.59,157.0,2.6,2400.0,120.0,0.0,0.0,1024.0,8.0,37390.0,0.0,1.0,LED,No,DDR4,amd,low,Dell,Windows,amd,low,low
5469,2.2,141.0,4.7,3200.0,144.0,4.0,512.0,0.0,16.0,100990.0,1.0,0.0,LED,No,DDR5,nvidia,mid,Asus,Windows,intel,high,high
5470,1.46,157.0,2.1,2400.0,120.0,0.0,512.0,0.0,8.0,35350.0,0.0,1.0,LED,No,DDR4,amd,low,HP,Windows,amd,mid,low
5471,2.32,141.0,3.3,4800.0,120.0,4.0,512.0,0.0,8.0,58990.0,0.0,0.0,LED,No,DDR5,nvidia,mid,Lenovo,Windows,amd,mid,high
5472,1.7,141.0,2.3,3200.0,60.0,0.0,512.0,0.0,16.0,64990.0,0.0,0.0,LED,No,DDR4,intel,low,Asus,Windows,intel,high,high
5473,1.76,141.0,2.4,3200.0,120.0,0.0,512.0,0.0,8.0,37990.0,0.0,1.0,IPS LCD,No,DDR4,intel,mid,Other,Windows,intel,mid,low
5474,1.76,141.0,4.2,3200.0,120.0,0.0,512.0,0.0,16.0,39990.0,0.0,1.0,LED,No,DDR4,intel,mid,Other,Windows,intel,mid,low
5475,1.26,135.0,2.8,3200.0,120.0,0.0,128.0,0.0,4.0,22300.0,1.0,1.0,LED,No,DDR4,intel,low,Asus,Windows,intel,low,low
5476,1.89,142.0,4.7,3200.0,120.0,0.0,512.0,0.0,16.0,67990.0,1.0,1.0,LED,No,LPDDR5,intel,mid,Lenovo,Windows,intel,mid,high
5478,1.9,141.0,1.2,3200.0,120.0,0.0,0.0,1024.0,8.0,35990.0,1.0,1.0,LED,No,DDR4,intel,low,Asus,Windows,intel,low,low
5479,1.5,157.0,4.0,3200.0,120.0,0.0,256.0,0.0,8.0,49995.0,0.0,1.0,LED,Yes,DDR4,intel,low,Lenovo,Windows,intel,low,low
5480,2.1,100.0,2.5,2400.0,120.0,2.0,0.0,1024.0,4.0,40697.0,0.0,1.0,LED,No,DDR4,amd,low,Dell,Other,intel,mid,low
5481,1.85,141.0,2.2,2133.0,120.0,0.0,0.0,1024.0,4.0,33990.0,0.0,1.0,LCD,No,DDR4,intel,low,Lenovo,Windows,intel,low,low
5482,1.88,142.0,4.2,3200.0,60.0,0.0,512.0,0.0,16.0,49990.0,1.0,0.0,LED,No,DDR4,amd,low,Asus,Windows,amd,mid,low
5484,2.4,141.0,2.8,3200.0,165.0,6.0,1024.0,0.0,16.0,137990.0,0.0,0.0,LED,No,DDR4,nvidia,mid,Lenovo,Windows,amd,high,high
5485,1.85,100.0,1.2,2666.0,120.0,0.0,0.0,1024.0,4.0,29990.0,0.0,1.0,LED,No,DDR4,intel,low,Lenovo,DOS,intel,low,low
5486,1.75,100.0,2.0,2400.0,120.0,0.0,0.0,1024.0,4.0,34990.0,0.0,1.0,LED,No,DDR4,intel,low,Dell,Windows,intel,low,low
5487,2.2,141.0,2.2,2400.0,120.0,4.0,128.0,1024.0,8.0,77990.0,0.0,1.0,LED,No,DDR4,nvidia,low,HP,Windows,intel,high,high
5488,2.25,141.0,2.6,2666.0,120.0,4.0,512.0,1024.0,12.0,105932.0,0.0,1.0,LED,No,DDR4,nvidia,low,HP,Windows,intel,high,high
5489,1.5,157.0,2.4,3200.0,120.0,0.0,512.0,0.0,8.0,67990.0,0.0,1.0,LED,Yes,DDR4,intel,mid,Lenovo,Windows,intel,mid,low
5490,2.1,141.0,4.7,3200.0,144.0,4.0,512.0,0.0,16.0,99990.0,1.0,0.0,LED,No,DDR4,nvidia,mid,Asus,Windows,amd,high,high
5491,1.55,112.0,2.8,3200.0,120.0,0.0,256.0,0.0,4.0,32990.0,1.0,1.0,LED,No,DDR4,intel,low,Acer,Windows,intel,low,low
5492,1.58,157.0,4.2,2666.0,120.0,0.0,0.0,1024.0,8.0,46013.0,0.0,1.0,LED,No,DDR4,intel,mid,Dell,Windows,intel,mid,low
5493,0.77,267.0,1.1,3200.0,120.0,0.0,128.0,0.0,8.0,78990.0,1.0,1.0,LED,Yes,LPDDR4X,intel,low,Other,Windows,intel,mid,low
5494,1.7,141.0,1.1,3200.0,60.0,0.0,512.0,0.0,8.0,41390.0,0.0,0.0,LED,No,DDR4,intel,low,Asus,Windows,intel,low,mid
5495,2.8,189.0,5.0,4800.0,165.0,8.0,1024.0,0.0,16.0,159999.0,0.0,0.0,LED,No,DDR5,nvidia,mid,Acer,Windows,intel,high,high
5496,1.7,141.0,2.4,3200.0,120.0,0.0,512.0,0.0,8.0,48999.0,1.0,1.0,LED,No,DDR4,intel,mid,Acer,Windows,intel,mid,low
5497,2.4,141.0,4.2,3200.0,165.0,6.0,1024.0,0.0,16.0,99825.0,0.0,0.0,LED,No,DDR4,nvidia,mid,Lenovo,Windows,amd,high,high
5499,1.5,166.0,2.4,2133.0,120.0,0.0,0.0,1024.0,4.0,48000.0,0.0,1.0,LED,Yes,DDR4,intel,low,HP,Windows,intel,low,low
5500,1.9,141.0,1.6,3200.0,120.0,0.0,128.0,1024.0,8.0,59990.0,1.0,1.0,LED,No,DDR4,intel,low,Lenovo,Windows,intel,mid,low
5501,2.7,141.0,2.5,2400.0,120.0,6.0,128.0,1024.0,16.0,104990.0,0.0,1.0,LED,No,DDR4,nvidia,mid,Acer,Windows,intel,mid,high
5502,1.46,157.0,4.0,3200.0,120.0,0.0,512.0,0.0,8.0,39990.0,0.0,1.0,LED,No,DDR4,intel,low,HP,Windows,intel,low,low
5503,1.85,100.0,1.2,2666.0,60.0,0.0,512.0,0.0,8.0,32990.0,0.0,0.0,LED,No,DDR4,intel,low,Lenovo,Windows,intel,low,low
5504,1.4,157.0,1.6,2400.0,120.0,0.0,256.0,1024.0,8.0,62990.0,0.0,1.0,LED,No,DDR4,intel,low,Asus,Windows,intel,mid,low
5505,1.41,243.0,4.7,3200.0,120.0,0.0,1024.0,0.0,16.0,87490.0,0.0,1.0,OLED,No,DDR4,intel,mid,HP,Windows,intel,high,high
5506,2.14,141.0,2.6,3200.0,120.0,4.0,256.0,1024.0,8.0,78999.0,1.0,0.0,LED,No,DDR4,nvidia,low,Asus,Windows,intel,high,high
5507,1.6,157.0,2.8,3200.0,60.0,0.0,512.0,0.0,16.0,56990.0,0.0,0.0,LCD,No,DDR4,intel,mid,Asus,Windows,intel,high,low
5508,2.2,100.0,2.5,2133.0,120.0,4.0,0.0,2048.0,8.0,63362.0,0.0,1.0,LED,No,DDR4,nvidia,low,Lenovo,Windows,intel,mid,low
5509,1.48,157.0,4.1,3200.0,120.0,0.0,256.0,0.0,8.0,34800.0,0.0,1.0,LED,No,DDR4,amd,low,Dell,Windows,amd,low,low
5510,1.4,157.0,1.6,2400.0,120.0,0.0,256.0,1024.0,8.0,64990.0,0.0,1.0,LED,No,DDR4,intel,low,Asus,Windows,intel,mid,low
5511,1.8,141.0,1.6,2400.0,120.0,2.0,128.0,1024.0,8.0,66990.0,0.0,1.0,LED,No,DDR4,nvidia,low,Acer,Windows,intel,mid,low
5513,1.86,141.0,4.2,3200.0,60.0,4.0,512.0,0.0,8.0,53463.0,1.0,0.0,LED,No,DDR4,nvidia,low,MSI,Windows,intel,mid,high
5515,1.85,141.0,2.3,3200.0,120.0,0.0,0.0,1024.0,4.0,24999.0,1.0,1.0,LED,No,DDR4,amd,low,Lenovo,Windows,amd,low,low
5516,1.6,157.0,1.2,2666.0,120.0,0.0,256.0,0.0,4.0,31490.0,0.0,1.0,LED,No,DDR4,intel,low,Lenovo,Windows,intel,low,low
5517,1.66,112.0,1.2,2666.0,120.0,0.0,256.0,0.0,4.0,36999.0,0.0,1.0,LED,No,DDR4,intel,low,Dell,Windows,intel,low,low
5519,2.25,141.0,3.1,3200.0,120.0,4.0,256.0,1024.0,8.0,66490.0,0.0,0.0,LED,No,DDR4,nvidia,mid,Lenovo,Windows,intel,mid,high
5520,2.3,141.0,2.4,2133.0,120.0,0.0,0.0,1024.0,4.0,43058.0,0.0,1.0,LED,Yes,DDR4,intel,low,Dell,Windows,intel,high,low
5521,1.65,141.0,2.8,2933.0,120.0,0.0,256.0,0.0,4.0,37990.0,0.0,1.0,LED,No,DDR4,intel,low,Acer,Windows,intel,low,low
5522,2.1,141.0,2.0,2133.0,120.0,0.0,0.0,1024.0,4.0,32990.0,0.0,1.0,LED,No,DDR4,amd,low,Acer,Windows,amd,mid,low
5523,1.56,157.0,1.7,3200.0,120.0,0.0,512.0,0.0,8.0,67211.0,0.0,1.0,LED,Yes,DDR4,intel,low,Dell,Windows,intel,low,low
5524,1.24,155.0,2.5,3200.0,120.0,0.0,1024.0,0.0,16.0,69990.0,1.0,1.0,LED,No,LPDDR4X,intel,low,Other,Windows,intel,mid,low
5525,1.58,157.0,1.2,2666.0,120.0,0.0,256.0,1024.0,4.0,42278.0,0.0,1.0,LED,No,DDR4,intel,low,Dell,Windows,intel,low,low
5526,2.6,127.0,2.1,2400.0,120.0,3.0,0.0,1024.0,8.0,39990.0,0.0,1.0,LED,No,DDR4,nvidia,low,Asus,Windows,amd,mid,high
5527,2.65,141.0,2.6,3200.0,120.0,4.0,512.0,0.0,16.0,57990.0,0.0,0.0,LED,No,DDR4,nvidia,mid,Dell,Windows,intel,mid,high
5528,2.2,100.0,2.0,2133.0,120.0,0.0,0.0,1024.0,4.0,22000.0,0.0,1.0,LED,No,DDR4,amd,low,Lenovo,DOS,amd,low,low
5529,1.5,157.0,3.0,4266.0,120.0,0.0,512.0,0.0,8.0,49990.0,0.0,1.0,LED,Yes,LPDDR4X,intel,low,Asus,Windows,intel,low,low
5530,1.83,141.0,2.4,2666.0,120.0,2.0,256.0,1024.0,8.0,64590.0,0.0,1.0,LED,No,DDR4,nvidia,low,Dell,Windows,intel,mid,low
5531,1.86,141.0,2.0,2133.0,120.0,0.0,0.0,2048.0,4.0,30990.0,0.0,1.0,LED,No,DDR4,intel,low,HP,DOS,intel,low,low
5532,1.65,100.0,2.6,1866.0,120.0,0.0,0.0,1024.0,4.0,27079.0,0.0,1.0,LED,No,DDR4,amd,low,HP,Windows,amd,low,low
5533,1.85,141.0,1.0,2666.0,120.0,0.0,256.0,1024.0,8.0,52820.0,0.0,1.0,LED,No,DDR4,intel,low,Lenovo,Windows,intel,mid,low
5534,2.0,141.0,3.3,3200.0,120.0,4.0,512.0,0.0,8.0,32990.0,1.0,0.0,LED,No,DDR4,nvidia,mid,Lenovo,Windows,amd,mid,high
5535,1.5,141.0,1.6,3200.0,120.0,2.0,0.0,1024.0,8.0,59990.0,1.0,1.0,LED,No,DDR4,nvidia,low,Asus,Windows,intel,mid,low
5537,2.44,141.0,2.6,2933.0,120.0,4.0,512.0,0.0,8.0,70494.0,0.0,0.0,LED,No,DDR4,nvidia,mid,Dell,Windows,intel,mid,high
5538,1.86,141.0,1.6,2400.0,120.0,2.0,0.0,1024.0,8.0,44990.0,0.0,1.0,LED,No,DDR4,amd,low,HP,DOS,intel,mid,low
5539,2.2,141.0,1.6,3200.0,120.0,0.0,0.0,1024.0,8.0,41990.0,1.0,1.0,LED,No,DDR4,intel,low,Lenovo,Windows,intel,mid,low
5540,1.75,142.0,2.0,3200.0,120.0,0.0,512.0,0.0,16.0,46490.0,1.0,1.0,LED,No,LPDDR4X,intel,low,Other,Windows,intel,mid,high
5541,2.57,141.0,3.3,4800.0,120.0,4.0,512.0,0.0,16.0,71499.0,0.0,0.0,LED,No,DDR5,nvidia,mid,Dell,Windows,intel,mid,high
5542,0.77,267.0,2.6,2133.0,120.0,0.0,128.0,0.0,4.0,79999.0,0.0,1.0,LED,Yes,DDR4,intel,low,Other,Windows,intel,mid,low
5543,1.75,142.0,2.0,3200.0,120.0,0.0,512.0,0.0,8.0,50990.0,1.0,1.0,LED,No,LPDDR4X,intel,low,Other,Windows,intel,mid,high
5545,1.5,157.0,1.3,3200.0,120.0,0.0,512.0,0.0,8.0,48990.0,1.0,1.0,LED,No,DDR4,intel,low,Asus,Windows,intel,mid,low
5546,1.86,100.0,2.0,2133.0,120.0,0.0,0.0,1024.0,4.0,32990.0,0.0,1.0,LED,No,DDR4,intel,low,HP,DOS,intel,low,low
5547,2.23,100.0,2.5,3200.0,120.0,2.0,0.0,1024.0,8.0,41900.0,1.0,1.0,LED,No,DDR4,nvidia,low,Acer,Other,intel,mid,low
5548,2.57,141.0,3.3,3200.0,120.0,4.0,512.0,0.0,8.0,77990.0,0.0,0.0,LED,No,DDR4,nvidia,mid,Dell,Windows,amd,mid,high
5549,2.3,141.0,2.3,3200.0,144.0,4.0,512.0,0.0,16.0,88990.0,0.0,0.0,LED,No,DDR4,nvidia,mid,Asus,Windows,intel,high,high
5550,2.37,141.0,3.4,3200.0,144.0,4.0,512.0,0.0,8.0,79900.0,0.0,0.0,LED,No,DDR4,nvidia,mid,HP,Windows,intel,high,high
5551,2.0,141.0,2.3,4800.0,144.0,6.0,1024.0,0.0,8.0,94249.0,0.0,0.0,LED,No,DDR5,nvidia,mid,Asus,Windows,intel,high,high
5553,1.5,157.0,1.6,2666.0,120.0,0.0,256.0,0.0,8.0,64200.0,0.0,1.0,LED,No,DDR4,intel,low,Lenovo,Windows,intel,mid,low
5554,1.85,141.0,2.4,2400.0,120.0,0.0,0.0,1024.0,4.0,27990.0,0.0,1.0,LED,No,DDR4,amd,low,Lenovo,DOS,amd,low,low
5556,1.5,157.0,2.4,3200.0,120.0,0.0,0.0,1024.0,4.0,39999.0,1.0,1.0,LED,No,DDR4,amd,low,Acer,Windows,amd,low,low
5557,2.2,100.0,1.8,2133.0,120.0,0.0,0.0,1024.0,4.0,19990.0,0.0,1.0,LED,No,DDR4,intel,low,Lenovo,Windows,intel,low,low
5558,1.7,141.0,2.1,3200.0,120.0,0.0,512.0,0.0,8.0,31990.0,0.0,1.0,LED,No,DDR4,amd,low,Lenovo,Windows,amd,mid,low
5559,2.32,141.0,2.6,2666.0,60.0,4.0,256.0,1024.0,8.0,81990.0,0.0,0.0,LED,No,DDR4,nvidia,low,HP,Windows,intel,high,high
5560,1.8,141.0,3.1,3200.0,144.0,4.0,512.0,0.0,16.0,59990.0,0.0,0.0,LED,No,DDR4,nvidia,mid,Asus,Windows,amd,high,high
5561,1.48,157.0,2.4,3200.0,120.0,0.0,512.0,0.0,8.0,53890.0,0.0,1.0,LED,No,DDR4,intel,low,Dell,Windows,intel,mid,low
5563,2.17,141.0,2.4,2666.0,120.0,4.0,512.0,0.0,8.0,63641.0,0.0,1.0,LED,No,DDR4,nvidia,low,HP,Windows,intel,mid,high
5564,1.85,141.0,2.6,2400.0,120.0,0.0,0.0,1024.0,4.0,27990.0,0.0,1.0,LED,No,DDR4,amd,low,Lenovo,Windows,amd,low,low
5565,1.65,112.0,1.6,2400.0,120.0,0.0,0.0,1024.0,8.0,51540.0,0.0,1.0,LED,No,DDR4,intel,low,Acer,Windows,intel,mid,low
5566,2.2,100.0,2.7,2133.0,120.0,0.0,0.0,1024.0,8.0,65212.0,0.0,1.0,LED,No,DDR4,nvidia,low,Lenovo,Windows,intel,high,low
5567,1.9,141.0,1.0,3200.0,120.0,0.0,0.0,1024.0,8.0,44990.0,1.0,1.0,LED,No,DDR4,intel,low,Asus,Windows,intel,mid,low
5568,2.19,100.0,2.3,2133.0,120.0,2.0,0.0,1024.0,4.0,44900.0,0.0,1.0,LED,No,DDR4,amd,low,HP,DOS,intel,mid,low
5569,1.74,141.0,1.2,2666.0,120.0,0.0,512.0,0.0,4.0,34100.0,0.0,1.0,LED,No,DDR4,intel,low,HP,Windows,intel,low,low
5570,2.0,141.0,4.7,3200.0,144.0,4.0,1024.0,0.0,16.0,96990.0,1.0,0.0,LED,No,DDR5,nvidia,mid,Asus,Windows,intel,high,high
5571,1.65,141.0,4.2,3200.0,120.0,0.0,512.0,0.0,8.0,50990.0,1.0,1.0,LED,No,DDR4,intel,mid,Acer,Windows,intel,mid,low
5572,1.69,141.0,4.2,3200.0,120.0,0.0,512.0,0.0,8.0,34590.0,0.0,1.0,LED,No,DDR4,intel,low,HP,Windows,intel,low,low
5574,1.4,157.0,4.2,3200.0,120.0,0.0,512.0,0.0,8.0,60390.0,0.0,1.0,LED,No,DDR4,intel,mid,Dell,Windows,intel,mid,low
5575,1.52,157.0,4.0,3200.0,60.0,0.0,256.0,0.0,8.0,48999.0,0.0,0.0,LED,Yes,DDR4,intel,low,HP,Windows,intel,low,low
5576,1.86,141.0,2.7,3200.0,60.0,4.0,512.0,0.0,8.0,48999.0,1.0,0.0,LED,No,DDR4,nvidia,low,MSI,Windows,intel,mid,high
5577,2.19,100.0,2.0,1600.0,120.0,0.0,0.0,1024.0,4.0,23990.0,0.0,1.0,LED,No,DDR3,amd,low,HP,DOS,amd,low,low
5578,1.75,141.0,4.2,3200.0,60.0,0.0,512.0,0.0,8.0,41980.0,0.0,0.0,LED,No,DDR4,amd,low,HP,Windows,amd,mid,low
5579,2.3,141.0,4.7,2933.0,144.0,4.0,1024.0,0.0,8.0,46022.0,0.0,0.0,LED,No,DDR4,nvidia,low,Asus,Windows,intel,mid,high
5580,1.32,166.0,2.4,1866.0,120.0,0.0,128.0,0.0,4.0,53490.0,0.0,1.0,LED,No,LPDDR3,intel,low,HP,Windows,intel,low,low
5581,1.86,100.0,2.5,1866.0,120.0,0.0,0.0,1024.0,4.0,25397.0,0.0,1.0,LED,No,DDR4,amd,low,HP,DOS,amd,low,low
5582,1.65,141.0,0.8,3200.0,120.0,0.0,512.0,0.0,8.0,31990.0,1.0,0.0,LED,No,DDR4,intel,low,Dell,Windows,intel,low,low
5583,1.8,141.0,4.0,3200.0,60.0,0.0,512.0,0.0,8.0,33490.0,0.0,0.0,OLED,No,DDR4,intel,low,Asus,Windows,intel,low,low
5584,1.7,141.0,2.4,3200.0,120.0,0.0,512.0,0.0,8.0,68999.0,1.0,1.0,LED,No,DDR4,intel,low,Lenovo,Windows,intel,mid,low
5585,2.7,141.0,2.3,2400.0,120.0,4.0,16.0,1024.0,8.0,55990.0,0.0,1.0,LED,No,DDR4,nvidia,low,Acer,Windows,intel,mid,high
5586,1.37,227.0,1.4,2133.0,120.0,0.0,256.0,0.0,8.0,112040.0,0.0,1.0,LED,No,LPDDR3,intel,low,Apple,macOS,intel,mid,low
5587,1.54,141.0,2.1,3200.0,60.0,0.0,256.0,0.0,8.0,39990.0,1.0,0.0,LED,No,DDR4,amd,low,Other,Windows,amd,mid,low
5588,2.1,141.0,2.8,3200.0,144.0,4.0,512.0,0.0,16.0,59990.0,1.0,0.0,TFT LCD,No,DDR5,nvidia,low,Acer,Windows,intel,mid,high
5589,1.5,157.0,4.0,3200.0,120.0,0.0,512.0,0.0,8.0,49990.0,1.0,1.0,LED,Yes,DDR4,intel,low,Asus,Windows,intel,low,low
5590,2.1,141.0,4.6,3200.0,144.0,4.0,512.0,0.0,8.0,59840.0,1.0,0.0,LED,No,DDR5,nvidia,low,Acer,Windows,intel,mid,high
5591,1.59,157.0,2.1,2666.0,120.0,0.0,256.0,0.0,4.0,50990.0,0.0,1.0,LED,Yes,DDR4,intel,low,HP,Windows,intel,low,low
5592,1.53,157.0,1.2,2666.0,120.0,0.0,0.0,1024.0,8.0,41990.0,0.0,1.0,LED,No,DDR4,intel,low,HP,Windows,intel,low,low
5593,1.8,141.0,4.1,3200.0,60.0,0.0,512.0,0.0,8.0,53990.0,0.0,0.0,LED,No,DDR4,intel,low,Asus,Windows,intel,low,low
5594,1.9,133.0,3.3,3200.0,144.0,6.0,512.0,0.0,16.0,76990.0,0.0,0.0,LED,No,DDR4,nvidia,mid,Asus,Windows,amd,high,high
5595,2.32,141.0,3.3,3200.0,120.0,4.0,512.0,0.0,8.0,59990.0,1.0,0.0,LED,No,DDR5,nvidia,mid,Lenovo,Windows,amd,mid,high
5596,1.8,100.0,4.1,3200.0,120.0,0.0,0.0,1024.0,8.0,28990.0,1.0,1.0,LED,No,DDR4,intel,low,Asus,Windows,intel,low,low
5597,1.83,141.0,3.5,2400.0,120.0,0.0,256.0,1024.0,4.0,40235.0,0.0,1.0,LED,No,DDR4,amd,low,Dell,Windows,amd,low,low
5598,1.47,157.0,2.8,3200.0,120.0,0.0,512.0,0.0,8.0,57200.0,0.0,1.0,LED,No,DDR4,amd,low,HP,Windows,amd,high,low
5599,2.3,141.0,2.5,2933.0,144.0,4.0,512.0,0.0,8.0,67500.0,0.0,0.0,LED,No,DDR4,nvidia,low,Asus,Windows,intel,mid,high
5600,2.37,157.0,2.4,3200.0,120.0,0.0,256.0,0.0,8.0,39990.0,1.0,1.0,LED,No,DDR4,intel,mid,Asus,Windows,intel,mid,low
5601,1.85,141.0,4.2,3200.0,120.0,0.0,256.0,1024.0,16.0,35990.0,0.0,1.0,LED,No,DDR4,intel,low,Dell,Windows,intel,low,low
5602,1.5,212.0,3.4,3200.0,120.0,0.0,1024.0,0.0,16.0,119000.0,1.0,0.0,OLED,No,LPDDR5X,qualcomm,low,Asus,Windows,qualcomm,high,high
5603,1.7,141.0,1.8,2133.0,120.0,2.0,256.0,1024.0,8.0,77495.0,0.0,1.0,LED,No,DDR4,nvidia,low,Asus,Windows,intel,high,low
5604,2.57,282.0,2.6,1600.0,120.0,4.0,0.0,1024.0,8.0,90000.0,0.0,1.0,LED,Yes,DDR3,nvidia,low,Dell,Windows,intel,high,high
5605,1.6,157.0,1.2,3200.0,120.0,0.0,128.0,1024.0,8.0,41990.0,0.0,1.0,LED,No,DDR4,intel,low,Asus,Windows,intel,low,low
5606,1.2,157.0,1.6,1866.0,120.0,0.0,256.0,0.0,8.0,45800.0,0.0,1.0,LED,No,DDR4,intel,low,Asus,Windows,intel,mid,low
5607,1.69,141.0,1.7,3200.0,120.0,0.0,512.0,0.0,8.0,34790.0,1.0,1.0,LED,No,DDR4,intel,low,HP,Windows,intel,low,low
5608,1.5,157.0,2.1,2400.0,120.0,0.0,0.0,1024.0,8.0,43990.0,0.0,1.0,LED,No,DDR4,amd,low,Asus,Windows,amd,mid,low
5609,1.8,141.0,2.0,3200.0,120.0,0.0,256.0,1024.0,8.0,63990.0,1.0,1.0,LED,No,DDR4,amd,low,Asus,Windows,amd,high,low
5610,2.2,141.0,2.8,2666.0,120.0,4.0,512.0,0.0,16.0,83200.0,0.0,1.0,LED,No,DDR4,nvidia,low,Asus,Windows,intel,high,high
5611,2.36,141.0,2.6,2933.0,300.0,8.0,1024.0,0.0,16.0,170999.0,0.0,0.0,LED,No,DDR4,nvidia,high,HP,Windows,intel,high,high
5612,1.4,243.0,4.7,3200.0,90.0,4.0,1024.0,0.0,16.0,74990.0,0.0,0.0,OLED,No,DDR4,nvidia,low,Asus,Windows,intel,high,high
5613,1.8,141.0,2.4,3200.0,120.0,0.0,512.0,0.0,8.0,49990.0,1.0,1.0,LED,No,DDR4,intel,low,Dell,Windows,intel,mid,low
5614,1.47,112.0,2.6,3200.0,120.0,0.0,0.0,1024.0,4.0,31063.0,1.0,1.0,LED,No,DDR4,amd,low,HP,DOS,amd,low,low
5615,2.85,127.0,2.6,2666.0,120.0,4.0,1024.0,0.0,16.0,101990.0,0.0,1.0,LED,No,DDR4,nvidia,low,Asus,Windows,intel,high,high
5616,1.45,243.0,2.3,3200.0,90.0,4.0,1024.0,0.0,16.0,79990.0,1.0,0.0,OLED,Yes,DDR4,nvidia,low,Asus,Windows,intel,high,high
5617,1.04,331.0,1.8,2133.0,120.0,0.0,512.0,0.0,16.0,247727.0,0.0,1.0,LED,Yes,LPDDR3,intel,low,Asus,Windows,intel,high,low
5618,1.8,141.0,1.7,2666.0,120.0,0.0,0.0,1024.0,8.0,41990.0,0.0,1.0,LED,No,DDR4,intel,low,Dell,Windows,intel,low,low
5619,2.25,141.0,2.4,3200.0,144.0,8.0,1024.0,0.0,16.0,199999.0,0.0,0.0,LED,No,DDR4,nvidia,high,Lenovo,Windows,intel,high,high
5620,1.8,141.0,3.1,6400.0,120.0,4.0,512.0,0.0,16.0,64990.0,0.0,1.0,LED,No,LPDDR5,nvidia,mid,Asus,Windows,amd,high,high
5621,1.0,255.0,5.0,3200.0,60.0,0.0,1024.0,0.0,16.0,109990.0,1.0,0.0,OLED,No,LPDDR5,intel,mid,Asus,Windows,intel,high,low
5622,2.3,141.0,2.6,2933.0,144.0,6.0,1024.0,0.0,16.0,128990.0,0.0,0.0,LED,No,DDR4,nvidia,mid,Asus,Windows,intel,high,high
5623,1.65,141.0,2.1,3200.0,120.0,0.0,0.0,1024.0,8.0,40899.0,0.0,1.0,LED,No,DDR4,intel,low,Lenovo,Windows,intel,low,low
5624,2.16,100.0,2.2,1600.0,120.0,2.0,0.0,500.0,4.0,44940.0,0.0,1.0,LED,No,DDR3,nvidia,low,Dell,Windows,intel,mid,low
5625,1.47,157.0,2.6,3200.0,120.0,0.0,512.0,0.0,8.0,41990.0,1.0,1.0,LED,No,DDR4,amd,low,HP,Windows,amd,low,low
5626,1.77,157.0,1.6,3200.0,120.0,0.0,512.0,0.0,8.0,78999.0,1.0,1.0,LED,No,DDR4,intel,low,Lenovo,Windows,intel,mid,low
5627,2.2,141.0,2.4,2133.0,120.0,2.0,0.0,1024.0,4.0,34000.0,0.0,1.0,LED,No,DDR4,nvidia,low,Asus,DOS,intel,low,low
5628,1.7,141.0,1.6,2666.0,120.0,0.0,0.0,1024.0,8.0,43990.0,0.0,1.0,LED,No,DDR4,intel,low,Asus,Windows,intel,mid,low
5629,1.26,157.0,2.0,3200.0,120.0,0.0,512.0,0.0,16.0,94990.0,1.0,1.0,LED,No,DDR4,amd,low,Asus,Windows,amd,high,low
5630,1.65,157.0,4.8,3200.0,144.0,8.0,1024.0,0.0,16.0,130990.0,1.0,0.0,LED,No,DDR5,amd,high,Asus,Windows,amd,high,high
5631,1.9,236.0,4.7,5200.0,120.0,6.0,512.0,0.0,16.0,114990.0,0.0,0.0,OLED,No,DDR5,nvidia,mid,Asus,Windows,intel,mid,high
5632,1.25,135.0,2.0,1600.0,120.0,0.0,0.0,500.0,2.0,16990.0,0.0,1.0,LED,No,DDR3,intel,low,Acer,Windows,intel,low,low
5633,1.0,162.0,4.6,3200.0,120.0,0.0,512.0,0.0,16.0,76656.0,1.0,1.0,LED,No,LPDDR5,intel,mid,Other,Windows,intel,mid,low
5634,1.3,111.0,1.1,3200.0,120.0,0.0,256.0,0.0,8.0,28910.0,1.0,1.0,LED,No,DDR4,intel,low,Asus,Windows,intel,low,low
5635,1.8,141.0,3.1,6400.0,144.0,4.0,512.0,0.0,16.0,64990.0,0.0,0.0,LED,No,LPDDR5,nvidia,mid,Asus,Windows,amd,high,high
5636,2.0,141.0,2.1,3200.0,120.0,0.0,256.0,0.0,4.0,39990.0,1.0,1.0,LED,No,DDR4,amd,low,Asus,Windows,amd,mid,low
5637,1.46,112.0,2.6,2400.0,120.0,0.0,0.0,0.0,4.0,51148.0,0.0,1.0,LED,No,LPDDR4,intel,low,HP,Google Chrome,intel,low,low
5638,2.3,141.0,2.9,3200.0,144.0,6.0,512.0,1024.0,8.0,98990.0,0.0,0.0,LED,No,DDR4,nvidia,mid,Asus,Windows,amd,high,high
5639,1.7,157.0,2.9,3200.0,120.0,4.0,1024.0,0.0,16.0,78990.0,0.0,0.0,LED,No,DDR4,nvidia,low,Asus,Windows,amd,high,high
5640,1.5,243.0,4.6,3200.0,90.0,0.0,512.0,0.0,16.0,87044.0,1.0,0.0,OLED,Yes,LPDDR5,intel,mid,Asus,Windows,intel,mid,mid
5642,2.3,141.0,2.3,3200.0,120.0,2.0,0.0,1024.0,4.0,49000.0,1.0,1.0,LED,No,DDR3,nvidia,low,Asus,DOS,intel,mid,low
5643,1.7,141.0,4.2,3200.0,60.0,0.0,1024.0,0.0,16.0,51990.0,1.0,0.0,LED,No,DDR4,amd,low,MSI,Windows,amd,high,low
5644,2.3,141.0,1.8,3200.0,120.0,2.0,0.0,1024.0,8.0,48890.0,1.0,1.0,LED,No,DDR3,amd,low,Lenovo,Windows,amd,low,mid
5645,2.3,141.0,2.4,2666.0,144.0,6.0,256.0,1024.0,8.0,110890.0,0.0,0.0,LED,No,DDR4,nvidia,mid,Lenovo,Windows,intel,mid,high
5646,1.6,111.0,1.1,3200.0,120.0,0.0,256.0,0.0,8.0,28330.0,1.0,1.0,LED,No,DDR4,intel,low,Asus,Windows,intel,low,low
5647,2.3,141.0,2.6,3200.0,240.0,6.0,1024.0,0.0,16.0,121244.0,1.0,0.0,LED,No,DDR4,nvidia,mid,Asus,Windows,intel,high,high
5648,1.5,157.0,4.0,3200.0,120.0,0.0,512.0,0.0,8.0,71500.0,0.0,1.0,LED,No,DDR4,amd,low,Asus,Windows,amd,high,low
5649,1.5,112.0,2.8,3200.0,120.0,0.0,512.0,0.0,16.0,81500.0,1.0,1.0,LED,No,DDR4,intel,mid,Lenovo,Windows,intel,high,low
5651,2.2,141.0,3.1,3200.0,120.0,4.0,512.0,0.0,8.0,56990.0,0.0,0.0,LED,No,DDR4,nvidia,mid,Lenovo,Windows,intel,mid,high
5652,2.6,127.0,2.2,3200.0,144.0,4.0,512.0,0.0,16.0,85990.0,1.0,0.0,LED,No,DDR4,nvidia,low,Asus,Windows,intel,high,high
5653,2.9,127.0,3.0,3200.0,360.0,8.0,1024.0,0.0,16.0,199990.0,1.0,0.0,LED,No,DDR4,nvidia,high,MSI,Windows,intel,high,high
5654,1.25,210.0,1.7,3200.0,120.0,0.0,512.0,0.0,16.0,58990.0,1.0,1.0,LED,No,LPDDR4X,intel,mid,Acer,Windows,intel,mid,mid
5655,2.0,141.0,2.5,3200.0,120.0,4.0,0.0,1024.0,8.0,64990.0,1.0,1.0,LED,No,LPDDR5X,nvidia,low,HP,Windows,intel,high,low
5656,2.61,127.0,2.2,2400.0,120.0,8.0,512.0,1024.0,16.0,249990.0,0.0,1.0,LED,No,DDR4,nvidia,high,MSI,Windows,intel,high,high
5657,2.0,189.0,2.3,3200.0,165.0,6.0,512.0,0.0,16.0,159990.0,1.0,0.0,LED,No,DDR5,intel,low,Asus,Windows,intel,high,high
5658,1.87,141.0,1.6,2133.0,120.0,0.0,0.0,1024.0,8.0,43990.0,0.0,1.0,LED,No,DDR4,intel,low,Lenovo,Windows,intel,mid,low
5659,1.74,141.0,4.6,3200.0,60.0,0.0,512.0,0.0,16.0,64990.0,0.0,0.0,LED,No,DDR4,intel,mid,HP,Windows,intel,mid,mid
5660,1.36,157.0,1.1,3200.0,120.0,0.0,0.0,0.0,4.0,65280.0,1.0,1.0,LED,Yes,LPDDR3,intel,low,Asus,Google Chrome,intel,low,low
5661,2.0,141.0,1.6,3200.0,120.0,0.0,256.0,0.0,8.0,50314.0,1.0,1.0,LED,No,DDR4,intel,low,Asus,Windows,intel,mid,low
5662,2.1,100.0,2.3,2133.0,120.0,0.0,0.0,1024.0,4.0,32690.0,0.0,1.0,LED,No,DDR4,intel,low,Lenovo,Windows,intel,low,low
5663,1.68,141.0,2.6,3200.0,120.0,0.0,256.0,1024.0,8.0,36990.0,1.0,0.0,LED,No,DDR4,amd,low,Dell,Windows,amd,low,low
5664,1.9,236.0,5.4,3200.0,120.0,6.0,1024.0,0.0,16.0,149900.0,1.0,0.0,OLED,Yes,DDR5,nvidia,mid,Asus,Windows,intel,high,high
5666,1.87,112.0,2.5,2133.0,120.0,0.0,0.0,1024.0,4.0,58990.0,0.0,1.0,LED,No,DDR4,intel,low,Lenovo,DOS,intel,mid,low
5667,2.35,137.0,2.6,2933.0,120.0,6.0,256.0,1024.0,16.0,109990.0,0.0,1.0,LED,No,DDR4,nvidia,low,HP,Windows,intel,high,high
5668,1.14,166.0,2.1,3200.0,120.0,0.0,512.0,0.0,8.0,81000.0,0.0,1.0,OLED,No,DDR4,amd,low,Asus,Windows,amd,mid,low
5669,1.6,157.0,1.9,3200.0,120.0,0.0,512.0,0.0,8.0,69990.0,0.0,1.0,LED,No,DDR4,amd,low,Lenovo,Windows,amd,high,low
5670,1.5,208.0,5.0,5200.0,90.0,0.0,1024.0,0.0,16.0,104900.0,0.0,0.0,LED,No,LPDDR5,intel,mid,Lenovo,Windows,intel,high,high
5671,2.7,141.0,1.0,3200.0,120.0,0.0,256.0,1024.0,8.0,50990.0,1.0,1.0,LED,No,DDR4,intel,low,Asus,Windows,intel,mid,low
5672,1.86,100.0,2.5,2133.0,120.0,2.0,0.0,1024.0,4.0,49500.0,0.0,1.0,LED,Yes,DDR4,amd,low,HP,Windows,intel,mid,low
5673,1.75,141.0,1.6,2400.0,120.0,0.0,512.0,0.0,8.0,50839.0,0.0,1.0,LED,No,DDR4,intel,low,Asus,Windows,intel,mid,low
5674,1.6,112.0,4.2,3200.0,120.0,0.0,512.0,0.0,16.0,47990.0,1.0,1.0,LED,No,DDR4,amd,low,Acer,Windows,amd,mid,low
5675,1.33,276.0,2.7,1866.0,120.0,0.0,256.0,0.0,16.0,265125.0,0.0,1.0,LED,Yes,LPDDR3,intel,low,Other,Windows,intel,high,low
5676,2.11,266.0,2.6,2933.0,120.0,4.0,1024.0,0.0,16.0,219615.0,0.0,1.0,LED,No,DDR4,nvidia,low,Dell,Windows,intel,high,high
5677,2.1,141.0,2.0,2133.0,120.0,0.0,0.0,1024.0,4.0,29990.0,0.0,1.0,LED,No,DDR4,intel,low,Lenovo,Windows,intel,low,low
5678,2.2,141.0,1.6,2133.0,120.0,0.0,0.0,1024.0,4.0,55139.0,0.0,1.0,LED,No,DDR4,intel,low,Lenovo,Windows,intel,mid,low
5679,2.3,100.0,2.0,1600.0,120.0,0.0,0.0,1024.0,4.0,32245.0,0.0,1.0,LED,No,DDR3,intel,low,Asus,Windows,intel,low,low
5680,1.9,157.0,2.0,1600.0,120.0,0.0,0.0,1024.0,4.0,33990.0,0.0,1.0,LED,No,DDR3,intel,low,HP,Windows,intel,low,low
5681,2.2,141.0,1.6,2133.0,120.0,2.0,0.0,1024.0,8.0,47990.0,0.0,1.0,LED,No,DDR4,nvidia,low,Lenovo,Windows,intel,mid,low
5682,2.42,141.0,4.7,4800.0,165.0,6.0,512.0,0.0,16.0,154366.0,0.0,0.0,LED,No,DDR5,nvidia,mid,Dell,Windows,amd,high,high
5683,1.44,112.0,1.1,2400.0,120.0,0.0,0.0,0.0,4.0,43563.0,0.0,1.0,LED,Yes,DDR4,intel,low,HP,Windows,intel,low,low
5684,1.7,141.0,2.1,3200.0,120.0,0.0,512.0,0.0,4.0,38990.0,1.0,1.0,LED,No,DDR4,intel,low,Asus,Windows,intel,low,low
5685,2.0,141.0,4.0,3200.0,120.0,0.0,0.0,1024.0,8.0,29240.0,1.0,1.0,LED,No,DDR4,intel,low,Lenovo,Windows,intel,low,low
5686,2.3,141.0,4.8,3200.0,120.0,8.0,1024.0,0.0,32.0,169990.0,1.0,1.0,LCD,No,DDR4,nvidia,high,Acer,Windows,intel,high,high
5687,1.21,331.0,1.8,2133.0,120.0,0.0,512.0,0.0,16.0,129990.0,0.0,1.0,LED,Yes,LPDDR3,intel,low,Dell,Windows,intel,high,low
5688,1.7,141.0,2.4,3200.0,120.0,0.0,512.0,0.0,8.0,45999.0,0.0,1.0,LED,No,DDR4,intel,mid,Asus,Windows,intel,mid,low
5689,1.0,157.0,2.4,3200.0,120.0,0.0,512.0,0.0,16.0,62990.0,1.0,1.0,LED,No,DDR4,intel,mid,Asus,Windows,intel,mid,low
5690,1.39,243.0,2.0,3200.0,90.0,0.0,1024.0,0.0,16.0,79990.0,1.0,0.0,OLED,No,LPDDR4X,amd,low,Asus,Windows,amd,high,low
5692,1.25,201.0,2.6,1600.0,120.0,0.0,256.0,0.0,8.0,114999.0,0.0,1.0,LED,Yes,DDR3,intel,low,Other,Windows,intel,mid,low
5693,2.5,141.0,2.6,2666.0,120.0,6.0,256.0,0.0,16.0,139990.0,0.0,1.0,LED,No,DDR4,nvidia,mid,Dell,Windows,intel,high,high
5694,2.2,141.0,1.6,2666.0,120.0,2.0,128.0,1024.0,8.0,72000.0,0.0,1.0,LED,No,DDR4,nvidia,low,Dell,Windows,intel,mid,low
5695,2.8,127.0,2.6,3200.0,120.0,6.0,1024.0,0.0,16.0,179990.0,0.0,1.0,LED,No,DDR4,nvidia,mid,Asus,Windows,intel,high,high
5696,1.6,157.0,1.8,3200.0,120.0,0.0,128.0,1024.0,8.0,74990.0,1.0,1.0,LED,No,DDR4,intel,low,Lenovo,Windows,intel,high,low
5697,1.7,141.0,2.5,3200.0,60.0,0.0,512.0,0.0,8.0,46990.0,0.0,0.0,LED,No,DDR4,intel,mid,Asus,Windows,intel,mid,high
5698,2.4,141.0,4.7,2933.0,120.0,4.0,512.0,0.0,16.0,68499.0,0.0,0.0,LED,No,DDR4,nvidia,low,Dell,Windows,intel,mid,high
5699,2.38,141.0,2.6,2666.0,120.0,8.0,256.0,0.0,16.0,200777.0,0.0,1.0,LED,No,DDR4,nvidia,high,HP,Windows,intel,high,high
5700,2.2,141.0,1.2,2666.0,120.0,2.0,256.0,1024.0,8.0,61500.0,0.0,1.0,LED,No,DDR4,nvidia,low,Dell,Windows,intel,mid,low
5701,1.3,112.0,1.1,3200.0,60.0,0.0,256.0,0.0,4.0,18265.0,1.0,0.0,LED,No,DDR4,intel,low,Asus,Windows,intel,low,low
5702,1.9,141.0,2.4,2133.0,120.0,0.0,0.0,1024.0,4.0,27490.0,0.0,1.0,LED,No,DDR4,intel,low,Asus,DOS,intel,low,low
5703,1.58,170.0,4.7,3200.0,120.0,0.0,1024.0,0.0,16.0,72990.0,0.0,1.0,LED,No,DDR5,amd,low,HP,Windows,amd,high,low
5704,1.8,141.0,1.6,2400.0,120.0,2.0,256.0,1024.0,8.0,69990.0,0.0,1.0,LED,No,DDR4,nvidia,low,Asus,Windows,intel,mid,low
5705,1.8,142.0,5.4,3200.0,120.0,4.0,1024.0,0.0,16.0,96490.0,0.0,0.0,LED,No,DDR4,nvidia,mid,Asus,Windows,intel,high,high
5706,2.9,127.0,2.3,3200.0,120.0,8.0,1024.0,0.0,16.0,180990.0,0.0,1.0,LED,No,DDR4,nvidia,high,Asus,Windows,intel,high,high
5707,2.4,141.0,2.5,2133.0,120.0,2.0,0.0,1024.0,8.0,40990.0,0.0,1.0,LED,No,DDR4,nvidia,low,Asus,DOS,intel,mid,low
5708,1.8,141.0,4.0,3200.0,120.0,0.0,256.0,0.0,8.0,35375.0,0.0,1.0,OLED,No,DDR4,intel,low,Asus,Windows,intel,low,low
5709,1.17,135.0,1.6,1600.0,120.0,0.0,32.0,0.0,4.0,85257.0,0.0,1.0,LED,Yes,DDR3,intel,low,Asus,Windows,intel,low,low
5710,1.46,112.0,1.1,2400.0,120.0,0.0,0.0,0.0,4.0,35941.0,0.0,1.0,LED,No,LPDDR4,intel,low,HP,Google Chrome,intel,low,low
5711,2.3,141.0,2.3,2400.0,120.0,4.0,256.0,1024.0,8.0,62980.0,0.0,1.0,LED,No,DDR4,nvidia,low,Asus,Windows,intel,mid,high
5712,2.3,141.0,2.5,2933.0,120.0,4.0,512.0,0.0,8.0,69990.0,0.0,1.0,LED,No,DDR4,nvidia,low,Lenovo,Windows,intel,mid,high
5713,2.2,141.0,2.1,2400.0,120.0,4.0,512.0,0.0,8.0,71909.0,0.0,1.0,LED,No,DDR4,nvidia,low,Asus,Windows,amd,mid,low
5714,1.73,112.0,1.6,3200.0,120.0,0.0,512.0,0.0,8.0,78000.0,1.0,1.0,LED,No,DDR4,intel,low,Lenovo,Windows,intel,mid,low
5715,1.6,141.0,2.1,2400.0,120.0,0.0,256.0,0.0,4.0,36990.0,0.0,1.0,LED,No,DDR4,amd,low,Asus,Windows,amd,mid,low
5716,2.3,141.0,2.4,2666.0,144.0,6.0,1024.0,0.0,8.0,89990.0,0.0,0.0,LED,No,DDR4,nvidia,mid,Lenovo,Windows,intel,mid,high
5717,2.2,100.0,2.6,2400.0,120.0,0.0,0.0,1024.0,4.0,24882.0,0.0,1.0,LED,No,DDR4,amd,low,Dell,Windows,amd,low,low
5718,1.4,141.0,2.9,3200.0,144.0,4.0,512.0,0.0,16.0,88890.0,1.0,0.0,LED,No,DDR4,nvidia,mid,Asus,Windows,amd,high,high
5720,2.2,100.0,1.6,2133.0,120.0,2.0,0.0,1024.0,8.0,44990.0,0.0,1.0,LED,No,DDR4,nvidia,low,Lenovo,Windows,intel,mid,low
5721,1.5,162.0,4.2,3200.0,60.0,0.0,512.0,0.0,16.0,57999.0,0.0,0.0,LED,Yes,DDR4,amd,low,Asus,Windows,amd,mid,high
5722,1.85,141.0,1.6,2133.0,120.0,0.0,0.0,1024.0,4.0,38990.0,0.0,1.0,LED,No,DDR4,intel,low,Lenovo,Windows,intel,mid,low
5723,1.32,166.0,2.7,3200.0,120.0,0.0,512.0,0.0,16.0,157290.0,1.0,1.0,LED,Yes,LPDDR3,intel,low,HP,Windows,intel,high,low
5724,2.2,100.0,1.8,2133.0,120.0,0.0,0.0,1024.0,4.0,19490.0,0.0,1.0,LED,No,DDR4,intel,low,Lenovo,Windows,intel,low,low
5725,1.32,166.0,2.5,1866.0,120.0,0.0,360.0,0.0,8.0,115289.0,0.0,1.0,LED,Yes,LPDDR3,intel,low,HP,Windows,intel,mid,low
5726,1.6,157.0,2.9,3200.0,120.0,6.0,256.0,0.0,16.0,97428.0,0.0,1.0,LED,No,DDR4,nvidia,mid,Asus,Windows,amd,high,high
5727,1.7,141.0,1.3,3200.0,60.0,2.0,256.0,1024.0,8.0,75990.0,0.0,0.0,LED,No,DDR4,nvidia,low,Asus,Windows,intel,high,low
5728,1.7,157.0,2.8,3200.0,144.0,6.0,1024.0,0.0,16.0,148500.0,0.0,0.0,LED,No,DDR4,nvidia,mid,Asus,Windows,amd,high,high
5729,1.8,141.0,1.6,3200.0,120.0,2.0,0.0,1024.0,8.0,46990.0,1.0,1.0,LED,No,DDR4,amd,low,Lenovo,Windows,intel,mid,low
5730,3.61,141.0,2.5,2933.0,120.0,4.0,512.0,0.0,16.0,63999.0,0.0,1.0,LED,No,DDR4,nvidia,low,HP,Windows,intel,mid,high
5731,1.5,112.0,2.7,2133.0,120.0,0.0,256.0,0.0,8.0,75499.0,0.0,1.0,LED,No,DDR4,intel,low,Acer,Windows,intel,high,low
5733,2.46,137.0,4.2,3200.0,144.0,6.0,512.0,0.0,16.0,69790.0,0.0,0.0,LED,No,DDR4,nvidia,mid,HP,Windows,amd,mid,high
5734,2.5,141.0,2.6,3200.0,120.0,6.0,1024.0,0.0,64.0,199490.0,1.0,1.0,LED,No,DDR4,nvidia,mid,Lenovo,Windows,intel,high,high
5735,2.91,141.0,4.7,3200.0,120.0,0.0,512.0,0.0,16.0,108900.0,0.0,1.0,OLED,No,DDR4,intel,mid,HP,Windows,intel,high,low
5736,1.8,141.0,2.8,3200.0,120.0,2.0,256.0,1024.0,8.0,60611.0,1.0,1.0,LED,No,DDR4,nvidia,low,Asus,Windows,intel,high,low
5737,2.36,141.0,2.6,2933.0,300.0,6.0,1024.0,0.0,16.0,146990.0,0.0,0.0,LED,No,DDR4,nvidia,mid,HP,Windows,intel,high,high
5738,2.5,147.0,2.9,3200.0,120.0,6.0,512.0,0.0,16.0,89990.0,0.0,0.0,LED,No,DDR4,amd,mid,Dell,Windows,amd,high,high
5739,2.0,141.0,2.6,2933.0,144.0,4.0,1024.0,0.0,16.0,92284.0,0.0,0.0,LED,No,DDR4,nvidia,low,Asus,Windows,intel,high,high
5740,2.9,255.0,3.0,3200.0,120.0,16.0,2048.0,0.0,32.0,429990.0,1.0,0.0,LED,No,DDR5,nvidia,high,MSI,Windows,intel,high,high
5741,1.43,166.0,1.8,2666.0,120.0,0.0,1024.0,0.0,16.0,125900.0,0.0,1.0,LED,No,DDR4,intel,low,Lenovo,Windows,intel,high,low
5742,1.27,166.0,4.2,3200.0,120.0,0.0,512.0,0.0,8.0,120000.0,0.0,1.0,LED,Yes,LPDDR4,intel,low,HP,Windows,intel,mid,low
5743,1.85,141.0,1.6,2133.0,120.0,0.0,0.0,1024.0,4.0,51390.0,0.0,1.0,LED,No,DDR4,intel,low,Lenovo,Windows,intel,mid,low
5744,2.2,141.0,1.6,2133.0,120.0,4.0,0.0,2048.0,8.0,59890.0,0.0,1.0,LED,No,DDR4,nvidia,low,Lenovo,Windows,intel,mid,low
5745,1.3,317.0,1.8,2400.0,120.0,0.0,512.0,0.0,16.0,126490.0,0.0,1.0,LED,Yes,DDR4,intel,low,Lenovo,Windows,intel,high,low
5746,1.7,141.0,2.2,2400.0,120.0,0.0,16.0,1024.0,4.0,39298.0,0.0,1.0,LED,No,DDR4,intel,low,Asus,Windows,intel,low,low
5747,1.7,157.0,1.6,2400.0,120.0,0.0,128.0,0.0,8.0,105050.0,0.0,1.0,LED,Yes,DDR4,intel,low,Lenovo,Windows,intel,mid,low
5748,2.1,135.0,1.1,1600.0,120.0,0.0,0.0,500.0,2.0,18999.0,0.0,1.0,LED,No,DDR3,intel,low,Asus,Windows,intel,low,low
5749,1.5,157.0,2.8,3200.0,120.0,0.0,512.0,0.0,16.0,119999.0,0.0,1.0,LED,No,DDR4,intel,low,Lenovo,Windows,intel,high,low
5750,1.5,157.0,1.7,4266.0,120.0,0.0,512.0,0.0,16.0,83801.0,0.0,1.0,LED,Yes,LPDDR4X,intel,mid,Lenovo,Windows,intel,high,low
5751,1.65,216.0,4.7,4800.0,165.0,6.0,512.0,0.0,16.0,89990.0,0.0,0.0,LED,No,DDR5,nvidia,mid,Asus,Windows,amd,high,high
5752,2.5,189.0,3.4,5200.0,240.0,8.0,1024.0,0.0,16.0,142190.0,0.0,0.0,LED,No,DDR5,nvidia,mid,Lenovo,Windows,amd,high,high
5753,1.3,166.0,2.2,1866.0,120.0,0.0,512.0,0.0,8.0,128690.0,0.0,1.0,LED,Yes,LPDDR3,intel,low,Lenovo,Windows,intel,high,low
5754,1.47,112.0,3.4,2666.0,120.0,0.0,0.0,1024.0,4.0,40300.0,0.0,1.0,LED,No,DDR5,intel,low,HP,DOS,intel,low,low
5755,1.5,157.0,2.8,3200.0,120.0,4.0,512.0,0.0,16.0,95500.0,0.0,1.0,LED,No,DDR4,nvidia,mid,Lenovo,Windows,intel,high,low
5756,1.87,141.0,2.2,2133.0,120.0,2.0,0.0,1024.0,4.0,38950.0,0.0,1.0,LED,No,DDR4,amd,low,Lenovo,Windows,intel,low,low
5757,1.8,142.0,2.0,3200.0,120.0,6.0,512.0,0.0,16.0,70990.0,0.0,0.0,LED,No,DDR4,nvidia,mid,Asus,Windows,intel,mid,high
5758,1.8,138.0,2.0,3200.0,120.0,4.0,512.0,0.0,16.0,61990.0,1.0,1.0,LED,No,DDR4,nvidia,low,Asus,Windows,intel,mid,high
5760,1.8,141.0,2.4,3200.0,120.0,2.0,256.0,1024.0,8.0,59990.0,1.0,1.0,LED,No,DDR4,intel,low,Asus,Windows,intel,mid,low
5761,1.8,141.0,1.7,3200.0,120.0,0.0,512.0,0.0,8.0,38400.0,0.0,1.0,LED,No,DDR4,intel,low,Dell,Windows,intel,low,low
5762,1.48,189.0,3.4,5200.0,120.0,0.0,512.0,0.0,16.0,103839.0,0.0,1.0,LED,Yes,LPDDR5,intel,mid,Other,Windows,intel,high,mid
5763,1.8,141.0,2.3,3200.0,120.0,0.0,256.0,1024.0,8.0,57500.0,1.0,1.0,LED,Yes,DDR4,amd,low,Asus,Windows,amd,mid,low
5764,1.59,157.0,2.4,3200.0,120.0,0.0,512.0,0.0,8.0,54590.0,1.0,1.0,LED,No,DDR4,intel,low,Dell,Windows,intel,mid,low
5765,2.85,127.0,2.4,2666.0,120.0,4.0,1024.0,0.0,8.0,67588.0,0.0,0.0,LED,No,DDR4,nvidia,low,Asus,Windows,intel,mid,high
5766,2.45,141.0,2.2,2933.0,300.0,8.0,1024.0,0.0,16.0,171680.0,0.0,0.0,LED,No,DDR4,nvidia,high,HP,Windows,intel,high,high
5767,2.6,188.0,3.4,3200.0,165.0,8.0,1024.0,0.0,16.0,189990.0,1.0,0.0,LED,No,DDR5,nvidia,high,Acer,Windows,intel,high,high
5768,2.11,141.0,2.6,2666.0,300.0,6.0,512.0,0.0,16.0,119990.0,0.0,0.0,LED,No,DDR4,nvidia,mid,MSI,Windows,intel,high,high
5769,1.77,157.0,1.6,2666.0,120.0,0.0,512.0,0.0,8.0,265990.0,0.0,1.0,LED,No,DDR4,intel,low,Lenovo,Windows,intel,mid,low
5770,1.43,100.0,1.1,3200.0,120.0,0.0,0.0,0.0,4.0,17990.0,1.0,1.0,LED,No,LPDDR4,intel,low,Asus,Google Chrome,intel,low,low
5771,1.6,157.0,1.6,2400.0,120.0,0.0,256.0,0.0,8.0,59366.0,0.0,1.0,LED,No,DDR4,intel,low,HP,Windows,intel,mid,low
5772,1.32,166.0,4.2,3200.0,120.0,0.0,512.0,0.0,8.0,64990.0,1.0,1.0,LED,Yes,DDR4,amd,low,HP,Windows,amd,mid,low
5773,1.65,141.0,2.1,3200.0,120.0,0.0,256.0,0.0,8.0,41890.0,0.0,1.0,LED,No,DDR4,intel,mid,Lenovo,DOS,intel,low,low
5774,1.85,141.0,2.3,2133.0,120.0,0.0,0.0,1024.0,4.0,31890.0,0.0,1.0,LED,No,DDR4,intel,low,Lenovo,Windows,intel,low,low
5775,1.52,176.0,2.0,1600.0,120.0,0.0,256.0,0.0,8.0,58490.0,0.0,1.0,LED,Yes,DDR3,intel,low,Dell,Windows,intel,high,low
5776,2.5,142.0,4.9,4800.0,165.0,6.0,1024.0,0.0,16.0,121990.0,0.0,0.0,LED,No,DDR5,nvidia,mid,Asus,Windows,intel,high,high
5777,1.7,141.0,1.3,3200.0,60.0,0.0,512.0,0.0,8.0,44900.0,1.0,0.0,LED,No,DDR4,intel,mid,Asus,Windows,intel,mid,low
5778,1.0,135.0,1.6,1600.0,120.0,0.0,0.0,500.0,2.0,16547.0,0.0,1.0,LED,No,DDR3,intel,low,Asus,DOS,intel,low,low
5779,2.8,189.0,2.2,5600.0,240.0,16.0,1024.0,0.0,32.0,355990.0,0.0,0.0,LED,No,DDR5,nvidia,high,Lenovo,Windows,intel,high,high
5780,2.0,141.0,2.4,2933.0,300.0,8.0,1024.0,0.0,16.0,104990.0,0.0,0.0,LED,No,DDR4,nvidia,high,Dell,Windows,intel,high,high
5781,1.7,141.0,2.8,3200.0,120.0,0.0,512.0,0.0,8.0,27990.0,1.0,1.0,LED,No,DDR4,amd,low,Lenovo,DOS,amd,low,low
5782,1.69,141.0,2.8,2666.0,120.0,0.0,512.0,0.0,8.0,42199.0,0.0,1.0,LED,No,DDR4,amd,low,Dell,Windows,amd,low,low
5783,2.6,100.0,2.2,1600.0,120.0,0.0,0.0,500.0,6.0,139155.0,0.0,1.0,LED,Yes,DDR3,intel,low,Asus,Windows,intel,mid,low
5784,2.5,282.0,2.6,2666.0,120.0,8.0,1024.0,0.0,16.0,279490.0,0.0,1.0,LED,No,DDR4,nvidia,high,Dell,Windows,intel,high,high
5785,1.8,141.0,2.4,3200.0,120.0,2.0,256.0,1024.0,8.0,54990.0,1.0,1.0,LED,No,DDR4,nvidia,low,Asus,Windows,intel,mid,low
5786,2.24,141.0,4.2,3200.0,120.0,2.0,256.0,1024.0,8.0,55990.0,0.0,1.0,LED,No,DDR4,nvidia,low,Asus,Windows,intel,mid,low
5787,1.26,201.0,2.2,3200.0,60.0,0.0,256.0,0.0,8.0,112122.0,1.0,0.0,LED,No,LPDDR4X,amd,low,Other,Windows,amd,mid,low
5788,2.2,141.0,2.8,3200.0,120.0,6.0,256.0,1024.0,16.0,119980.0,1.0,1.0,LED,No,DDR4,nvidia,mid,Asus,Windows,intel,high,high
5789,1.8,100.0,2.5,3200.0,120.0,0.0,0.0,500.0,4.0,22500.0,1.0,1.0,LED,No,DDR3,intel,low,Asus,DOS,intel,low,low
5790,1.8,141.0,1.0,3200.0,120.0,2.0,512.0,0.0,8.0,56900.0,1.0,1.0,LED,No,DDR4,nvidia,low,Asus,Windows,intel,mid,low
5791,2.6,127.0,2.6,2933.0,120.0,4.0,512.0,0.0,16.0,88000.0,0.0,0.0,LED,No,DDR4,nvidia,low,Asus,Windows,intel,high,high
5792,2.25,141.0,2.2,2666.0,120.0,8.0,128.0,1024.0,16.0,165490.0,0.0,1.0,LED,No,DDR4,nvidia,high,HP,Windows,intel,high,high
5793,2.03,141.0,2.3,2666.0,120.0,0.0,256.0,1024.0,4.0,33990.0,0.0,1.0,LED,No,DDR4,intel,low,Dell,Windows,intel,low,low
5794,1.95,283.0,4.7,3200.0,120.0,4.0,1024.0,0.0,16.0,128500.0,1.0,1.0,OLED,No,DDR4,nvidia,mid,Asus,Windows,amd,high,high
5795,2.1,141.0,4.7,4800.0,144.0,4.0,1024.0,0.0,16.0,91990.0,0.0,0.0,LED,No,DDR5,nvidia,mid,Asus,Windows,amd,high,high
5796,2.1,141.0,4.7,4800.0,144.0,4.0,1024.0,0.0,16.0,85499.0,0.0,0.0,LED,No,DDR5,nvidia,mid,Asus,Windows,amd,high,high
5797,2.4,141.0,2.4,2933.0,120.0,4.0,512.0,0.0,8.0,77597.0,0.0,0.0,LED,No,DDR4,nvidia,low,Dell,Windows,intel,mid,high
5798,1.5,157.0,1.6,2400.0,120.0,0.0,512.0,0.0,8.0,62990.0,0.0,1.0,LED,Yes,DDR4,intel,low,Asus,Windows,intel,mid,low
5799,1.62,141.0,4.7,2666.0,120.0,0.0,512.0,0.0,8.0,53890.0,0.0,0.0,LED,No,DDR4,intel,low,Dell,Windows,intel,mid,low
5800,1.99,141.0,4.6,3200.0,144.0,6.0,512.0,0.0,16.0,59990.0,1.0,0.0,LED,No,DDR4,nvidia,mid,Acer,Windows,intel,mid,high
5801,1.24,225.0,3.5,3200.0,120.0,0.0,256.0,0.0,16.0,79990.0,1.0,1.0,LED,No,DDR4,intel,low,Apple,macOS,apple,mid,mid
5802,1.62,141.0,4.6,2666.0,120.0,0.0,512.0,0.0,16.0,55490.0,0.0,0.0,LED,No,DDR4,intel,low,Dell,Windows,intel,mid,low
5803,1.55,141.0,4.5,3200.0,120.0,0.0,512.0,0.0,8.0,36990.0,1.0,1.0,LCD,No,LPDDR4X,intel,mid,Samsung,Windows,intel,low,low
5804,1.7,141.0,1.2,3200.0,60.0,0.0,512.0,0.0,16.0,37990.0,1.0,0.0,LED,No,DDR4,intel,low,Asus,Windows,intel,low,low
5805,1.7,141.0,1.2,3200.0,60.0,0.0,512.0,0.0,16.0,35950.0,1.0,0.0,LED,No,DDR4,intel,low,Asus,Windows,intel,low,low
5807,1.65,141.0,3.3,2666.0,120.0,0.0,512.0,0.0,8.0,46780.0,0.0,0.0,LED,No,DDR4,intel,low,Dell,Windows,intel,mid,low
5809,1.65,141.0,3.3,2666.0,120.0,0.0,512.0,0.0,8.0,46990.0,0.0,1.0,LED,No,DDR4,intel,low,Dell,Windows,intel,mid,low
5810,1.6,157.0,4.1,3200.0,120.0,0.0,512.0,0.0,16.0,29990.0,1.0,1.0,LED,No,DDR4,intel,low,Acer,Windows,intel,low,low
5811,1.45,157.0,4.5,3200.0,120.0,0.0,512.0,0.0,8.0,33990.0,1.0,1.0,TFT LCD,No,DDR4,intel,low,Acer,Windows,intel,low,low
5812,1.3,112.0,2.8,3200.0,120.0,0.0,256.0,0.0,8.0,29999.0,1.0,1.0,LED,No,LPDDR4X,intel,low,Acer,Windows,intel,low,low
5813,1.37,157.0,4.5,4800.0,120.0,0.0,512.0,0.0,8.0,36990.0,0.0,1.0,LED,No,LPDDR5,intel,low,Lenovo,Windows,intel,low,low
5814,1.24,225.0,4.1,3200.0,120.0,0.0,512.0,0.0,16.0,126490.0,1.0,1.0,LED,No,DDR4,intel,low,Apple,macOS,apple,mid,mid
5815,1.24,225.0,4.1,3200.0,120.0,0.0,256.0,0.0,16.0,104700.0,1.0,1.0,LED,No,DDR4,intel,low,Apple,macOS,apple,mid,mid
5816,1.59,141.0,2.8,3200.0,120.0,0.0,512.0,0.0,8.0,29190.0,1.0,1.0,LED,No,DDR4,intel,low,Acer,Windows,intel,low,low
5817,1.61,141.0,4.3,3200.0,120.0,0.0,512.0,0.0,16.0,38990.0,0.0,1.0,LED,No,DDR4,amd,low,Lenovo,Windows,amd,mid,low
5818,1.59,141.0,2.8,3200.0,120.0,0.0,1024.0,0.0,16.0,36990.0,1.0,1.0,TFT LCD,No,DDR4,amd,low,Acer,Windows,amd,mid,low
5819,1.24,225.0,4.1,3200.0,120.0,0.0,256.0,0.0,16.0,105990.0,1.0,1.0,LED,No,DDR4,intel,low,Apple,macOS,apple,mid,mid
5820,1.46,162.0,3.4,8448.0,60.0,0.0,1024.0,0.0,16.0,64990.0,0.0,0.0,LED,No,LPDDR5X,qualcomm,low,Lenovo,Windows,qualcomm,mid,mid
5821,1.37,157.0,4.4,4800.0,120.0,0.0,512.0,0.0,16.0,49900.0,0.0,1.0,LED,No,LPDDR5,intel,low,Lenovo,Windows,intel,mid,high
5822,1.65,141.0,3.3,3200.0,120.0,0.0,512.0,0.0,8.0,47990.0,1.0,0.0,LED,No,DDR4,intel,low,Dell,Windows,intel,mid,low
5823,1.62,141.0,4.9,4800.0,60.0,0.0,512.0,0.0,16.0,66265.0,0.0,0.0,LED,No,LPDDR5,intel,low,Lenovo,Windows,intel,high,high
5824,1.79,139.0,2.8,3200.0,120.0,0.0,512.0,0.0,8.0,36990.0,1.0,1.0,LED,No,DDR4,amd,low,Acer,Windows,amd,mid,low
5825,1.79,139.0,2.8,3200.0,120.0,0.0,512.0,0.0,16.0,38990.0,1.0,1.0,LED,No,DDR4,amd,low,Acer,Windows,amd,mid,low
5826,1.63,141.0,4.1,5500.0,120.0,0.0,512.0,0.0,8.0,32990.0,0.0,0.0,LED,No,LPDDR5,amd,low,Dell,Windows,amd,low,low
5827,1.37,157.0,4.4,4800.0,120.0,0.0,512.0,0.0,16.0,49990.0,0.0,1.0,LED,No,LPDDR5,intel,low,Lenovo,Windows,intel,mid,high
5828,1.79,141.0,4.5,3200.0,120.0,0.0,1024.0,0.0,16.0,49990.0,1.0,1.0,TFT LCD,No,DDR4,amd,low,Acer,Windows,amd,high,low
5829,1.63,141.0,3.3,3200.0,120.0,0.0,512.0,0.0,8.0,34990.0,0.0,1.0,LED,No,DDR4,intel,low,Lenovo,Windows,intel,low,low
5830,1.79,141.0,2.8,3200.0,120.0,0.0,512.0,0.0,8.0,24500.0,1.0,1.0,TFT LCD,No,DDR4,amd,low,Acer,Windows,amd,low,low
5831,1.25,157.0,2.8,3200.0,120.0,0.0,1024.0,0.0,16.0,52990.0,1.0,1.0,LED,No,DDR4,amd,low,Acer,Windows,amd,high,low
5833,1.69,141.0,4.4,3200.0,120.0,0.0,512.0,0.0,8.0,33990.0,1.0,1.0,LED,No,DDR4,intel,low,Dell,Windows,intel,low,low
5834,2.3,141.0,3.1,5600.0,144.0,4.0,512.0,0.0,16.0,66990.0,0.0,0.0,LED,No,DDR5,nvidia,mid,Asus,Windows,amd,high,high
5835,1.59,141.0,4.6,3200.0,120.0,0.0,512.0,0.0,16.0,58990.0,0.0,1.0,LED,No,DDR4,intel,mid,HP,Windows,intel,mid,low
5836,1.62,141.0,4.4,3200.0,120.0,0.0,512.0,0.0,8.0,51590.0,1.0,1.0,LED,No,LPDDR5,intel,low,Lenovo,Windows,intel,mid,high
5837,1.7,142.0,2.0,3200.0,120.0,0.0,512.0,0.0,16.0,52990.0,0.0,1.0,LED,No,DDR4,amd,low,Lenovo,Windows,amd,high,low
5838,1.8,147.0,2.0,3200.0,60.0,0.0,512.0,0.0,8.0,26990.0,1.0,0.0,LED,No,DDR4,intel,low,Asus,Windows,intel,low,low
5839,1.75,141.0,4.5,3200.0,60.0,0.0,512.0,0.0,8.0,41990.0,0.0,0.0,LED,No,DDR4,amd,low,HP,Windows,amd,mid,low
5840,1.59,141.0,4.4,3200.0,120.0,0.0,1024.0,0.0,16.0,48999.0,1.0,1.0,TFT LCD,No,DDR4,intel,mid,Acer,Windows,intel,mid,low
5841,1.34,157.0,1.1,3200.0,120.0,0.0,64.0,0.0,4.0,20490.0,1.0,1.0,LED,No,LPDDR4,intel,low,Asus,Google Chrome,intel,low,low
5842,2.38,141.0,4.5,4800.0,144.0,6.0,512.0,0.0,24.0,81990.0,0.0,0.0,LED,No,DDR5,nvidia,mid,Lenovo,Windows,amd,high,high
5843,1.67,141.0,4.3,3200.0,120.0,0.0,512.0,0.0,8.0,41000.0,1.0,0.0,LED,No,DDR4,amd,low,Dell,Windows,amd,mid,low
5844,1.52,112.0,1.2,2666.0,120.0,0.0,0.0,1024.0,4.0,35990.0,0.0,1.0,LED,No,DDR4,intel,low,HP,DOS,intel,low,low
5845,2.38,141.0,4.5,4800.0,144.0,8.0,512.0,0.0,24.0,91690.0,0.0,0.0,LED,No,DDR5,nvidia,mid,Lenovo,Windows,amd,high,high
5846,1.49,162.0,3.4,5200.0,60.0,0.0,512.0,0.0,16.0,86190.0,0.0,0.0,OLED,Yes,LPDDR5,intel,mid,Lenovo,Windows,intel,mid,mid
5847,1.74,100.0,4.5,3200.0,120.0,0.0,512.0,0.0,8.0,31990.0,0.0,1.0,LED,No,DDR4,intel,low,HP,DOS,intel,low,low
5848,2.2,100.0,2.0,2133.0,120.0,0.0,0.0,1024.0,4.0,29990.0,0.0,1.0,LED,No,DDR4,intel,low,Lenovo,DOS,intel,low,low
5849,2.2,141.0,4.7,4800.0,300.0,6.0,1024.0,0.0,16.0,96990.0,0.0,0.0,LED,No,DDR5,nvidia,mid,Asus,Windows,amd,high,high
5850,2.0,100.0,2.2,1600.0,120.0,0.0,0.0,1024.0,4.0,21990.0,0.0,1.0,LED,No,DDR3,amd,low,Asus,DOS,amd,low,low
5852,1.37,157.0,4.6,3200.0,120.0,0.0,512.0,0.0,16.0,58470.0,1.0,1.0,LED,No,LPDDR5,intel,low,Lenovo,Windows,intel,mid,high
5853,1.7,141.0,5.4,3200.0,60.0,0.0,512.0,0.0,16.0,83990.0,1.0,0.0,LED,No,LPDDR5,intel,mid,Asus,Windows,intel,high,high
5854,1.6,141.0,4.6,3200.0,120.0,0.0,512.0,0.0,16.0,56990.0,1.0,1.0,LED,No,DDR4,intel,mid,HP,Windows,intel,mid,low
5855,1.0,243.0,4.6,4267.0,120.0,0.0,512.0,0.0,16.0,49990.0,0.0,0.0,OLED,No,LPDDR4X,intel,mid,Other,Windows,intel,mid,low
5856,1.61,157.0,1.3,3200.0,120.0,0.0,1024.0,0.0,16.0,109127.0,0.0,1.0,LED,Yes,DDR4,intel,low,HP,Windows,intel,high,low
5857,2.1,100.0,1.6,1600.0,120.0,0.0,0.0,1024.0,4.0,23490.0,0.0,1.0,LED,No,DDR3,intel,low,HP,DOS,intel,low,low
5858,1.35,162.0,4.7,5200.0,120.0,0.0,512.0,0.0,16.0,76190.0,0.0,1.0,OLED,No,LPDDR5,intel,mid,Lenovo,Windows,intel,mid,high
5859,1.83,141.0,4.2,2666.0,120.0,2.0,256.0,1024.0,8.0,63590.0,0.0,1.0,LED,No,DDR4,nvidia,low,Dell,Windows,intel,mid,low
5860,1.57,162.0,4.5,3200.0,60.0,0.0,512.0,0.0,16.0,96780.0,1.0,0.0,OLED,Yes,LPDDR5X,intel,mid,Asus,Windows,intel,mid,low
5861,1.55,254.0,4.4,3200.0,120.0,0.0,512.0,0.0,16.0,162990.0,1.0,0.0,LED,No,DDR4,intel,low,Apple,macOS,apple,mid,mid
5862,1.29,227.0,3.2,3200.0,60.0,0.0,256.0,0.0,8.0,90240.0,1.0,0.0,LED,No,DDR4,apple,mid,Apple,macOS,apple,mid,mid
5863,1.7,141.0,1.3,3200.0,60.0,0.0,512.0,0.0,16.0,46480.0,1.0,0.0,LED,No,DDR4,intel,mid,Asus,Windows,intel,mid,low
5864,1.4,157.0,1.8,3200.0,120.0,0.0,512.0,0.0,8.0,57990.0,1.0,1.0,LED,No,DDR4,amd,low,Asus,Windows,amd,high,low
5865,1.53,222.0,4.8,8533.0,120.0,0.0,1024.0,0.0,32.0,147990.0,0.0,0.0,LED,Yes,LPDDR5X,intel,mid,Lenovo,Windows,intel,high,low
5866,2.08,141.0,4.7,4800.0,144.0,6.0,512.0,0.0,16.0,74989.0,0.0,0.0,LCD,No,DDR5,nvidia,mid,Other,Windows,intel,mid,high
5867,1.0,243.0,4.6,4267.0,120.0,0.0,512.0,0.0,16.0,69990.0,0.0,0.0,OLED,No,LPDDR4X,intel,mid,Other,Windows,intel,mid,low
5868,1.29,227.0,3.2,3200.0,120.0,0.0,512.0,0.0,8.0,105890.0,1.0,1.0,LED,No,DDR4,intel,low,Apple,macOS,apple,mid,mid
5869,2.19,100.0,2.0,1600.0,120.0,0.0,0.0,1024.0,4.0,31041.0,0.0,1.0,LED,No,DDR3,intel,low,HP,DOS,intel,low,low
5870,2.19,100.0,2.0,1600.0,120.0,0.0,0.0,1024.0,4.0,36163.0,0.0,1.0,LED,No,DDR3,intel,low,HP,Windows,intel,low,low
5871,1.38,185.0,3.0,3733.0,120.0,0.0,256.0,0.0,8.0,28999.0,0.0,1.0,LCD,No,LPDDR4X,intel,low,Other,Windows,intel,low,low
5872,1.29,227.0,3.2,3200.0,60.0,0.0,256.0,0.0,8.0,94905.0,1.0,0.0,LED,No,DDR4,intel,low,Apple,macOS,apple,mid,mid
5873,1.29,227.0,3.2,3200.0,60.0,0.0,256.0,0.0,8.0,82340.0,1.0,0.0,LED,No,DDR4,intel,low,Apple,macOS,apple,mid,mid
5874,1.4,157.0,1.6,2400.0,120.0,0.0,256.0,1024.0,8.0,47999.0,0.0,1.0,LED,No,DDR4,intel,low,Asus,Windows,intel,mid,low
5875,1.98,141.0,3.3,3200.0,144.0,4.0,512.0,0.0,8.0,51990.0,0.0,0.0,LED,No,DDR4,nvidia,low,HP,Windows,amd,mid,high
5876,2.15,141.0,2.5,3200.0,120.0,4.0,512.0,0.0,8.0,47900.0,1.0,1.0,LED,No,DDR4,nvidia,low,Acer,Windows,intel,mid,high
5877,2.3,141.0,2.0,2133.0,120.0,0.0,0.0,1024.0,4.0,26990.0,0.0,1.0,LED,No,DDR4,intel,low,Dell,Other,intel,low,low
5878,2.2,100.0,2.5,2133.0,120.0,2.0,0.0,1024.0,8.0,36999.0,0.0,1.0,LED,No,DDR4,nvidia,low,Lenovo,DOS,intel,mid,low
5880,2.7,141.0,2.3,2400.0,120.0,4.0,128.0,1024.0,8.0,85800.0,0.0,1.0,LED,No,DDR4,nvidia,low,Acer,Windows,intel,mid,high
5881,2.04,141.0,2.1,2400.0,120.0,4.0,0.0,1024.0,8.0,44990.0,0.0,1.0,LED,No,DDR4,nvidia,low,HP,Windows,amd,mid,high
5882,2.19,100.0,2.5,2133.0,120.0,0.0,0.0,1024.0,8.0,45990.0,0.0,1.0,LED,No,DDR4,intel,low,Lenovo,Windows,intel,mid,low
5883,1.8,141.0,1.2,3200.0,120.0,0.0,512.0,0.0,8.0,35990.0,1.0,1.0,LED,No,DDR4,intel,low,Asus,Windows,intel,low,low
5884,1.77,100.0,3.1,1866.0,120.0,0.0,0.0,1024.0,4.0,26890.0,0.0,1.0,LED,No,DDR4,amd,low,HP,Windows,amd,low,low
5885,1.8,141.0,1.2,3200.0,120.0,0.0,512.0,0.0,8.0,24990.0,1.0,1.0,LED,No,DDR4,intel,low,Asus,Windows,intel,low,low
5886,1.41,157.0,1.7,3200.0,120.0,0.0,512.0,0.0,8.0,40840.0,0.0,1.0,LED,No,DDR4,intel,low,HP,Windows,intel,low,low
5887,1.47,112.0,3.1,1866.0,120.0,0.0,256.0,0.0,4.0,21999.0,0.0,1.0,LED,No,DDR4,amd,low,HP,Windows,amd,low,low
5888,1.7,141.0,4.0,3200.0,120.0,0.0,512.0,0.0,8.0,36790.0,0.0,1.0,LED,No,DDR4,intel,low,HP,Windows,intel,low,low
5889,1.47,112.0,2.3,2133.0,120.0,0.0,0.0,1024.0,4.0,27290.0,0.0,1.0,LED,No,DDR4,intel,low,HP,DOS,intel,low,low
5890,1.8,141.0,4.1,3200.0,60.0,0.0,512.0,0.0,8.0,32990.0,0.0,0.0,LED,No,DDR4,intel,low,Asus,Windows,intel,low,low
5891,1.82,141.0,2.6,2400.0,60.0,0.0,256.0,1024.0,8.0,38650.0,0.0,0.0,LED,No,DDR4,amd,low,HP,Windows,amd,low,low
5892,1.38,185.0,2.4,4266.0,120.0,0.0,512.0,0.0,8.0,37999.0,0.0,1.0,LCD,No,LPDDR4X,intel,mid,Other,Windows,intel,mid,low
5893,1.47,112.0,2.3,2133.0,120.0,0.0,0.0,1024.0,4.0,34456.0,0.0,1.0,LED,No,DDR4,intel,low,HP,Windows,intel,low,low
5894,1.9,100.0,2.8,3200.0,120.0,0.0,0.0,1024.0,4.0,21490.0,1.0,1.0,LED,No,DDR4,intel,low,Asus,Windows,intel,low,low
5895,1.24,225.0,3.5,3200.0,60.0,0.0,256.0,0.0,8.0,69990.0,1.0,0.0,LED,No,DDR4,apple,mid,Apple,macOS,apple,mid,mid
5896,1.6,157.0,2.4,3200.0,60.0,0.0,512.0,0.0,16.0,43990.0,0.0,0.0,LED,No,DDR4,intel,mid,Asus,Windows,intel,mid,low
5899,2.1,100.0,2.0,2133.0,120.0,0.0,0.0,1024.0,8.0,33996.0,0.0,1.0,LED,No,DDR4,intel,low,HP,DOS,intel,low,low
5900,2.0,100.0,2.0,2133.0,120.0,0.0,0.0,1024.0,4.0,30000.0,0.0,1.0,LED,No,DDR4,intel,low,HP,DOS,intel,low,low
5901,1.8,141.0,2.4,3200.0,60.0,0.0,512.0,0.0,8.0,38999.0,0.0,0.0,LED,No,DDR4,intel,mid,Asus,Windows,intel,mid,low
5902,2.4,141.0,2.4,2666.0,60.0,4.0,256.0,1024.0,8.0,64990.0,0.0,0.0,LED,No,DDR4,nvidia,low,Asus,Windows,intel,mid,high
5903,2.3,141.0,4.1,2933.0,144.0,4.0,512.0,0.0,8.0,56040.0,0.0,0.0,LED,No,DDR4,nvidia,low,Asus,Windows,intel,mid,high
5904,1.69,141.0,4.0,3200.0,60.0,0.0,512.0,0.0,8.0,36923.0,0.0,0.0,LED,No,DDR4,amd,low,HP,Windows,amd,mid,low
5905,2.15,141.0,2.8,3200.0,120.0,4.0,512.0,0.0,16.0,51990.0,1.0,1.0,LED,No,DDR4,nvidia,low,Acer,Windows,amd,mid,low
5906,1.46,157.0,4.0,3200.0,60.0,0.0,512.0,0.0,8.0,48449.0,0.0,0.0,LED,No,DDR4,amd,low,HP,Windows,amd,mid,low
5907,2.15,141.0,4.0,3200.0,120.0,4.0,512.0,0.0,8.0,43890.0,1.0,1.0,LED,No,DDR4,nvidia,low,Acer,Windows,amd,mid,low
5908,1.69,141.0,2.6,3200.0,60.0,0.0,512.0,0.0,8.0,29780.0,0.0,0.0,LED,No,DDR4,amd,low,HP,Windows,amd,low,low
5909,1.8,141.0,1.0,3200.0,120.0,0.0,512.0,0.0,8.0,49400.0,1.0,1.0,LED,No,DDR4,intel,low,Asus,Windows,intel,mid,low
5911,2.19,100.0,2.2,1600.0,120.0,0.0,0.0,1024.0,4.0,27225.0,0.0,1.0,LED,No,DDR3,amd,low,HP,Windows,amd,low,low
5912,1.43,112.0,1.2,2666.0,120.0,0.0,256.0,0.0,8.0,32999.0,0.0,1.0,LED,No,DDR4,intel,low,HP,Windows,intel,low,low
5913,2.19,100.0,2.2,1600.0,120.0,0.0,0.0,1024.0,4.0,24999.0,0.0,1.0,LED,No,DDR3,amd,low,HP,Windows,amd,low,low
5914,1.8,141.0,1.0,3200.0,120.0,0.0,512.0,0.0,8.0,39999.0,1.0,1.0,LED,No,DDR4,intel,low,Asus,Windows,intel,mid,low
5915,2.15,141.0,2.1,5400.0,120.0,4.0,512.0,0.0,8.0,49990.0,0.0,1.0,LED,No,DDR4,nvidia,low,Acer,Windows,amd,mid,low
5916,1.5,157.0,2.1,3200.0,120.0,0.0,256.0,0.0,4.0,35990.0,1.0,1.0,LED,No,DDR4,intel,low,Asus,Windows,intel,low,low
5917,1.8,141.0,3.6,3200.0,60.0,0.0,512.0,0.0,8.0,48188.0,0.0,0.0,LED,No,DDR4,intel,low,Asus,Windows,intel,mid,low
5918,1.7,141.0,3.0,2666.0,120.0,0.0,512.0,0.0,8.0,32990.0,0.0,1.0,LED,No,DDR4,intel,low,Lenovo,Windows,intel,low,low
5919,2.3,141.0,4.5,2933.0,144.0,4.0,512.0,0.0,8.0,46490.0,0.0,0.0,LED,No,DDR4,nvidia,low,Asus,Windows,intel,mid,high
5920,2.2,100.0,1.6,2133.0,120.0,2.0,0.0,1024.0,8.0,39999.0,0.0,1.0,LED,No,LPDDR5,nvidia,low,Lenovo,DOS,intel,mid,low
5921,1.5,157.0,2.1,3200.0,120.0,0.0,256.0,0.0,4.0,35990.0,1.0,1.0,LED,No,DDR4,intel,low,Asus,Windows,intel,low,low
5922,2.3,141.0,2.5,2933.0,144.0,4.0,512.0,0.0,8.0,59990.0,0.0,0.0,LED,No,DDR4,nvidia,low,Asus,Windows,intel,mid,high
5923,1.34,157.0,2.1,3200.0,120.0,0.0,512.0,0.0,8.0,30792.0,1.0,1.0,LED,No,DDR4,amd,low,Other,Windows,amd,mid,low
5924,1.8,141.0,3.1,3200.0,60.0,0.0,512.0,0.0,8.0,39990.0,0.0,0.0,LED,No,DDR4,intel,mid,Other,Windows,intel,mid,high
5925,2.1,141.0,2.3,2133.0,120.0,0.0,0.0,1024.0,4.0,24990.0,0.0,1.0,LED,No,DDR4,intel,low,Lenovo,DOS,intel,low,low
5926,1.8,141.0,1.6,2133.0,120.0,2.0,512.0,0.0,8.0,47999.0,0.0,1.0,LED,No,DDR4,nvidia,low,Acer,Windows,intel,mid,low
5927,1.46,157.0,4.0,3200.0,60.0,0.0,512.0,0.0,8.0,33978.0,0.0,0.0,LED,No,DDR4,amd,low,HP,Windows,amd,low,low
5929,2.1,141.0,2.3,2133.0,120.0,0.0,0.0,1024.0,4.0,36370.0,0.0,1.0,LED,No,DDR4,intel,low,Lenovo,Windows,intel,low,low
5930,1.5,157.0,2.3,2400.0,120.0,0.0,256.0,0.0,4.0,31490.0,0.0,1.0,LED,No,DDR4,intel,low,Asus,Windows,intel,low,low
5931,1.48,157.0,1.2,3200.0,120.0,0.0,256.0,0.0,8.0,29990.0,1.0,1.0,LCD,No,DDR5,intel,low,Other,Windows,intel,low,low
5932,2.2,100.0,2.0,2133.0,120.0,0.0,0.0,1024.0,4.0,26990.0,0.0,1.0,LED,No,DDR4,intel,low,Lenovo,DOS,intel,low,low
5933,1.69,141.0,4.4,3200.0,120.0,0.0,512.0,0.0,8.0,35750.0,0.0,1.0,LED,No,DDR4,intel,low,HP,Windows,intel,low,low
5934,1.75,141.0,3.0,2666.0,120.0,0.0,0.0,1024.0,8.0,35990.0,0.0,1.0,LED,No,DDR4,intel,low,HP,Windows,intel,low,low
5935,1.48,157.0,1.2,3200.0,120.0,0.0,256.0,0.0,8.0,37462.0,1.0,1.0,LCD,No,LPDDR4X,intel,low,Other,Windows,intel,low,low
5936,1.49,157.0,3.0,3200.0,120.0,0.0,512.0,0.0,8.0,43999.0,1.0,1.0,LED,No,DDR4,intel,low,Acer,Windows,intel,low,low
5937,1.49,157.0,3.0,3200.0,120.0,0.0,256.0,0.0,8.0,26990.0,1.0,1.0,LED,No,DDR4,intel,low,Acer,Windows,intel,low,low
5938,1.65,141.0,2.4,3200.0,60.0,0.0,512.0,0.0,8.0,54990.0,0.0,0.0,LED,No,DDR4,intel,low,Lenovo,Windows,intel,mid,low
5939,2.2,100.0,2.0,2133.0,120.0,2.0,0.0,1024.0,8.0,37990.0,0.0,1.0,LED,No,DDR4,nvidia,low,Lenovo,Windows,intel,low,low
5940,1.65,141.0,2.5,3200.0,120.0,0.0,512.0,0.0,16.0,40990.0,0.0,1.0,LED,No,DDR4,intel,mid,Lenovo,Windows,intel,mid,low
5941,1.24,157.0,1.2,4266.0,60.0,0.125,256.0,0.0,8.0,34174.0,0.0,0.0,IPS LCD,No,LPDDR4X,intel,low,Other,Windows,intel,low,low
5942,1.65,141.0,2.5,3200.0,120.0,0.0,512.0,0.0,8.0,40990.0,0.0,1.0,LED,No,DDR4,intel,mid,Lenovo,Windows,intel,mid,low
5943,2.25,141.0,2.5,3200.0,120.0,4.0,512.0,0.0,8.0,50990.0,1.0,0.0,LED,No,DDR4,nvidia,low,Lenovo,Windows,intel,mid,high
5945,2.4,141.0,2.6,2400.0,144.0,6.0,256.0,1024.0,16.0,119990.0,0.0,0.0,LED,No,DDR4,nvidia,mid,Acer,Windows,intel,high,high
5946,1.46,157.0,3.4,2666.0,120.0,0.0,512.0,0.0,8.0,45890.0,0.0,1.0,LED,No,DDR4,intel,low,HP,Windows,intel,low,low
5947,1.65,141.0,2.1,3200.0,120.0,0.0,512.0,0.0,16.0,39690.0,1.0,1.0,LED,No,DDR4,amd,low,Lenovo,Windows,amd,mid,low
5948,2.25,141.0,2.5,3200.0,60.0,4.0,512.0,0.0,8.0,48990.0,1.0,0.0,LED,No,DDR4,nvidia,low,Lenovo,Windows,intel,mid,high
5949,2.1,100.0,1.1,2133.0,120.0,0.0,0.0,1024.0,4.0,20990.0,0.0,1.0,LED,No,DDR4,intel,low,Acer,Windows,intel,low,low
5950,1.3,125.0,1.6,1600.0,120.0,0.0,128.0,0.0,8.0,80900.0,0.0,1.0,LED,No,DDR3,intel,low,Apple,macOS,intel,mid,low
5951,2.3,141.0,2.5,2933.0,144.0,4.0,512.0,0.0,8.0,62690.0,0.0,0.0,LED,No,DDR4,nvidia,low,Asus,Windows,intel,mid,high
5952,1.5,157.0,1.6,2666.0,120.0,0.0,512.0,0.0,8.0,41999.0,0.0,1.0,LED,No,DDR4,intel,low,Other,Windows,intel,mid,low
5953,2.3,141.0,2.9,3200.0,144.0,4.0,512.0,0.0,8.0,47895.0,0.0,0.0,LED,No,DDR4,nvidia,low,Asus,Windows,intel,mid,high
5954,1.69,141.0,0.8,3200.0,120.0,0.0,512.0,0.0,16.0,36400.0,0.0,1.0,LED,No,DDR4,intel,low,HP,Windows,intel,low,low
5955,1.69,141.0,4.4,3200.0,120.0,0.0,512.0,0.0,16.0,47990.0,1.0,1.0,LED,No,DDR4,intel,mid,HP,Windows,intel,mid,low
5956,1.86,141.0,2.4,2666.0,120.0,4.0,512.0,0.0,8.0,57999.0,0.0,1.0,LED,No,DDR4,nvidia,low,MSI,Windows,intel,mid,high
5957,1.9,112.0,2.3,2400.0,120.0,0.0,0.0,1024.0,4.0,25999.0,0.0,1.0,LED,No,DDR4,intel,low,Dell,Other,intel,low,low
5958,1.8,141.0,3.0,3200.0,60.0,0.0,256.0,0.0,8.0,29999.0,0.0,0.0,LED,No,DDR4,intel,low,Other,Windows,intel,low,low
5959,2.1,100.0,2.3,2133.0,120.0,0.0,0.0,500.0,4.0,25289.0,0.0,1.0,LED,No,DDR4,intel,low,Acer,Windows,intel,low,low
5960,1.69,141.0,2.6,2400.0,120.0,0.0,256.0,0.0,8.0,35000.0,0.0,1.0,LED,No,DDR4,amd,low,HP,Windows,amd,low,low
5961,1.75,149.0,1.9,1600.0,120.0,0.0,32.0,0.0,2.0,13869.0,0.0,1.0,LED,Yes,DDR3,intel,low,Acer,Windows,intel,low,low
5962,1.8,141.0,3.0,3200.0,120.0,0.0,512.0,0.0,8.0,39999.0,1.0,1.0,LED,No,DDR4,intel,low,Other,Windows,intel,low,low
5963,1.5,157.0,1.6,2666.0,120.0,2.0,512.0,0.0,8.0,47490.0,0.0,1.0,LED,No,DDR4,nvidia,low,Other,Windows,intel,mid,low
5964,1.76,141.0,1.2,3200.0,60.0,0.0,512.0,0.0,8.0,23990.0,1.0,0.0,LED,No,LPDDR4X,intel,low,Other,Windows,intel,low,low
5965,1.69,100.0,2.6,2400.0,120.0,0.0,256.0,0.0,8.0,29990.0,0.0,1.0,LED,No,DDR4,amd,low,HP,Windows,amd,low,low
5966,2.0,100.0,2.3,2133.0,120.0,0.0,0.0,1024.0,4.0,26990.0,0.0,1.0,LED,No,DDR4,intel,low,Asus,Windows,intel,low,low
5968,2.1,100.0,1.6,1600.0,120.0,0.0,0.0,1024.0,4.0,19999.0,0.0,1.0,LED,No,DDR3,intel,low,HP,DOS,intel,low,low
5969,1.7,141.0,2.1,2666.0,60.0,0.0,256.0,0.0,8.0,29999.0,0.0,0.0,LED,No,DDR4,intel,low,Lenovo,Windows,intel,low,low
5970,1.2,135.0,1.1,3200.0,120.0,0.0,0.0,0.0,4.0,17990.0,1.0,1.0,LED,Yes,LPDDR4,intel,low,Asus,Google Chrome,intel,low,low
5971,2.2,100.0,1.6,2133.0,120.0,2.0,0.0,1024.0,8.0,41999.0,0.0,1.0,LED,No,DDR4,nvidia,low,Lenovo,Windows,intel,mid,low
5972,1.5,243.0,4.5,3200.0,90.0,0.0,512.0,0.0,16.0,70975.0,1.0,0.0,OLED,No,DDR4,intel,mid,Asus,Windows,intel,mid,high
5973,1.5,157.0,1.6,2666.0,120.0,0.0,256.0,0.0,8.0,44999.0,0.0,1.0,LED,No,DDR4,intel,low,Other,Windows,intel,mid,low
5974,2.3,141.0,3.7,3200.0,60.0,4.0,256.0,1024.0,8.0,54990.0,1.0,0.0,LED,No,DDR4,amd,mid,Acer,Windows,amd,mid,high
5975,1.85,141.0,2.3,2133.0,120.0,0.0,0.0,1024.0,4.0,30990.0,0.0,1.0,LED,No,DDR4,intel,low,Lenovo,Windows,intel,low,low
5976,2.25,141.0,2.0,2133.0,120.0,0.0,0.0,1024.0,4.0,169999.0,0.0,1.0,LED,No,DDR4,intel,low,Dell,Windows,intel,low,low
5977,1.7,141.0,2.6,2400.0,120.0,0.0,512.0,0.0,8.0,30990.0,0.0,1.0,LED,No,DDR4,amd,low,HP,Windows,amd,low,low
5978,1.8,141.0,2.4,3200.0,120.0,0.0,256.0,1024.0,8.0,50990.0,1.0,1.0,LED,No,DDR4,intel,mid,Asus,Windows,intel,mid,low
5979,1.24,157.0,1.1,2933.0,120.0,0.0,128.0,0.0,4.0,19999.0,0.0,1.0,LED,No,LPDDR4X,intel,low,Other,Windows,intel,low,low
5981,1.8,141.0,2.4,3200.0,120.0,0.0,256.0,1024.0,8.0,37619.0,1.0,1.0,LED,No,DDR4,intel,mid,Asus,Windows,intel,mid,low
5982,1.7,141.0,2.6,2400.0,120.0,0.0,512.0,0.0,8.0,36990.0,0.0,1.0,LED,No,DDR4,amd,low,HP,Windows,amd,low,low
5983,2.2,100.0,2.5,1600.0,120.0,2.0,0.0,1024.0,8.0,42999.0,0.0,1.0,LED,No,DDR3,amd,low,Dell,Other,intel,mid,high
5985,1.65,141.0,2.1,3200.0,60.0,0.0,512.0,0.0,16.0,45900.0,0.0,0.0,LED,No,DDR4,amd,low,Lenovo,Windows,amd,mid,low
5986,1.58,157.0,2.1,2666.0,120.0,0.0,512.0,0.0,8.0,49347.0,0.0,1.0,LED,Yes,DDR4,intel,low,HP,Windows,intel,low,low
5987,1.07,135.0,2.0,3200.0,120.0,0.0,0.0,0.0,4.0,25189.0,0.0,1.0,LED,No,DDR4,mediatek,low,HP,Google Chrome,mediatek,low,low
5988,1.53,141.0,2.1,2400.0,120.0,0.0,256.0,0.0,8.0,38999.0,0.0,1.0,LED,No,DDR4,amd,low,Other,Windows,amd,mid,low
5989,1.69,141.0,4.2,3200.0,120.0,0.0,512.0,0.0,16.0,45850.0,0.0,1.0,LED,No,DDR4,intel,mid,HP,Windows,intel,mid,low
5990,1.69,141.0,2.5,3200.0,120.0,0.0,512.0,0.0,8.0,46800.0,0.0,1.0,LED,No,DDR4,intel,mid,HP,Windows,intel,mid,low
5992,1.6,141.0,4.0,3200.0,60.0,0.0,512.0,0.0,8.0,46065.0,1.0,0.0,LED,No,DDR4,amd,low,MSI,Windows,amd,mid,low
5993,1.3,157.0,2.1,3200.0,60.0,0.0,512.0,0.0,8.0,55999.0,1.0,0.0,LED,No,DDR4,amd,low,MSI,Windows,amd,mid,low
5994,2.7,141.0,2.5,2400.0,120.0,8.0,128.0,1024.0,8.0,117635.0,0.0,1.0,LED,No,DDR4,nvidia,low,Acer,Windows,intel,mid,high
5995,1.65,141.0,4.0,3200.0,60.0,0.0,512.0,0.0,8.0,36289.0,0.0,0.0,LED,No,DDR4,amd,low,Lenovo,Windows,amd,mid,low
5996,2.7,141.0,2.2,2400.0,120.0,4.0,128.0,1024.0,8.0,79990.0,0.0,1.0,LED,No,DDR4,nvidia,low,Acer,Windows,intel,high,high
5997,1.77,100.0,2.6,1866.0,120.0,0.0,0.0,1024.0,4.0,21990.0,0.0,1.0,LED,No,DDR4,amd,low,HP,Windows,amd,low,low
5998,1.81,141.0,4.2,3200.0,60.0,0.0,512.0,0.0,8.0,46990.0,1.0,0.0,LED,No,LPDDR4X,intel,mid,Samsung,Windows,intel,mid,low
5999,1.39,162.0,4.5,5600.0,120.0,0.0,512.0,0.0,16.0,89000.0,0.0,1.0,LED,No,DDR5,intel,mid,HP,Windows,intel,mid,high
6000,1.41,162.0,4.8,5600.0,120.0,0.0,1024.0,0.0,32.0,155999.0,0.0,1.0,LED,No,DDR5,intel,mid,HP,Windows,intel,high,high
6001,1.31,170.0,4.8,7500.0,120.0,0.0,0.0,0.0,32.0,175000.0,0.0,1.0,LED,Yes,LPDDR5X,intel,low,HP,Windows,intel,high,low
6002,1.41,162.0,4.5,5600.0,120.0,0.0,1024.0,0.0,16.0,133999.0,0.0,1.0,LED,No,DDR5,intel,mid,HP,Windows,intel,mid,high
6004,1.18,162.0,4.8,7500.0,120.0,0.0,1024.0,0.0,16.0,165000.0,0.0,1.0,LED,No,LPDDR5X,intel,mid,HP,Windows,intel,high,high
6005,1.79,142.0,4.8,5600.0,120.0,0.0,1024.0,0.0,16.0,148999.0,0.0,1.0,LED,No,DDR4,intel,mid,HP,Windows,intel,high,high
6006,1.45,162.0,4.8,5200.0,120.0,4.0,1024.0,0.0,16.0,168999.0,0.0,0.0,LED,Yes,DDR5,nvidia,mid,HP,Windows,intel,high,low
6007,2.01,141.0,5.2,5200.0,120.0,8.0,1024.0,0.0,64.0,286999.0,0.0,0.0,LED,No,DDR5,nvidia,high,HP,Windows,intel,high,high
6008,1.4,157.0,3.3,3200.0,120.0,0.0,256.0,0.0,16.0,68990.0,1.0,1.0,TFT LCD,No,LPDDR4X,intel,mid,Acer,Google Chrome,intel,mid,low
6009,1.79,142.0,4.8,5600.0,120.0,0.0,1024.0,0.0,32.0,156999.0,0.0,1.0,LED,No,DDR5,intel,mid,HP,Windows,intel,high,high
6010,2.01,141.0,4.8,5200.0,120.0,8.0,1024.0,0.0,16.0,212999.0,0.0,0.0,LED,No,DDR5,nvidia,high,HP,Windows,intel,high,high
6011,3.3,142.0,5.5,4800.0,480.0,12.0,2048.0,0.0,32.0,199990.0,0.0,0.0,LED,No,DDR5,nvidia,high,Dell,Windows,amd,high,high
6012,2.01,141.0,4.8,5200.0,120.0,6.0,1024.0,0.0,32.0,201999.0,0.0,0.0,LED,No,DDR5,nvidia,mid,HP,Windows,intel,high,high
6013,2.39,137.0,4.8,5600.0,144.0,6.0,1024.0,0.0,16.0,139999.0,0.0,0.0,LED,No,DDR5,nvidia,mid,HP,Windows,intel,high,high
6014,1.98,142.0,4.6,5200.0,60.0,0.0,512.0,0.0,16.0,70589.0,0.0,0.0,LED,No,DDR5,intel,mid,Dell,Windows,intel,mid,low
6015,1.8,141.0,4.4,3200.0,60.0,4.0,512.0,0.0,16.0,65990.0,1.0,0.0,OLED,No,DDR4,nvidia,low,Asus,Windows,amd,high,high
6016,1.9,142.0,4.6,4800.0,120.0,0.0,512.0,0.0,16.0,79489.0,0.0,0.0,LED,No,LPDDR5X,intel,low,Dell,Windows,intel,mid,high
6017,1.87,142.0,5.5,5200.0,60.0,0.0,1024.0,0.0,16.0,9689.0,0.0,0.0,LED,No,DDR5,intel,low,Dell,Windows,intel,high,low
6018,1.98,142.0,4.8,5200.0,60.0,0.0,512.0,0.0,16.0,67590.0,0.0,0.0,LED,No,DDR5,intel,low,Dell,Windows,intel,mid,low
6019,1.98,142.0,4.8,5200.0,60.0,0.0,1024.0,0.0,16.0,80889.0,0.0,0.0,LED,No,DDR5,intel,low,Dell,Windows,intel,mid,low
6020,1.65,141.0,4.2,3200.0,120.0,0.0,512.0,0.0,8.0,37999.0,1.0,1.0,LED,No,LPDDR4,intel,mid,Other,Windows,intel,mid,low
6021,1.9,189.0,4.9,4800.0,60.0,0.0,1024.0,0.0,16.0,100890.0,0.0,0.0,LED,No,LPDDR5X,intel,low,Dell,Windows,intel,high,high
6022,1.25,243.0,5.0,3200.0,90.0,0.0,512.0,0.0,16.0,64990.0,1.0,0.0,OLED,No,LPDDR5,intel,mid,Acer,Windows,intel,high,high
6023,1.65,141.0,4.2,3200.0,120.0,0.0,256.0,0.0,8.0,26990.0,1.0,1.0,LED,No,LPDDR4,intel,low,Other,Windows,intel,low,low
6024,1.4,141.0,3.4,8448.0,60.0,0.0,512.0,0.0,16.0,107178.0,0.0,0.0,LED,Yes,LPDDR5X,qualcomm,low,Dell,Windows,qualcomm,mid,mid
6025,1.4,141.0,3.4,8448.0,60.0,0.0,1024.0,0.0,16.0,110978.0,0.0,0.0,LED,Yes,LPDDR5X,qualcomm,low,Dell,Windows,qualcomm,mid,mid
6026,1.98,142.0,5.5,5200.0,60.0,0.0,1024.0,0.0,16.0,93990.0,0.0,0.0,LED,No,DDR5,intel,low,Dell,Windows,intel,high,low
6027,1.77,141.0,2.8,3200.0,120.0,0.0,512.0,0.0,16.0,64999.0,1.0,1.0,LED,No,LPDDR5,intel,low,Acer,Windows,intel,mid,low
6028,1.59,141.0,2.8,3200.0,120.0,0.0,256.0,0.0,8.0,27999.0,1.0,1.0,LED,No,DDR4,intel,low,Acer,Windows,intel,low,low
6029,1.5,112.0,2.8,3200.0,120.0,0.0,256.0,0.0,8.0,23990.0,1.0,1.0,LED,No,DDR4,amd,low,Acer,Windows,amd,low,low
6030,1.77,141.0,2.8,3200.0,120.0,0.0,512.0,0.0,16.0,66999.0,1.0,1.0,LED,No,LPDDR5,intel,low,Acer,Windows,intel,mid,low
6031,1.59,141.0,2.8,3200.0,120.0,0.0,1024.0,0.0,16.0,37999.0,1.0,1.0,LED,No,DDR4,amd,low,Acer,Windows,amd,mid,low
6032,2.37,141.0,4.2,3200.0,144.0,4.0,512.0,0.0,8.0,59990.0,0.0,0.0,LED,No,DDR4,nvidia,low,HP,Windows,intel,mid,high
6033,1.59,141.0,4.5,3200.0,60.0,0.0,512.0,0.0,8.0,35990.0,1.0,0.0,TFT LCD,No,DDR4,intel,low,Acer,Windows,intel,low,low
6034,1.7,142.0,4.8,7500.0,120.0,0.0,1024.0,0.0,32.0,107490.0,0.0,1.0,LED,No,LPDDR5X,amd,mid,Lenovo,Windows,amd,high,low
6036,1.4,243.0,4.7,3200.0,90.0,4.0,512.0,0.0,16.0,75990.0,1.0,0.0,OLED,No,DDR4,nvidia,low,Asus,Windows,intel,mid,high
6037,1.6,162.0,4.0,6400.0,60.0,0.0,512.0,0.0,16.0,77490.0,0.0,0.0,LED,Yes,LPDDR5X,amd,mid,Lenovo,Windows,amd,high,high
6038,1.6,189.0,4.8,6400.0,90.0,0.0,1024.0,0.0,16.0,97590.0,0.0,0.0,LED,No,LPDDR5X,intel,mid,Dell,Windows,intel,high,high
6039,1.0,157.0,4.6,3200.0,60.0,0.0,512.0,0.0,8.0,56990.0,0.0,0.0,LED,No,DDR4,intel,low,Dell,Windows,intel,mid,low
6040,3.25,189.0,5.0,4800.0,165.0,8.0,1024.0,0.0,16.0,175189.0,0.0,0.0,IPS LCD,No,DDR5,nvidia,mid,Dell,Windows,intel,high,high
6041,2.3,141.0,3.1,5600.0,144.0,4.0,512.0,0.0,16.0,58990.0,0.0,0.0,LED,No,DDR5,nvidia,low,Asus,Windows,amd,high,high
6042,2.35,182.0,5.4,3200.0,240.0,8.0,1024.0,0.0,16.0,171999.0,1.0,0.0,LED,No,DDR5,nvidia,mid,HP,Windows,intel,high,high
6044,1.5,112.0,2.8,3200.0,120.0,0.0,512.0,0.0,8.0,26999.0,1.0,1.0,LED,No,DDR4,amd,low,Acer,Windows,amd,low,low
6045,1.75,141.0,5.0,5200.0,60.0,0.0,512.0,0.0,16.0,65490.0,0.0,0.0,LED,No,DDR5,intel,low,Lenovo,Windows,intel,mid,low
6047,1.9,141.0,4.8,5600.0,60.0,0.0,1024.0,0.0,16.0,65990.0,0.0,0.0,LED,No,DDR5,intel,mid,MSI,Windows,intel,high,high
6050,1.7,141.0,2.3,3200.0,60.0,0.0,512.0,0.0,16.0,64990.0,1.0,0.0,LED,No,DDR4,intel,mid,Asus,Windows,intel,high,high
6051,2.31,141.0,2.3,3200.0,120.0,4.0,512.0,0.0,16.0,77000.0,0.0,0.0,LED,No,DDR4,nvidia,mid,Lenovo,Windows,intel,high,high
6052,1.7,141.0,4.2,3200.0,60.0,0.0,512.0,0.0,8.0,42168.0,1.0,0.0,LED,No,DDR4,intel,low,MSI,Windows,intel,mid,low
6053,1.78,141.0,3.3,3200.0,165.0,8.0,1024.0,0.0,16.0,139990.0,1.0,0.0,LED,No,DDR4,nvidia,high,Other,Windows,amd,high,high
6054,1.34,157.0,3.3,3200.0,120.0,0.0,512.0,0.0,8.0,52990.0,1.0,1.0,LED,No,DDR4,intel,mid,Acer,Windows,intel,mid,low
6055,1.7,141.0,4.9,4800.0,60.0,0.0,512.0,0.0,16.0,66991.0,0.0,0.0,LED,No,LPDDR5,intel,low,Lenovo,Windows,intel,high,high
6056,1.34,157.0,4.5,3200.0,120.0,0.0,512.0,0.0,8.0,39490.0,1.0,1.0,LED,No,DDR4,intel,low,Acer,Windows,intel,low,low
6057,1.34,157.0,3.3,3200.0,120.0,0.0,512.0,0.0,8.0,36990.0,1.0,1.0,TFT LCD,No,DDR4,intel,low,Acer,Windows,intel,low,low
6058,1.34,157.0,3.3,3200.0,120.0,0.0,512.0,0.0,8.0,37990.0,1.0,1.0,LED,No,DDR4,intel,low,Acer,Windows,intel,low,low
6059,1.9,142.0,4.7,4800.0,60.0,0.0,512.0,0.0,16.0,70420.0,0.0,0.0,LED,No,LPDDR5,intel,mid,Dell,Windows,intel,mid,low
6060,1.6,162.0,4.5,4400.0,60.0,0.0,512.0,0.0,8.0,39990.0,0.0,0.0,LED,No,DDR5,intel,low,Dell,Windows,intel,low,low
6061,1.75,162.0,4.8,5200.0,120.0,0.0,1024.0,0.0,8.0,80389.0,0.0,1.0,LED,Yes,DDR5,intel,low,Dell,Windows,intel,mid,low
6062,1.5,162.0,3.3,4266.0,120.0,0.0,512.0,0.0,16.0,69000.0,0.0,1.0,LED,Yes,LPDDR4X,intel,mid,Lenovo,Windows,intel,mid,low
6063,1.3,112.0,1.5,1866.0,120.0,0.0,0.0,0.0,4.0,56377.0,0.0,1.0,LED,Yes,DDR4,amd,low,HP,Windows,amd,low,low
6065,1.86,212.0,4.8,3200.0,120.0,6.0,1024.0,0.0,16.0,233990.0,1.0,0.0,AMOLED,Yes,LPDDR5X,nvidia,mid,Samsung,Windows,intel,high,high
6066,1.86,212.0,5.1,3200.0,120.0,8.0,1024.0,0.0,32.0,281990.0,1.0,1.0,AMOLED,Yes,LPDDR5X,nvidia,high,Samsung,Windows,intel,high,high
6067,1.26,338.0,5.0,6000.0,90.0,0.0,1024.0,0.0,32.0,212799.0,0.0,0.0,LED,Yes,LPDDR5,intel,mid,Dell,Windows,intel,high,mid
6068,1.65,100.0,1.1,2666.0,120.0,0.0,256.0,0.0,8.0,56228.0,0.0,1.0,LED,No,DDR4,intel,low,HP,Windows,intel,low,low
6069,1.75,157.0,3.4,3200.0,60.0,0.0,512.0,0.0,16.0,89990.0,0.0,0.0,LED,No,DDR4,intel,mid,Lenovo,Windows,intel,mid,low
6070,1.46,141.0,1.8,3200.0,120.0,0.0,512.0,0.0,16.0,122990.0,1.0,1.0,AMOLED,Yes,LPDDR5,intel,mid,Samsung,Windows,intel,high,low
6071,1.98,141.0,4.9,5200.0,144.0,8.0,512.0,0.0,16.0,102990.0,0.0,0.0,LED,No,DDR5,nvidia,mid,MSI,Windows,intel,high,high
6072,1.98,141.0,4.8,5600.0,144.0,6.0,512.0,0.0,16.0,99990.0,0.0,0.0,LED,No,DDR5,nvidia,mid,MSI,Windows,intel,high,high
6073,1.59,141.0,2.8,3200.0,120.0,0.0,512.0,0.0,8.0,43999.0,1.0,1.0,LED,No,DDR4,intel,low,Acer,Windows,intel,mid,low
6074,1.07,135.0,2.0,3733.0,120.0,0.0,0.0,0.0,4.0,41422.0,0.0,1.0,LED,Yes,LPDDR4,mediatek,low,HP,Google Chrome,mediatek,low,low
6075,1.46,112.0,2.6,3200.0,120.0,0.0,256.0,0.0,8.0,77831.0,0.0,1.0,LED,Yes,DDR4,amd,low,HP,Windows,amd,low,low
6076,1.54,112.0,1.6,1866.0,120.0,0.0,0.0,0.0,4.0,45845.0,0.0,1.0,LED,Yes,DDR4,amd,low,HP,Google Chrome,amd,low,low
6077,1.46,112.0,2.6,2400.0,120.0,0.0,0.0,0.0,4.0,66733.0,0.0,1.0,LED,No,DDR4,intel,low,HP,Windows,intel,low,low
6078,2.99,189.0,4.9,4800.0,240.0,8.0,1024.0,0.0,32.0,167489.0,0.0,0.0,LED,No,DDR5,nvidia,mid,Dell,Windows,intel,high,high
6079,1.54,112.0,1.6,1866.0,120.0,0.0,0.0,0.0,4.0,33675.0,0.0,1.0,LED,No,DDR4,amd,low,HP,Google Chrome,amd,low,low
6080,1.4,189.0,4.6,3200.0,120.0,0.0,512.0,0.0,8.0,111176.0,0.0,1.0,LED,No,DDR4,intel,low,HP,Windows,intel,mid,mid
6081,2.25,141.0,5.1,3200.0,144.0,8.0,512.0,0.0,16.0,95000.0,1.0,0.0,IPS LCD,No,DDR5,nvidia,mid,MSI,Windows,amd,high,high
6082,2.25,141.0,3.1,3200.0,120.0,4.0,512.0,0.0,8.0,58500.0,0.0,0.0,LED,No,DDR4,nvidia,mid,Lenovo,Windows,intel,mid,high
6083,1.59,141.0,2.8,3200.0,120.0,0.0,1024.0,0.0,16.0,60999.0,1.0,1.0,TFT LCD,No,DDR4,intel,low,Acer,Windows,intel,high,low
6084,1.55,141.0,1.4,3200.0,60.0,0.0,512.0,0.0,16.0,65000.0,1.0,0.0,LED,No,LPDDR4X,intel,low,Samsung,Windows,intel,mid,low
6085,1.55,141.0,1.8,3200.0,120.0,0.0,512.0,0.0,16.0,78000.0,1.0,1.0,LED,No,LPDDR4X,intel,mid,Samsung,Windows,intel,high,low
6086,3.25,189.0,5.4,4800.0,240.0,8.0,1024.0,0.0,32.0,223989.0,0.0,0.0,IPS LCD,No,DDR5,nvidia,high,Dell,Windows,intel,high,high
6087,1.46,112.0,2.6,2400.0,120.0,0.0,256.0,0.0,4.0,40641.0,0.0,1.0,LED,No,DDR4,intel,low,HP,Windows,intel,low,low
6088,1.45,112.0,1.1,2400.0,120.0,0.0,0.0,0.0,4.0,36909.0,0.0,1.0,LED,No,DDR4,intel,low,HP,Windows,intel,low,low
6089,1.78,141.0,4.6,3200.0,60.0,4.0,512.0,0.0,16.0,58999.0,1.0,0.0,LED,No,DDR4,nvidia,low,Acer,Windows,intel,mid,high
6090,1.55,141.0,1.4,3200.0,120.0,0.0,512.0,0.0,8.0,67990.0,1.0,1.0,LED,No,LPDDR4X,intel,mid,Samsung,Windows,intel,mid,low
6091,3.25,189.0,5.4,4800.0,240.0,12.0,1024.0,0.0,32.0,329989.0,0.0,0.0,IPS LCD,No,DDR5,nvidia,high,Dell,Windows,intel,high,high
6092,2.81,141.0,4.8,4800.0,165.0,6.0,1024.0,0.0,16.0,119990.0,0.0,0.0,LED,No,DDR5,nvidia,mid,Dell,Windows,intel,high,high
6093,4.23,168.0,5.8,5600.0,165.0,12.0,1024.0,0.0,32.0,375990.0,0.0,0.0,LED,No,DDR5,nvidia,high,Dell,Windows,intel,high,high
6094,1.7,141.0,4.2,3200.0,60.0,0.0,512.0,0.0,16.0,41990.0,1.0,0.0,LED,No,DDR4,intel,mid,MSI,Windows,intel,mid,low
6095,1.59,141.0,2.8,3200.0,120.0,0.0,512.0,0.0,16.0,49999.0,1.0,1.0,TFT LCD,No,DDR4,intel,low,Acer,Windows,intel,mid,low
6096,1.34,189.0,3.4,8400.0,120.0,0.0,1024.0,0.0,16.0,169934.0,0.0,1.0,LED,No,LPDDR5X,qualcomm,low,HP,Windows,qualcomm,high,high
6098,2.3,141.0,4.7,3200.0,300.0,8.0,1024.0,0.0,16.0,268044.0,0.0,0.0,LED,No,DDR4,nvidia,high,Asus,Windows,amd,high,high
6099,1.8,141.0,4.2,2400.0,120.0,0.0,512.0,0.0,8.0,82202.0,0.0,1.0,LED,No,DDR4,amd,low,Asus,Windows,amd,mid,high
6101,1.15,157.0,2.8,3200.0,120.0,0.0,512.0,0.0,16.0,245482.0,1.0,1.0,LED,Yes,DDR4,intel,mid,Asus,Google Chrome,intel,high,low
6102,2.1,141.0,4.2,3200.0,300.0,4.0,1024.0,0.0,16.0,207182.0,0.0,0.0,LED,No,DDR4,nvidia,mid,Asus,Windows,amd,high,high
6103,1.45,157.0,1.1,2400.0,120.0,0.0,0.0,0.0,4.0,35747.0,0.0,1.0,LED,No,DDR4,intel,low,Asus,Google Chrome,intel,low,low
6104,1.99,141.0,3.3,3200.0,144.0,6.0,1024.0,0.0,16.0,65999.0,1.0,0.0,LED,No,DDR4,nvidia,mid,Acer,Windows,intel,mid,high
6105,1.53,162.0,4.6,4800.0,120.0,0.0,512.0,0.0,8.0,61790.0,0.0,1.0,LED,No,LPDDR5,intel,mid,Dell,Windows,intel,mid,low
6106,1.8,141.0,4.7,3200.0,120.0,2.0,512.0,0.0,16.0,185240.0,0.0,1.0,LED,No,DDR4,nvidia,mid,Asus,Windows,intel,high,low
6107,1.65,141.0,4.2,2666.0,120.0,0.0,512.0,0.0,8.0,38889.0,0.0,0.0,LED,No,DDR4,intel,low,Dell,Windows,intel,low,low
6108,2.9,141.0,4.2,3200.0,120.0,4.0,512.0,0.0,8.0,167955.0,0.0,1.0,LED,No,DDR4,nvidia,mid,Asus,Windows,amd,high,high
6110,1.59,162.0,2.8,4266.0,120.0,0.0,512.0,0.0,8.0,47989.0,0.0,1.0,LED,No,LPDDR4X,amd,low,Dell,Windows,amd,mid,low
6111,2.81,141.0,4.9,4800.0,165.0,6.0,512.0,0.0,16.0,123490.0,0.0,0.0,LED,No,DDR5,nvidia,mid,Dell,Windows,intel,high,high
6112,1.66,141.0,4.0,3200.0,120.0,0.0,512.0,0.0,8.0,33289.0,0.0,0.0,LED,No,DDR4,intel,low,Dell,Windows,intel,low,low
6113,1.6,157.0,4.2,3200.0,60.0,4.0,512.0,0.0,8.0,187209.0,1.0,0.0,LED,No,DDR4,nvidia,low,Asus,Windows,amd,high,high
6115,1.53,162.0,4.8,3200.0,120.0,0.0,1024.0,0.0,16.0,82090.0,1.0,1.0,LED,No,LPDDR5,intel,mid,Dell,Windows,intel,high,mid
6116,1.8,141.0,2.4,3200.0,120.0,0.0,0.0,0.0,8.0,54342.0,1.0,1.0,LED,No,DDR4,intel,low,Asus,Google Chrome,intel,low,low
6117,1.5,157.0,2.1,2400.0,120.0,0.0,512.0,0.0,16.0,89664.0,0.0,1.0,LED,Yes,DDR4,intel,low,Asus,Google Chrome,intel,high,low
6118,2.1,141.0,2.8,3200.0,120.0,6.0,1024.0,0.0,16.0,84990.0,1.0,1.0,LED,No,DDR5,nvidia,mid,Acer,Windows,intel,mid,high
6119,4.23,168.0,5.8,5200.0,165.0,16.0,1024.0,0.0,64.0,459489.0,0.0,0.0,LED,No,DDR5,nvidia,high,Dell,Windows,intel,high,high
6120,1.5,157.0,3.4,3200.0,120.0,0.0,0.0,0.0,8.0,70722.0,1.0,1.0,LED,Yes,LPDDR3,intel,low,Asus,Google Chrome,intel,low,low
6122,2.81,141.0,4.8,4800.0,165.0,6.0,1024.0,0.0,16.0,126489.0,0.0,0.0,LED,No,DDR5,nvidia,mid,Dell,Windows,intel,high,high
6123,1.59,141.0,2.8,3200.0,120.0,0.0,512.0,0.0,8.0,45999.0,1.0,1.0,TFT LCD,No,DDR4,intel,low,Acer,Windows,intel,mid,low
6125,1.59,141.0,2.8,3200.0,120.0,0.0,512.0,0.0,8.0,43999.0,1.0,1.0,TFT LCD,No,DDR4,intel,low,Acer,Windows,intel,mid,low
6128,1.65,141.0,4.2,2666.0,120.0,0.0,512.0,0.0,16.0,56289.0,0.0,0.0,LED,No,DDR4,intel,mid,Dell,Windows,intel,mid,low
6129,1.56,218.0,4.8,3200.0,120.0,0.0,1024.0,0.0,32.0,181990.0,1.0,1.0,AMOLED,Yes,LPDDR5X,intel,mid,Samsung,Windows,intel,high,high
6130,1.75,141.0,4.6,4800.0,144.0,6.0,512.0,0.0,24.0,85491.0,0.0,0.0,LED,No,DDR5,nvidia,mid,Lenovo,Windows,intel,mid,high
6131,1.45,157.0,2.8,3200.0,120.0,0.0,512.0,0.0,8.0,34990.0,1.0,1.0,TFT LCD,No,DDR4,intel,low,Acer,Windows,intel,low,low
6132,1.45,157.0,2.8,3200.0,120.0,0.0,256.0,0.0,8.0,31990.0,1.0,1.0,TFT LCD,No,DDR4,intel,low,Acer,Windows,intel,low,low
6133,1.45,157.0,2.8,3200.0,120.0,0.0,512.0,0.0,8.0,32990.0,1.0,1.0,TFT LCD,No,DDR4,intel,low,Acer,Windows,intel,low,low
6135,1.75,142.0,5.0,5200.0,60.0,0.0,512.0,0.0,16.0,71490.0,0.0,0.0,LED,No,DDR5,intel,mid,Lenovo,Windows,intel,high,low
6136,1.75,157.0,5.0,3200.0,60.0,0.0,512.0,0.0,16.0,107990.0,0.0,0.0,LED,No,DDR4,intel,mid,Lenovo,Windows,intel,high,low
6137,1.75,142.0,2.0,3200.0,60.0,0.0,512.0,0.0,16.0,57991.0,0.0,0.0,LED,No,DDR4,amd,low,Lenovo,Windows,amd,high,low
6138,2.65,189.0,5.5,3200.0,120.0,8.0,1024.0,0.0,16.0,189999.0,1.0,1.0,TFT LCD,No,DDR5,nvidia,high,Acer,Windows,intel,high,high
6139,1.75,141.0,4.9,4800.0,144.0,8.0,512.0,0.0,24.0,110490.0,0.0,0.0,LED,No,DDR5,nvidia,mid,Lenovo,Windows,intel,high,high
6140,1.75,141.0,4.9,4800.0,144.0,6.0,512.0,0.0,24.0,95490.0,0.0,0.0,LED,No,DDR5,nvidia,mid,Lenovo,Windows,intel,high,high
6141,1.17,253.0,4.8,7467.0,120.0,0.0,1024.0,0.0,32.0,196689.0,0.0,0.0,OLED,Yes,LPDDR5X,intel,mid,Dell,Windows,intel,high,high
6142,1.75,141.0,4.9,4800.0,144.0,6.0,512.0,0.0,24.0,103491.0,0.0,0.0,LED,No,DDR5,nvidia,mid,Lenovo,Windows,intel,high,high
6143,1.75,162.0,4.8,5200.0,120.0,0.0,1024.0,0.0,16.0,88390.0,0.0,1.0,LED,Yes,DDR5,intel,low,Dell,Windows,intel,mid,low
6144,1.49,243.0,2.7,6400.0,120.0,0.0,512.0,0.0,16.0,86990.0,0.0,1.0,OLED,Yes,LPDDR5,amd,mid,Lenovo,Windows,amd,high,low
6145,1.89,138.0,4.7,5200.0,120.0,0.0,512.0,0.0,16.0,103490.0,0.0,1.0,IPS LCD,No,LPDDR5,intel,mid,Lenovo,Windows,intel,mid,high
6146,1.46,112.0,2.6,2400.0,120.0,0.0,0.0,0.0,4.0,35655.0,0.0,1.0,LED,No,LPDDR4,intel,low,HP,Google Chrome,intel,low,low
6147,1.0,141.0,3.0,3200.0,120.0,0.0,256.0,0.0,8.0,31700.0,0.0,1.0,LED,No,DDR4,intel,low,Lenovo,Windows,intel,low,low
6148,1.07,135.0,2.0,3733.0,120.0,0.0,0.0,0.0,4.0,35926.0,0.0,1.0,LED,No,LPDDR4,mediatek,low,HP,Google Chrome,mediatek,low,low
6149,1.38,112.0,4.2,3200.0,120.0,0.0,512.0,0.0,8.0,63799.0,0.0,1.0,LED,No,DDR4,intel,mid,HP,Windows,intel,mid,low
6150,1.89,142.0,3.3,4800.0,120.0,0.0,512.0,0.0,16.0,58990.0,0.0,1.0,LED,No,LPDDR5,intel,low,Lenovo,Windows,intel,mid,high
6151,1.59,157.0,1.3,3200.0,120.0,0.0,512.0,0.0,16.0,67750.0,0.0,1.0,LED,No,DDR4,intel,mid,Lenovo,DOS,intel,mid,low
6152,2.32,141.0,3.1,4800.0,120.0,4.0,512.0,0.0,16.0,73999.0,0.0,0.0,LED,No,DDR5,nvidia,mid,Lenovo,Windows,amd,high,high
6153,2.0,157.0,4.0,3200.0,120.0,0.0,512.0,0.0,16.0,145999.0,1.0,1.0,LED,No,DDR4,intel,low,Lenovo,Windows,intel,high,low
6154,1.85,147.0,1.0,7200.0,120.0,0.0,0.0,1024.0,8.0,49990.0,0.0,1.0,LED,No,DDR4,intel,low,Lenovo,Windows,intel,mid,low
6155,1.12,162.0,5.0,6400.0,120.0,0.0,1024.0,0.0,16.0,207500.0,0.0,1.0,LED,No,LPDDR5,intel,mid,Lenovo,Windows,intel,high,low
6156,1.65,141.0,3.0,3200.0,60.0,0.0,512.0,0.0,8.0,35990.0,0.0,0.0,LED,No,DDR4,intel,low,Lenovo,Windows,intel,low,low
6157,1.7,141.0,1.3,3200.0,120.0,0.0,512.0,0.0,8.0,61500.0,0.0,1.0,LED,No,DDR4,intel,low,Lenovo,Windows,intel,mid,low
6158,1.5,236.0,5.1,3200.0,120.0,0.0,1024.0,0.0,16.0,136890.0,1.0,0.0,OLED,No,LPDDR5X,intel,mid,Asus,Windows,intel,high,high
6159,1.7,141.0,4.7,3200.0,120.0,0.0,1024.0,0.0,16.0,84990.0,0.0,1.0,LED,No,DDR4,intel,mid,Lenovo,Windows,intel,high,low
6160,2.6,130.0,2.7,3200.0,165.0,4.0,1024.0,0.0,16.0,69990.0,0.0,0.0,LED,No,DDR4,nvidia,low,Asus,Windows,intel,mid,high
6161,1.5,236.0,4.8,7467.0,120.0,0.0,1024.0,0.0,16.0,116990.0,0.0,0.0,OLED,No,LPDDR5X,intel,mid,Asus,Windows,intel,high,high
6162,1.0,141.0,3.0,3200.0,120.0,0.0,512.0,0.0,8.0,35500.0,0.0,1.0,LED,No,DDR4,intel,low,Lenovo,Windows,intel,low,low
6163,1.4,157.0,4.2,3200.0,120.0,0.0,1024.0,0.0,16.0,69990.0,0.0,1.0,LED,No,DDR4,intel,mid,Lenovo,Windows,intel,mid,low
6164,1.7,141.0,4.2,3200.0,120.0,0.0,512.0,0.0,8.0,45750.0,0.0,1.0,LED,No,DDR4,intel,low,Lenovo,DOS,intel,low,low
6165,2.0,142.0,2.8,3200.0,120.0,0.0,1024.0,0.0,32.0,165750.0,1.0,1.0,LED,No,DDR4,intel,low,Lenovo,Windows,intel,high,mid
6166,1.8,141.0,4.7,3200.0,120.0,4.0,1024.0,0.0,32.0,166000.0,0.0,1.0,LED,No,DDR4,nvidia,mid,Lenovo,Windows,intel,high,mid
6167,2.7,130.0,4.7,3200.0,144.0,8.0,1024.0,0.0,16.0,96990.0,1.0,0.0,LED,No,DDR5,nvidia,mid,MSI,Windows,amd,high,high
6168,1.59,157.0,4.7,3200.0,120.0,0.0,512.0,0.0,16.0,104990.0,0.0,1.0,LED,No,DDR4,intel,mid,Lenovo,DOS,intel,high,mid
6169,1.59,157.0,4.2,3200.0,120.0,0.0,512.0,0.0,8.0,65999.0,0.0,1.0,LED,No,DDR4,intel,low,Lenovo,DOS,intel,mid,low
6170,1.59,157.0,4.2,3200.0,120.0,0.0,512.0,0.0,8.0,67999.0,0.0,1.0,LED,No,DDR4,intel,low,Lenovo,DOS,intel,mid,low
6171,1.7,141.0,2.3,3200.0,120.0,0.0,512.0,0.0,8.0,38990.0,0.0,1.0,LED,No,DDR4,amd,low,Lenovo,Windows,amd,low,low
6172,1.77,157.0,2.1,3200.0,120.0,0.0,256.0,0.0,4.0,49999.0,1.0,1.0,LED,No,DDR4,intel,low,Lenovo,Windows,intel,low,low
6173,1.75,157.0,3.3,3200.0,120.0,0.0,512.0,0.0,16.0,65800.0,0.0,1.0,LED,No,DDR4,intel,mid,Lenovo,DOS,intel,mid,low
6174,1.59,157.0,3.0,3200.0,120.0,0.0,256.0,0.0,8.0,55990.0,0.0,1.0,LED,No,DDR4,intel,low,Lenovo,Windows,intel,low,low
6175,1.73,142.0,5.4,5600.0,120.0,12.0,2048.0,0.0,32.0,422440.0,0.0,0.0,LED,No,DDR5,nvidia,high,HP,Windows,intel,high,high
6176,1.38,157.0,4.2,3200.0,120.0,0.0,512.0,0.0,8.0,69967.0,0.0,1.0,LED,No,DDR4,amd,low,HP,Windows,amd,mid,low
6177,1.99,141.0,2.8,3200.0,60.0,4.0,512.0,0.0,8.0,55990.0,1.0,0.0,LED,No,DDR4,nvidia,low,Acer,Windows,intel,mid,high
6178,1.75,162.0,4.0,5200.0,60.0,0.0,512.0,0.0,16.0,80490.0,0.0,0.0,LED,Yes,LPDDR5X,intel,low,Lenovo,Windows,intel,mid,low
6179,1.45,162.0,4.6,5200.0,120.0,0.0,512.0,0.0,16.0,112999.0,0.0,1.0,LED,No,DDR5,intel,mid,HP,Windows,intel,mid,low
6180,1.73,142.0,5.4,5600.0,120.0,12.0,1024.0,0.0,32.0,408870.0,0.0,0.0,LED,No,DDR5,nvidia,high,HP,Windows,intel,high,high
6182,1.75,162.0,4.0,5200.0,60.0,0.0,512.0,0.0,16.0,91990.0,0.0,0.0,LED,No,LPDDR5X,intel,low,Lenovo,Windows,intel,high,low
6184,2.4,142.0,5.0,5600.0,120.0,12.0,1024.0,0.0,32.0,374935.0,0.0,0.0,LED,No,DDR5,nvidia,high,HP,Windows,intel,high,high
6185,1.72,142.0,4.6,5200.0,120.0,0.0,512.0,0.0,16.0,113999.0,0.0,0.0,LED,No,DDR5,intel,mid,HP,Windows,intel,mid,low
6187,1.7,141.0,4.2,3200.0,120.0,0.0,512.0,0.0,8.0,57990.0,0.0,1.0,LED,No,DDR4,intel,low,Lenovo,DOS,intel,mid,low
6188,1.72,142.0,5.0,5200.0,120.0,4.0,1024.0,0.0,32.0,172752.0,0.0,1.0,LED,No,DDR5,nvidia,mid,HP,Windows,intel,high,low
6189,1.75,142.0,2.0,3200.0,120.0,0.0,512.0,0.0,16.0,42491.0,0.0,1.0,LED,No,DDR4,amd,low,Lenovo,Windows,amd,mid,low
6190,2.01,141.0,5.4,5200.0,120.0,8.0,1024.0,0.0,32.0,284990.0,0.0,0.0,LED,No,DDR5,nvidia,high,HP,Windows,intel,high,high
6191,1.73,142.0,5.0,5600.0,120.0,12.0,1024.0,0.0,32.0,368160.0,0.0,0.0,LED,No,DDR5,nvidia,high,HP,Windows,intel,high,high
6193,1.34,157.0,3.3,3200.0,120.0,0.0,512.0,0.0,8.0,71990.0,1.0,1.0,TFT LCD,No,DDR4,intel,mid,Acer,Windows,intel,mid,low
6194,1.88,142.0,5.4,3200.0,60.0,0.0,1024.0,0.0,16.0,89990.0,0.0,0.0,LED,No,DDR4,intel,mid,Asus,Windows,intel,high,high
6195,1.75,141.0,1.8,3200.0,60.0,0.0,512.0,0.0,16.0,46991.0,0.0,0.0,LED,No,DDR4,amd,low,Lenovo,Windows,amd,high,low
6196,1.34,157.0,3.3,3200.0,120.0,0.0,512.0,0.0,16.0,74990.0,1.0,1.0,TFT LCD,No,DDR4,intel,mid,Acer,Windows,intel,mid,low
6197,1.75,162.0,4.2,6400.0,60.0,0.0,512.0,0.0,16.0,72690.0,0.0,0.0,LED,Yes,LPDDR5X,amd,mid,Lenovo,Windows,amd,mid,high
6198,1.45,162.0,2.8,3200.0,120.0,0.0,256.0,0.0,16.0,54990.0,1.0,1.0,TFT LCD,No,LPDDR5X,amd,low,Acer,Google Chrome,amd,mid,low
6199,2.4,141.0,3.3,3200.0,120.0,4.0,512.0,0.0,16.0,70790.0,1.0,0.0,LED,No,DDR4,nvidia,low,Lenovo,Windows,amd,mid,high
6200,1.75,166.0,1.8,2400.0,120.0,0.0,512.0,0.0,16.0,96990.0,0.0,1.0,LED,Yes,DDR4,intel,low,Dell,Windows,intel,high,low
6201,2.3,141.0,4.7,3200.0,300.0,8.0,1024.0,0.0,16.0,146990.0,0.0,0.0,LED,No,DDR4,nvidia,high,Asus,Windows,amd,high,high
6202,2.2,141.0,1.0,2666.0,120.0,2.0,256.0,1024.0,8.0,68428.0,0.0,1.0,LED,No,DDR4,nvidia,low,Dell,Windows,intel,mid,low
6203,1.88,141.0,2.2,2400.0,120.0,6.0,512.0,0.0,16.0,184790.0,0.0,1.0,LED,No,DDR4,nvidia,mid,MSI,Windows,intel,high,high
6204,1.69,157.0,1.8,3200.0,120.0,2.0,128.0,1024.0,16.0,79990.0,1.0,1.0,LED,No,DDR4,amd,mid,Lenovo,Windows,intel,high,low
6205,1.59,157.0,1.7,3200.0,120.0,0.0,256.0,0.0,8.0,47899.0,1.0,1.0,LED,No,DDR4,intel,low,Lenovo,DOS,intel,low,low
6206,2.8,127.0,4.9,3200.0,144.0,8.0,1024.0,0.0,16.0,109990.0,1.0,0.0,LED,No,DDR5,nvidia,mid,MSI,Windows,intel,high,high
6207,1.59,157.0,3.0,3200.0,120.0,0.0,256.0,0.0,4.0,42490.0,0.0,1.0,LED,No,DDR4,intel,low,Lenovo,Windows,intel,low,low
6208,1.41,157.0,4.7,3200.0,120.0,0.0,512.0,0.0,8.0,62999.0,0.0,1.0,LED,No,DDR4,intel,mid,HP,Windows,intel,mid,low
6209,2.25,141.0,3.3,3200.0,120.0,4.0,512.0,0.0,8.0,69990.0,1.0,0.0,LED,No,DDR4,nvidia,mid,Lenovo,Windows,amd,mid,high
6210,2.37,141.0,3.0,3200.0,120.0,6.0,512.0,0.0,16.0,104990.0,0.0,1.0,LED,No,DDR4,nvidia,low,HP,Windows,amd,mid,high
6211,1.8,141.0,2.6,3200.0,120.0,0.0,0.0,1024.0,4.0,35990.0,1.0,1.0,LED,No,DDR4,amd,low,Asus,Windows,amd,low,low
6212,1.0,162.0,4.6,6400.0,60.0,0.0,512.0,0.0,16.0,79990.0,0.0,0.0,LED,No,LPDDR5,intel,mid,Other,Windows,intel,mid,low
6213,1.69,141.0,4.0,3200.0,120.0,0.0,512.0,0.0,8.0,39990.0,1.0,0.0,IPS LCD,No,DDR4,amd,low,Dell,Windows,amd,mid,low
6214,1.8,141.0,2.4,3200.0,120.0,2.0,512.0,0.0,8.0,66990.0,1.0,1.0,LED,No,DDR4,nvidia,mid,Asus,Windows,intel,mid,low
6215,1.49,157.0,5.5,3200.0,120.0,0.0,1024.0,0.0,16.0,110190.0,1.0,1.0,OLED,Yes,LPDDR5,intel,low,Lenovo,Windows,intel,high,mid
6216,2.4,141.0,1.6,2400.0,120.0,4.0,0.0,1024.0,8.0,56744.0,0.0,1.0,LED,No,DDR4,nvidia,low,Lenovo,Windows,intel,mid,low
6218,2.29,141.0,4.2,3200.0,120.0,4.0,512.0,0.0,16.0,76990.0,0.0,1.0,LED,No,DDR4,nvidia,mid,HP,Windows,amd,high,high
6219,2.7,141.0,1.8,2133.0,120.0,2.0,0.0,1024.0,4.0,74518.0,0.0,1.0,LED,No,DDR4,nvidia,low,Acer,Windows,intel,high,low
6220,1.9,189.0,4.7,5200.0,120.0,0.0,1024.0,0.0,16.0,80499.0,0.0,1.0,LED,No,LPDDR5,intel,mid,Lenovo,Windows,intel,mid,high
6221,1.5,157.0,2.1,3200.0,120.0,0.0,512.0,0.0,8.0,56290.0,0.0,1.0,LED,No,DDR4,amd,low,Dell,Windows,amd,mid,low
6223,1.65,141.0,3.3,3200.0,120.0,4.0,1024.0,0.0,16.0,115000.0,1.0,1.0,OLED,No,DDR5,nvidia,mid,Asus,Windows,amd,high,high
6225,1.27,166.0,1.3,3200.0,120.0,0.0,512.0,0.0,16.0,162990.0,0.0,1.0,LED,Yes,LPDDR3,intel,low,HP,Windows,intel,high,low
6226,2.7,127.0,2.6,3200.0,144.0,6.0,256.0,2048.0,8.0,96990.0,1.0,0.0,LED,No,DDR4,nvidia,mid,Acer,Windows,intel,high,high
6227,0.92,226.0,1.2,1866.0,120.0,0.0,512.0,0.0,8.0,109990.0,0.0,1.0,LED,No,LPDDR3,intel,low,Apple,macOS,intel,mid,mid
6228,2.7,127.0,2.8,3200.0,300.0,8.0,1024.0,0.0,16.0,150990.0,0.0,0.0,LED,No,DDR4,nvidia,high,Asus,Windows,amd,high,high
6229,1.69,141.0,2.8,3200.0,60.0,0.0,512.0,0.0,8.0,46499.0,0.0,0.0,LED,No,DDR4,intel,low,Dell,Windows,intel,mid,low
6230,1.0,154.0,4.2,3200.0,120.0,0.0,256.0,0.0,8.0,113990.0,1.0,0.0,LED,Yes,LPDDR5,intel,low,Other,Windows,intel,mid,low
6231,1.7,157.0,2.2,2400.0,120.0,0.0,0.0,1024.0,4.0,44990.0,0.0,1.0,LED,Yes,DDR4,intel,low,Lenovo,Windows,intel,low,low
6232,2.4,141.0,4.1,2666.0,120.0,8.0,512.0,1024.0,16.0,209990.0,0.0,1.0,LED,No,DDR4,nvidia,high,Asus,Windows,intel,high,high
6233,1.17,243.0,5.0,3200.0,120.0,0.0,512.0,0.0,16.0,139990.0,1.0,0.0,AMOLED,No,DDR4,intel,mid,Samsung,Windows,intel,high,mid
6234,1.32,166.0,2.0,3200.0,120.0,0.0,512.0,0.0,16.0,88400.0,0.0,1.0,LED,Yes,DDR4,amd,low,HP,Windows,amd,high,low
6235,2.2,100.0,2.5,2133.0,120.0,2.0,0.0,1024.0,4.0,53190.0,0.0,1.0,LED,No,DDR4,nvidia,low,Lenovo,Windows,intel,mid,low
6236,1.56,212.0,5.0,3200.0,120.0,0.0,1024.0,0.0,16.0,131999.0,1.0,0.0,AMOLED,No,DDR4,intel,mid,Samsung,Windows,intel,high,mid
6237,1.75,212.0,5.0,3200.0,120.0,0.0,512.0,0.0,16.0,112990.0,1.0,1.0,AMOLED,No,DDR4,intel,mid,Samsung,Windows,intel,high,mid
6238,1.17,243.0,4.6,3200.0,120.0,0.0,512.0,0.0,16.0,97150.0,1.0,0.0,AMOLED,No,DDR4,intel,mid,Samsung,Windows,intel,mid,mid
6239,1.27,166.0,1.6,3200.0,120.0,0.0,512.0,0.0,8.0,79990.0,1.0,1.0,LED,No,LPDDR3,intel,low,Asus,Windows,intel,mid,low
6241,2.29,141.0,4.7,3200.0,144.0,4.0,512.0,0.0,8.0,86990.0,0.0,0.0,LED,No,DDR4,nvidia,mid,HP,Windows,intel,high,high
6242,2.32,182.0,4.7,3200.0,165.0,8.0,1024.0,0.0,16.0,123900.0,1.0,0.0,LED,No,DDR5,nvidia,high,HP,Windows,intel,high,high
6243,2.5,141.0,2.8,2133.0,120.0,4.0,128.0,1024.0,8.0,97591.0,0.0,1.0,LED,No,DDR4,nvidia,low,Asus,Windows,intel,high,high
6245,1.17,243.0,2.2,3200.0,120.0,0.0,1024.0,0.0,16.0,155990.0,1.0,0.0,AMOLED,No,DDR4,intel,mid,Samsung,Windows,intel,high,mid
6246,2.15,100.0,2.0,3200.0,120.0,0.0,0.0,1024.0,4.0,42877.0,1.0,1.0,LED,Yes,DDR4,intel,low,Acer,Windows,intel,low,low
6247,1.91,138.0,2.3,3200.0,60.0,0.0,512.0,0.0,8.0,79287.0,1.0,0.0,LED,No,DDR4,amd,low,Dell,Windows,amd,mid,low
6248,1.0,166.0,1.6,2400.0,120.0,0.0,256.0,0.0,8.0,136590.0,0.0,1.0,LED,Yes,DDR4,intel,low,HP,Windows,intel,mid,low
6249,1.5,141.0,3.3,3200.0,300.0,6.0,1024.0,0.0,16.0,151690.0,1.0,0.0,LED,No,DDR5,nvidia,mid,Asus,Windows,amd,high,high
6250,1.48,141.0,2.3,3200.0,120.0,0.0,512.0,0.0,16.0,44528.0,0.0,1.0,LED,No,DDR4,amd,low,Dell,Windows,amd,mid,low
6251,1.27,166.0,2.4,3733.0,120.0,0.0,512.0,0.0,8.0,97990.0,0.0,1.0,LED,Yes,LPDDR4X,intel,mid,HP,Windows,intel,mid,low
6252,1.75,157.0,4.2,3200.0,120.0,0.0,512.0,0.0,8.0,69000.0,1.0,1.0,LED,Yes,DDR4,amd,low,Asus,Windows,amd,mid,high
6253,2.6,141.0,4.2,2933.0,120.0,4.0,512.0,0.0,16.0,82499.0,0.0,0.0,LED,No,DDR4,nvidia,mid,Dell,Windows,amd,high,high
6254,1.0,166.0,5.0,6400.0,30.0,0.0,1024.0,0.0,16.0,109990.0,0.0,0.0,LED,Yes,LPDDR5,intel,mid,Other,Windows,intel,high,mid
6255,2.1,141.0,2.6,2666.0,144.0,8.0,1024.0,0.0,24.0,184990.0,0.0,0.0,LED,No,DDR4,nvidia,high,Asus,Windows,intel,high,high
6258,1.64,141.0,3.0,3200.0,120.0,2.0,1024.0,0.0,16.0,91090.0,0.0,1.0,LED,No,DDR4,nvidia,mid,Dell,Windows,intel,high,high
6259,2.52,141.0,4.7,3200.0,120.0,6.0,512.0,0.0,16.0,81990.0,1.0,0.0,LED,No,DDR5,nvidia,mid,Dell,Windows,amd,high,high
6260,1.6,157.0,4.1,2400.0,120.0,0.0,0.0,1024.0,4.0,34990.0,0.0,1.0,LED,No,DDR4,intel,low,Asus,Windows,intel,low,low
6261,1.7,141.0,2.4,3200.0,120.0,0.0,512.0,0.0,8.0,49650.0,1.0,1.0,LED,No,DDR4,intel,mid,Acer,Windows,intel,mid,low
6262,2.32,137.0,4.2,3200.0,144.0,4.0,512.0,0.0,8.0,71990.0,0.0,0.0,LED,No,DDR4,nvidia,low,HP,Windows,amd,mid,high
6263,1.45,166.0,1.6,2133.0,120.0,0.0,256.0,0.0,8.0,86220.0,0.0,1.0,LED,Yes,DDR4,intel,low,Dell,Windows,intel,mid,low
6264,1.7,141.0,1.3,3200.0,60.0,0.0,1024.0,0.0,16.0,63990.0,0.0,0.0,Other,No,DDR4,intel,mid,Lenovo,Windows,intel,mid,low
6265,1.18,169.0,2.5,3200.0,120.0,4.0,1024.0,0.0,16.0,179990.0,1.0,0.0,LED,Yes,LPDDR5,nvidia,mid,Asus,Windows,intel,high,high
6266,1.6,112.0,1.6,2400.0,120.0,0.0,0.0,1024.0,4.0,39990.0,0.0,1.0,LED,No,DDR4,intel,low,HP,Windows,intel,mid,low
6267,1.3,166.0,1.0,3200.0,120.0,0.0,512.0,0.0,4.0,61990.0,1.0,1.0,LED,Yes,DDR3,intel,low,Asus,Windows,intel,low,low
6268,1.53,157.0,2.4,2133.0,120.0,0.0,0.0,1024.0,4.0,52188.0,0.0,1.0,LED,No,DDR4,intel,low,HP,Windows,intel,low,low
6269,1.58,141.0,4.8,3200.0,120.0,0.0,1024.0,0.0,16.0,64771.0,1.0,1.0,LED,No,LPDDR4X,intel,mid,Other,Windows,intel,high,low
6271,1.13,149.0,3.4,3200.0,120.0,0.0,256.0,0.0,8.0,62990.0,1.0,0.0,LED,Yes,LPDDR5,intel,mid,Other,Windows,intel,mid,low
6272,1.5,162.0,4.6,5200.0,60.0,0.0,1024.0,0.0,16.0,89990.0,0.0,0.0,OLED,Yes,LPDDR5,intel,mid,Lenovo,Windows,intel,mid,mid
6273,1.7,141.0,2.4,3200.0,60.0,2.0,512.0,0.0,8.0,41990.0,1.0,0.0,LED,No,DDR4,nvidia,mid,Acer,Windows,intel,mid,low
6274,1.7,141.0,1.7,3200.0,120.0,0.0,512.0,0.0,8.0,48460.0,0.0,1.0,LED,No,DDR4,intel,mid,Asus,Windows,intel,mid,mid
6275,1.7,141.0,3.4,3200.0,120.0,0.0,512.0,0.0,8.0,40990.0,0.0,1.0,LED,No,DDR4,amd,low,Lenovo,DOS,amd,mid,low
6276,1.63,243.0,4.8,3200.0,120.0,8.0,1024.0,0.0,16.0,125990.0,1.0,0.0,OLED,No,LPDDR5X,nvidia,mid,HP,Windows,intel,high,high
6277,1.62,141.0,4.5,2666.0,120.0,0.0,512.0,0.0,8.0,37200.0,0.0,0.0,LED,No,DDR4,intel,low,Dell,Windows,intel,low,low
6278,1.25,243.0,4.7,3200.0,120.0,0.0,512.0,0.0,16.0,92999.0,1.0,1.0,OLED,No,LPDDR5,intel,mid,Acer,Windows,intel,mid,high
6279,1.49,162.0,5.0,3200.0,60.0,0.0,1024.0,0.0,16.0,109990.0,1.0,0.0,LED,No,LPDDR5,intel,mid,MSI,Windows,intel,high,high
6280,1.4,157.0,4.2,3200.0,60.0,0.0,512.0,0.0,8.0,42711.0,0.0,0.0,LED,No,DDR4,intel,mid,MSI,Windows,intel,mid,low
6281,1.6,141.0,3.0,3200.0,120.0,0.0,0.0,1024.0,8.0,37500.0,1.0,1.0,LED,No,DDR4,intel,low,Asus,Windows,intel,low,low
6282,1.25,157.0,1.6,2400.0,120.0,0.0,512.0,0.0,8.0,79990.0,0.0,1.0,LED,No,DDR4,intel,low,Asus,Windows,intel,mid,low
6283,2.15,254.0,3.5,3200.0,120.0,0.0,512.0,0.0,16.0,233990.0,1.0,1.0,LED,No,DDR4,intel,low,Apple,macOS,apple,high,high
6284,2.6,141.0,3.8,2400.0,120.0,6.0,128.0,1024.0,16.0,139990.0,0.0,1.0,LED,No,DDR4,nvidia,mid,Asus,Windows,intel,high,high
6285,1.7,185.0,1.1,5200.0,60.0,0.0,1024.0,0.0,16.0,329990.0,0.0,0.0,OLED,Yes,LPDDR5,intel,mid,Asus,Windows,intel,high,low
6286,1.72,216.0,4.7,3200.0,120.0,8.0,1024.0,0.0,16.0,167990.0,1.0,0.0,LED,No,DDR5,amd,high,Asus,Windows,amd,high,high
6287,1.85,141.0,1.2,3200.0,120.0,0.0,256.0,0.0,4.0,32990.0,1.0,1.0,LED,No,DDR4,intel,low,Lenovo,Windows,intel,low,low
6288,1.2,135.0,1.1,3200.0,120.0,0.0,128.0,0.0,8.0,37999.0,1.0,1.0,LED,No,DDR4,intel,low,Acer,Windows,intel,low,low
6289,1.5,162.0,3.3,4266.0,120.0,0.0,512.0,0.0,8.0,63800.0,0.0,1.0,LED,No,LPDDR4X,intel,low,Lenovo,Windows,intel,low,low
6290,2.0,282.0,2.0,2666.0,120.0,4.0,1024.0,0.0,32.0,248990.0,0.0,1.0,LED,No,DDR4,nvidia,low,Dell,Windows,intel,high,high
6291,1.85,157.0,4.8,3200.0,60.0,0.0,512.0,0.0,8.0,77499.0,0.0,0.0,LED,Yes,DDR4,intel,low,Dell,Windows,intel,mid,low
6292,1.65,141.0,3.3,3200.0,120.0,2.0,512.0,0.0,8.0,70426.0,0.0,0.0,LED,No,DDR4,nvidia,mid,Dell,Windows,intel,mid,low
6293,1.65,157.0,2.1,2400.0,120.0,2.0,1024.0,0.0,8.0,82190.0,0.0,1.0,LED,Yes,DDR4,nvidia,low,Lenovo,Windows,intel,low,low
6294,2.65,141.0,2.3,2933.0,120.0,4.0,512.0,0.0,16.0,102990.0,0.0,1.0,LED,No,DDR4,nvidia,mid,Dell,Windows,intel,high,high
6295,1.3,164.0,3.3,3200.0,120.0,4.0,1024.0,0.0,32.0,110862.0,1.0,0.0,LED,Yes,LPDDR5,nvidia,mid,Asus,Windows,amd,high,high
6296,2.0,188.0,2.3,3200.0,165.0,6.0,1024.0,0.0,16.0,119990.0,1.0,0.0,LED,No,DDR5,nvidia,mid,Asus,Windows,intel,high,high
6297,1.38,189.0,1.9,3200.0,60.0,0.0,1024.0,0.0,16.0,84990.0,1.0,0.0,LED,No,DDR4,amd,low,Lenovo,Windows,amd,high,low
6298,2.9,127.0,2.2,2400.0,120.0,6.0,0.0,1024.0,16.0,145990.0,0.0,1.0,LED,No,DDR4,nvidia,mid,MSI,Windows,intel,high,high
6299,1.85,141.0,3.0,2666.0,60.0,0.0,256.0,1024.0,8.0,56990.0,0.0,0.0,LED,No,DDR4,intel,low,Dell,Windows,intel,mid,low
6300,2.29,141.0,4.7,4800.0,144.0,4.0,512.0,0.0,8.0,51490.0,0.0,0.0,LED,No,DDR5,nvidia,low,HP,Windows,amd,mid,high
6301,1.59,157.0,2.8,3200.0,120.0,0.0,1024.0,0.0,16.0,97990.0,1.0,1.0,LED,No,DDR4,intel,low,Lenovo,Windows,intel,high,low
6302,2.4,141.0,2.6,2400.0,144.0,6.0,512.0,0.0,16.0,184990.0,0.0,0.0,LED,No,DDR4,nvidia,mid,MSI,Windows,intel,high,high
6303,1.6,157.0,1.6,3200.0,120.0,2.0,512.0,0.0,8.0,66490.0,1.0,1.0,LED,No,DDR4,nvidia,low,Asus,DOS,intel,mid,low
6304,1.19,157.0,1.8,2133.0,120.0,2.0,512.0,0.0,8.0,100990.0,0.0,1.0,LED,No,DDR3,nvidia,low,Asus,Windows,intel,high,low
6305,1.65,141.0,2.8,3200.0,120.0,0.0,512.0,0.0,16.0,62990.0,0.0,1.0,LED,No,DDR4,intel,mid,Lenovo,Windows,intel,high,low
6306,2.5,189.0,5.6,4800.0,240.0,12.0,1024.0,0.0,32.0,229990.0,0.0,0.0,LED,No,DDR5,nvidia,high,Asus,Windows,intel,high,high
6307,1.5,250.0,5.0,5200.0,120.0,6.0,1024.0,0.0,16.0,124990.0,0.0,0.0,LED,No,LPDDR5,nvidia,mid,Lenovo,Windows,intel,high,high
6308,2.2,141.0,1.8,2400.0,120.0,2.0,0.0,1024.0,8.0,55190.0,0.0,1.0,LED,No,DDR4,nvidia,low,Asus,Windows,intel,high,low
6309,2.7,127.0,5.0,3200.0,144.0,8.0,1024.0,0.0,16.0,139000.0,1.0,0.0,LED,No,DDR5,nvidia,high,MSI,Windows,intel,high,high
6310,2.4,141.0,2.2,2666.0,120.0,6.0,256.0,1024.0,16.0,164990.0,0.0,1.0,LED,No,DDR4,nvidia,mid,Asus,Windows,intel,high,high
6311,1.63,141.0,3.3,3200.0,120.0,2.0,256.0,1024.0,8.0,79990.0,0.0,0.0,LED,No,DDR4,nvidia,mid,Dell,Windows,intel,mid,low
6312,2.15,254.0,3.5,3200.0,120.0,0.0,1024.0,0.0,16.0,248490.0,1.0,0.0,LED,No,DDR4,intel,low,Apple,macOS,apple,high,high
6313,1.37,247.0,1.0,1866.0,120.0,0.0,128.0,0.0,4.0,42490.0,0.0,1.0,LED,Yes,LPDDR3,intel,low,Other,Windows,intel,low,low
6314,2.07,141.0,1.0,2666.0,120.0,0.0,256.0,1024.0,8.0,71724.0,0.0,1.0,LED,No,DDR4,nvidia,low,Dell,Windows,intel,mid,low
6315,1.66,267.0,2.2,3200.0,120.0,0.0,128.0,0.0,8.0,86799.0,1.0,1.0,LED,Yes,LPDDR4X,intel,mid,Other,Windows,intel,mid,low
6316,1.46,157.0,2.2,2133.0,120.0,0.0,128.0,0.0,8.0,38990.0,0.0,1.0,LED,No,DDR4,intel,low,Other,Windows,intel,low,low
6318,1.56,212.0,4.8,3200.0,120.0,0.0,1024.0,0.0,32.0,176990.0,1.0,1.0,AMOLED,Yes,LPDDR4X,intel,mid,Samsung,Windows,intel,high,high
6320,1.46,157.0,2.4,4266.0,120.0,0.0,0.0,0.0,8.0,31999.0,0.0,1.0,LED,No,LPDDR4X,qualcomm,low,HP,Windows,qualcomm,low,low
6321,2.39,189.0,3.4,3200.0,165.0,8.0,1024.0,0.0,16.0,119900.0,1.0,0.0,LED,No,DDR5,nvidia,mid,Lenovo,Windows,amd,high,high
6322,1.2,192.0,1.1,1866.0,120.0,0.0,128.0,0.0,8.0,77690.0,0.0,1.0,LED,Yes,LPDDR3,intel,low,HP,Windows,intel,low,low
6323,1.8,142.0,2.0,3200.0,120.0,4.0,512.0,0.0,16.0,62990.0,0.0,0.0,LED,No,DDR4,nvidia,low,Asus,Windows,intel,mid,high
6324,1.7,141.0,3.0,3200.0,120.0,0.0,256.0,1024.0,8.0,41066.0,0.0,1.0,LED,No,DDR4,intel,low,Lenovo,Windows,intel,low,low
6325,2.5,189.0,5.6,4800.0,240.0,8.0,1024.0,0.0,16.0,189990.0,0.0,0.0,LED,No,DDR5,nvidia,high,Asus,Windows,intel,high,high
6326,1.9,141.0,4.2,3200.0,240.0,0.0,1024.0,0.0,16.0,149990.0,0.0,0.0,LED,No,DDR4,amd,high,MSI,Windows,amd,high,high
6327,1.74,100.0,3.0,3200.0,120.0,0.0,256.0,0.0,8.0,47490.0,0.0,1.0,LED,No,DDR4,intel,low,HP,Windows,intel,low,low
6328,0.99,170.0,5.0,3200.0,120.0,0.0,1024.0,0.0,16.0,109990.0,1.0,1.0,LED,No,LPDDR5,intel,mid,MSI,Windows,intel,high,mid
6329,2.5,178.0,3.3,3200.0,120.0,0.0,512.0,0.0,8.0,119273.0,1.0,1.0,LED,No,LPDDR5,intel,mid,Other,Windows,intel,mid,mid
6330,2.29,141.0,4.2,3200.0,144.0,4.0,512.0,0.0,8.0,65790.0,0.0,0.0,LED,No,DDR4,nvidia,mid,HP,Windows,intel,mid,high
6331,1.58,162.0,4.6,4800.0,120.0,0.0,512.0,0.0,8.0,72990.0,0.0,1.0,LED,Yes,LPDDR5,intel,mid,Dell,Windows,intel,mid,low
6332,2.3,141.0,2.6,3200.0,120.0,6.0,1024.0,0.0,16.0,105990.0,0.0,1.0,LED,No,DDR4,nvidia,mid,Asus,Windows,intel,high,high
6333,1.65,162.0,4.7,3200.0,144.0,8.0,1024.0,0.0,16.0,131990.0,1.0,0.0,LED,No,DDR5,amd,high,Asus,Windows,amd,high,high
6334,1.95,138.0,3.3,3200.0,120.0,4.0,1024.0,0.0,16.0,129990.0,0.0,1.0,OLED,No,DDR4,nvidia,mid,Asus,Windows,amd,high,high
6335,2.3,141.0,2.4,2666.0,120.0,3.0,256.0,1024.0,8.0,92990.0,0.0,1.0,LED,No,DDR4,nvidia,low,Lenovo,Windows,intel,mid,high
6336,2.32,141.0,2.2,2666.0,120.0,6.0,0.0,1024.0,16.0,146865.0,0.0,1.0,LED,No,DDR4,nvidia,mid,HP,Windows,intel,high,high
6337,3.65,141.0,2.6,3200.0,300.0,8.0,1024.0,0.0,16.0,152990.0,1.0,0.0,LED,No,DDR4,nvidia,high,HP,Windows,intel,high,high
6339,1.69,157.0,4.6,3200.0,60.0,0.0,512.0,0.0,16.0,68399.0,0.0,0.0,LED,Yes,DDR4,intel,low,HP,Windows,intel,mid,low
6340,1.32,166.0,1.8,2400.0,120.0,0.0,512.0,0.0,16.0,281502.0,0.0,1.0,LED,Yes,DDR4,intel,low,HP,Windows,intel,high,low
6341,2.1,188.0,2.8,3200.0,165.0,16.0,1024.0,0.0,16.0,124191.0,0.0,0.0,LED,No,DDR4,nvidia,high,MSI,Windows,intel,high,high
6342,2.7,141.0,2.2,2400.0,120.0,4.0,16.0,1024.0,8.0,59990.0,0.0,1.0,LED,No,DDR4,nvidia,low,Acer,Windows,intel,high,high
6343,2.32,137.0,4.7,3200.0,144.0,4.0,1024.0,0.0,16.0,101999.0,0.0,0.0,LED,No,DDR4,nvidia,mid,HP,Windows,intel,high,high
6344,1.8,141.0,2.8,2933.0,120.0,0.0,256.0,0.0,8.0,21490.0,0.0,1.0,LED,No,DDR4,intel,low,Lenovo,DOS,intel,low,low
6345,1.26,157.0,4.0,3200.0,120.0,0.0,512.0,0.0,8.0,86990.0,1.0,1.0,LED,No,LPDDR4X,amd,low,Asus,Windows,amd,mid,low
6347,2.2,100.0,2.5,2133.0,120.0,2.0,0.0,1024.0,8.0,69890.0,0.0,1.0,LED,No,DDR4,nvidia,low,Lenovo,Windows,intel,mid,low
6348,1.98,141.0,2.5,2933.0,120.0,4.0,512.0,0.0,8.0,69096.0,0.0,1.0,LED,No,DDR4,nvidia,low,HP,Windows,intel,mid,high
6349,1.68,141.0,2.3,3200.0,120.0,0.0,512.0,0.0,8.0,64694.0,0.0,0.0,LED,No,DDR4,amd,low,Dell,Windows,amd,mid,low
6350,0.56,236.0,2.4,2133.0,120.0,0.0,0.0,0.0,8.0,39999.0,0.0,1.0,LED,Yes,LPDDR4X,qualcomm,low,HP,Google Chrome,qualcomm,low,low
6351,1.3,166.0,1.6,2400.0,120.0,0.0,256.0,0.0,8.0,73990.0,0.0,1.0,LED,No,DDR4,intel,low,HP,Windows,intel,mid,low
6352,2.3,188.0,5.0,1445.0,240.0,16.0,512.0,0.0,32.0,188000.0,0.0,0.0,LED,No,DDR4,nvidia,high,Asus,Windows,intel,high,high
6354,1.6,156.0,5.0,4800.0,120.0,0.0,1024.0,0.0,16.0,79990.0,0.0,0.0,IPS LCD,No,LPDDR5,intel,mid,Dell,Windows,intel,high,low
6356,1.17,169.0,3.3,3200.0,60.0,0.0,512.0,0.0,16.0,121299.0,1.0,0.0,LED,No,LPDDR5,intel,mid,Dell,Windows,intel,mid,low
6357,1.75,141.0,2.8,3200.0,120.0,4.0,1024.0,0.0,8.0,66990.0,1.0,1.0,LED,No,DDR4,nvidia,mid,Asus,Windows,intel,mid,high
6358,2.6,127.0,4.7,3200.0,144.0,4.0,512.0,0.0,16.0,93446.0,1.0,0.0,LED,No,DDR4,nvidia,mid,MSI,Windows,intel,high,high
6359,2.18,141.0,2.5,2400.0,120.0,4.0,128.0,1024.0,8.0,76990.0,0.0,1.0,LED,No,DDR4,nvidia,low,HP,Windows,intel,mid,high
6360,1.77,141.0,4.6,3200.0,120.0,0.0,512.0,0.0,16.0,74999.0,1.0,1.0,LED,Yes,LPDDR5,intel,mid,HP,Windows,intel,mid,low
6361,1.3,243.0,4.8,3200.0,120.0,0.0,1024.0,0.0,16.0,95990.0,1.0,1.0,OLED,No,LPDDR5X,intel,mid,Acer,Windows,intel,high,high
6362,1.3,166.0,1.8,2133.0,120.0,0.0,512.0,0.0,8.0,85031.0,0.0,1.0,LED,Yes,LPDDR3,intel,low,Asus,Windows,intel,high,low
6363,1.92,141.0,4.2,3200.0,120.0,0.0,512.0,0.0,16.0,68475.0,1.0,1.0,LED,No,DDR4,amd,low,Asus,Windows,amd,mid,high
6364,2.1,141.0,4.9,3200.0,144.0,6.0,1024.0,0.0,16.0,119736.0,1.0,0.0,IPS LCD,No,DDR5,nvidia,mid,MSI,Windows,intel,high,high
6365,1.6,254.0,3.5,3200.0,120.0,0.0,1024.0,0.0,16.0,233990.0,1.0,1.0,LED,No,DDR4,apple,high,Apple,macOS,apple,high,high
6366,2.05,290.0,2.6,2933.0,120.0,4.0,512.0,0.0,16.0,199770.0,0.0,1.0,LED,No,DDR4,nvidia,low,Dell,Windows,intel,high,high
6367,1.74,141.0,4.2,3200.0,120.0,0.0,512.0,0.0,8.0,41490.0,0.0,1.0,LED,No,DDR4,intel,low,HP,Windows,intel,mid,low
6368,1.45,112.0,2.0,3200.0,120.0,0.0,256.0,0.0,8.0,34780.0,1.0,1.0,LED,No,DDR4,intel,low,Acer,Windows,intel,low,low
6369,2.44,141.0,4.4,2933.0,165.0,4.0,512.0,0.0,16.0,103990.0,0.0,0.0,LED,No,DDR4,nvidia,mid,Dell,Windows,intel,high,high
6371,1.94,266.0,2.8,3200.0,120.0,0.0,256.0,0.0,8.0,97990.0,1.0,0.0,LED,Yes,DDR4,intel,mid,Other,Windows,intel,mid,low
6372,1.7,112.0,1.1,2133.0,120.0,0.0,0.0,1024.0,4.0,28990.0,0.0,1.0,LED,No,DDR4,intel,low,Lenovo,Windows,intel,low,low
6374,1.38,157.0,4.2,3200.0,60.0,0.0,512.0,0.0,8.0,36990.0,1.0,0.0,LED,No,LPDDR5,amd,low,Asus,Windows,amd,mid,low
6375,1.63,141.0,3.3,3200.0,120.0,2.0,512.0,0.0,16.0,74530.0,1.0,0.0,LED,No,DDR4,nvidia,mid,Dell,Windows,intel,mid,low
6376,1.58,141.0,2.4,3200.0,120.0,0.0,512.0,0.0,8.0,32990.0,1.0,1.0,LED,No,LPDDR5,amd,low,Lenovo,Windows,amd,low,low
6377,1.14,166.0,1.8,2133.0,120.0,0.0,512.0,0.0,8.0,81700.0,0.0,1.0,LED,No,DDR4,intel,low,Lenovo,Windows,intel,high,low
6378,1.7,141.0,4.6,3200.0,90.0,0.0,512.0,0.0,8.0,46990.0,0.0,0.0,LED,No,DDR4,intel,mid,Asus,Windows,intel,mid,low
6379,1.8,141.0,2.3,3200.0,60.0,0.0,512.0,0.0,16.0,77990.0,1.0,0.0,LED,No,DDR4,intel,mid,Asus,Windows,intel,high,high
6381,2.38,141.0,4.4,4800.0,144.0,4.0,512.0,0.0,8.0,53490.0,0.0,0.0,LED,No,DDR5,intel,mid,Lenovo,Windows,intel,mid,high
6382,1.7,141.0,4.6,3200.0,60.0,0.0,512.0,0.0,8.0,46990.0,0.0,0.0,LED,No,DDR4,intel,mid,Asus,Windows,intel,mid,low
6383,1.9,127.0,3.1,3200.0,240.0,6.0,1024.0,0.0,16.0,99990.0,1.0,0.0,LED,No,DDR4,nvidia,mid,Asus,Windows,amd,high,high
6384,2.0,141.0,2.8,3200.0,240.0,8.0,1024.0,0.0,16.0,146990.0,0.0,0.0,LED,No,DDR4,nvidia,high,Asus,Windows,intel,high,high
6385,1.6,254.0,3.5,3200.0,120.0,0.0,1024.0,0.0,16.0,229990.0,1.0,0.0,LED,No,DDR4,intel,low,Apple,macOS,apple,high,high
6386,1.26,166.0,1.8,2133.0,120.0,0.0,512.0,0.0,16.0,149490.0,0.0,1.0,LED,Yes,LPDDR3,intel,low,HP,Windows,intel,high,low
6387,1.55,157.0,1.6,2400.0,120.0,0.0,512.0,0.0,16.0,118195.0,0.0,1.0,LED,No,DDR4,intel,low,Lenovo,Windows,intel,mid,low
6388,2.16,254.0,3.7,3200.0,120.0,0.0,1024.0,0.0,32.0,327990.0,1.0,0.0,LED,No,DDR4,apple,high,Apple,macOS,apple,high,high
6389,1.44,157.0,4.4,3200.0,120.0,0.0,0.0,0.0,8.0,26990.0,1.0,1.0,LED,No,LPDDR5,intel,low,Asus,Google Chrome,intel,low,low
6390,0.95,157.0,1.6,3200.0,120.0,0.0,512.0,0.0,8.0,104990.0,1.0,1.0,LED,No,LPDDR3,intel,low,Asus,Windows,intel,mid,low
6391,1.38,112.0,2.8,3200.0,120.0,0.0,512.0,0.0,8.0,115499.0,1.0,1.0,LED,No,DDR4,intel,low,HP,Windows,intel,high,low
6392,1.6,157.0,4.2,3200.0,120.0,2.0,512.0,0.0,8.0,86990.0,1.0,1.0,LED,No,DDR4,nvidia,low,Asus,Windows,intel,mid,low
6393,2.8,170.0,5.0,3200.0,240.0,8.0,1024.0,0.0,32.0,195990.0,1.0,0.0,LED,No,DDR5,nvidia,high,MSI,Windows,intel,high,high
6394,1.25,157.0,1.8,2400.0,120.0,2.0,512.0,0.0,8.0,93990.0,0.0,1.0,LED,No,DDR4,nvidia,low,Asus,Windows,intel,high,low
6396,1.6,157.0,3.6,3200.0,120.0,0.0,0.0,1024.0,8.0,47990.0,1.0,1.0,LED,No,DDR4,intel,low,Asus,Windows,intel,mid,low
6397,2.29,141.0,4.7,3200.0,144.0,6.0,512.0,0.0,16.0,103060.0,0.0,0.0,LED,No,DDR4,nvidia,mid,HP,Windows,intel,mid,high
6398,1.46,157.0,1.6,1600.0,120.0,0.0,512.0,0.0,8.0,55990.0,0.0,1.0,LED,No,DDR3,intel,low,Other,Windows,intel,mid,low
6399,1.85,141.0,4.0,2666.0,60.0,0.0,256.0,0.0,8.0,41490.0,0.0,0.0,LED,No,DDR4,intel,low,Dell,Windows,intel,low,low
6400,4.7,254.0,3.5,3200.0,120.0,0.0,1024.0,0.0,16.0,248490.0,1.0,1.0,LED,No,DDR4,apple,mid,Apple,macOS,apple,high,high
6401,2.3,141.0,5.0,3200.0,360.0,8.0,1024.0,0.0,16.0,171000.0,1.0,0.0,LED,No,DDR5,nvidia,mid,MSI,Windows,intel,high,high
6402,1.8,141.0,2.4,3200.0,60.0,2.0,512.0,0.0,8.0,66990.0,1.0,0.0,LED,No,DDR4,nvidia,mid,Asus,Windows,intel,mid,low
6403,2.2,141.0,2.8,2400.0,120.0,2.0,0.0,1024.0,8.0,69227.0,0.0,1.0,LED,No,DDR4,nvidia,low,MSI,DOS,intel,high,high
6404,1.45,243.0,3.3,3200.0,90.0,4.0,1024.0,0.0,16.0,104990.0,0.0,0.0,OLED,No,DDR4,nvidia,mid,Asus,Windows,amd,high,high
6405,1.5,112.0,2.5,3200.0,120.0,0.0,512.0,0.0,4.0,52268.0,1.0,1.0,LED,No,DDR4,intel,low,Acer,Windows,intel,mid,low
6406,1.9,100.0,2.3,1866.0,120.0,0.0,0.0,1024.0,4.0,24844.0,0.0,1.0,LED,No,DDR4,amd,low,HP,Windows,amd,low,low
6407,1.8,141.0,2.4,2666.0,120.0,2.0,512.0,0.0,16.0,72490.0,0.0,1.0,LED,No,DDR4,nvidia,mid,Dell,Windows,intel,mid,low
6408,1.5,162.0,3.3,4266.0,120.0,0.0,512.0,0.0,8.0,73990.0,0.0,1.0,LED,Yes,LPDDR4X,intel,mid,Lenovo,Windows,intel,mid,low
6409,1.14,166.0,2.8,3200.0,120.0,0.0,512.0,0.0,16.0,84990.0,1.0,1.0,LED,No,LPDDR4X,intel,mid,Asus,Windows,intel,high,low
6410,1.7,141.0,4.2,3200.0,60.0,0.0,512.0,0.0,16.0,47590.0,0.0,0.0,LED,No,DDR4,intel,mid,MSI,Windows,intel,mid,low
6412,1.59,157.0,2.4,2666.0,120.0,2.0,512.0,0.0,16.0,61948.0,0.0,1.0,LED,No,DDR4,nvidia,low,Dell,Windows,intel,mid,low
6413,2.1,141.0,4.7,1550.0,144.0,4.0,1024.0,0.0,16.0,79999.0,0.0,0.0,LED,No,DDR4,nvidia,mid,Asus,Windows,amd,high,high
6414,1.7,141.0,1.3,3200.0,120.0,0.0,512.0,0.0,8.0,57900.0,0.0,1.0,LED,No,DDR4,intel,mid,Asus,Windows,intel,mid,low
6415,1.5,157.0,1.3,3200.0,120.0,2.0,512.0,0.0,8.0,77990.0,0.0,1.0,LED,No,LPDDR4X,nvidia,mid,Lenovo,Windows,intel,high,low
6416,2.29,141.0,4.7,3200.0,144.0,4.0,512.0,0.0,16.0,74990.0,0.0,0.0,LED,No,DDR4,nvidia,mid,HP,Windows,intel,high,high
6417,1.6,157.0,1.6,3200.0,120.0,2.0,512.0,0.0,8.0,63262.0,1.0,1.0,LED,No,DDR4,nvidia,mid,Acer,Windows,intel,mid,low
6418,1.18,169.0,4.7,3200.0,120.0,4.0,512.0,0.0,16.0,109990.0,1.0,0.0,LED,Yes,LPDDR5,nvidia,mid,Asus,Windows,intel,high,high
6420,1.63,157.0,2.7,2133.0,120.0,4.0,8.0,1024.0,8.0,82990.0,0.0,1.0,LED,Yes,DDR4,nvidia,low,HP,Windows,intel,high,low
6421,1.0,141.0,1.8,2400.0,120.0,2.0,512.0,0.0,8.0,65990.0,0.0,1.0,LED,No,DDR4,nvidia,low,Asus,Windows,intel,high,low
6422,2.0,189.0,4.7,1475.0,165.0,6.0,1024.0,0.0,16.0,93990.0,0.0,0.0,LED,No,DDR4,nvidia,mid,Asus,Windows,intel,high,high
6423,1.7,157.0,2.5,2133.0,120.0,0.0,0.0,1024.0,4.0,58990.0,0.0,1.0,LED,Yes,DDR4,intel,low,Lenovo,Windows,intel,mid,low
6424,2.0,189.0,4.7,3200.0,165.0,6.0,1024.0,0.0,16.0,152946.0,0.0,0.0,LED,Yes,DDR5,nvidia,mid,Asus,Windows,amd,high,high
6425,1.77,141.0,4.6,3200.0,120.0,0.0,512.0,0.0,16.0,89900.0,1.0,1.0,LED,Yes,LPDDR5,intel,mid,HP,Windows,intel,mid,low
6426,1.48,157.0,4.2,2666.0,120.0,0.0,512.0,0.0,8.0,51299.0,0.0,1.0,LED,No,DDR4,intel,low,Dell,Windows,intel,mid,low
6427,1.8,141.0,1.7,2666.0,60.0,0.0,256.0,1024.0,8.0,40699.0,0.0,0.0,LED,No,DDR4,intel,low,Dell,Windows,intel,low,low
6428,1.7,141.0,0.8,3200.0,120.0,0.0,512.0,0.0,8.0,30840.0,1.0,1.0,LED,No,DDR4,intel,low,Lenovo,DOS,intel,low,low
6429,2.31,137.0,4.7,4800.0,165.0,6.0,512.0,0.0,16.0,86261.0,0.0,0.0,LED,No,DDR5,nvidia,mid,HP,Windows,intel,mid,high
6430,2.57,188.0,3.4,3200.0,120.0,6.0,1024.0,0.0,16.0,94990.0,1.0,1.0,LED,No,DDR5,nvidia,mid,Dell,Windows,intel,high,high
6431,2.23,141.0,3.3,3200.0,144.0,4.0,512.0,0.0,16.0,91990.0,1.0,0.0,LED,No,DDR4,nvidia,mid,HP,Windows,intel,high,high
6432,2.17,141.0,2.3,2666.0,120.0,4.0,512.0,1024.0,8.0,69990.0,0.0,1.0,LED,No,DDR4,nvidia,low,HP,Windows,intel,mid,high
6433,1.4,243.0,4.2,3200.0,90.0,0.0,512.0,0.0,16.0,91990.0,1.0,0.0,OLED,Yes,DDR4,amd,low,Asus,Windows,amd,mid,high
6434,1.85,141.0,2.6,3200.0,120.0,0.0,0.0,1024.0,4.0,29990.0,1.0,1.0,LED,No,DDR4,amd,low,Lenovo,DOS,amd,low,low
6435,1.63,254.0,3.7,3200.0,120.0,0.0,1024.0,0.0,32.0,280494.0,1.0,1.0,LED,No,DDR4,apple,high,Apple,macOS,apple,high,high
6436,2.25,141.0,4.7,3200.0,144.0,6.0,1024.0,0.0,16.0,119527.0,0.0,0.0,LED,No,DDR4,nvidia,mid,MSI,Windows,intel,high,high
6437,2.85,127.0,2.6,2666.0,120.0,4.0,1024.0,0.0,8.0,88990.0,0.0,0.0,LED,No,DDR4,nvidia,low,Asus,Windows,intel,high,high
6438,1.85,141.0,1.3,2666.0,120.0,4.0,256.0,1024.0,8.0,84503.0,0.0,1.0,LED,No,DDR4,nvidia,low,HP,Windows,intel,high,low
6439,1.1,255.0,2.9,3200.0,120.0,0.0,512.0,0.0,16.0,69990.0,1.0,1.0,OLED,Yes,LPDDR5,amd,low,Asus,Windows,amd,mid,low
6440,2.0,141.0,2.8,2400.0,120.0,4.0,128.0,1024.0,16.0,109990.0,0.0,1.0,LED,No,DDR4,nvidia,low,MSI,Windows,intel,high,high
6441,2.2,141.0,1.6,2400.0,120.0,2.0,16.0,2048.0,4.0,54990.0,0.0,1.0,LED,No,DDR4,amd,low,Dell,Windows,intel,mid,low
6442,1.6,157.0,2.4,3200.0,120.0,0.0,512.0,0.0,8.0,48990.0,1.0,1.0,LED,No,DDR4,intel,low,Asus,Windows,intel,mid,low
6443,2.39,137.0,5.5,5600.0,165.0,8.0,1024.0,0.0,16.0,136990.0,0.0,0.0,LED,No,DDR5,nvidia,mid,HP,Windows,intel,high,high
6444,1.85,141.0,2.4,2666.0,120.0,0.0,256.0,1024.0,8.0,52499.0,0.0,1.0,LED,No,DDR4,intel,low,Dell,Windows,intel,mid,low
6445,1.78,141.0,2.8,3200.0,120.0,0.0,512.0,0.0,8.0,32500.0,1.0,1.0,LED,No,DDR4,amd,low,Acer,Windows,amd,mid,low
6446,2.29,141.0,4.7,3200.0,120.0,2.0,512.0,0.0,16.0,84500.0,0.0,1.0,LED,No,DDR4,nvidia,mid,HP,Windows,intel,mid,low
6447,1.7,141.0,3.0,3200.0,60.0,0.0,256.0,0.0,8.0,33970.0,0.0,0.0,LED,No,DDR4,intel,low,Lenovo,Windows,intel,low,low
6448,2.18,141.0,2.7,3200.0,144.0,6.0,512.0,0.0,16.0,89990.0,1.0,0.0,LED,No,DDR4,nvidia,mid,Other,Windows,intel,mid,high
6449,1.7,141.0,3.0,3200.0,60.0,0.0,256.0,0.0,8.0,32990.0,0.0,0.0,LED,No,DDR4,intel,low,Lenovo,Windows,intel,low,low
6450,2.24,141.0,2.3,2666.0,120.0,8.0,512.0,1024.0,16.0,228376.0,0.0,1.0,LED,No,DDR4,nvidia,high,HP,Windows,intel,high,high
6451,1.7,141.0,4.7,3200.0,60.0,0.0,512.0,0.0,16.0,60109.0,0.0,0.0,LED,No,DDR4,intel,mid,MSI,Windows,intel,high,low
6452,1.67,112.0,2.8,2666.0,120.0,0.0,0.0,1024.0,8.0,59990.0,0.0,1.0,LED,No,DDR4,intel,low,Dell,Windows,intel,mid,mid
6453,1.9,142.0,2.3,3200.0,120.0,4.0,1024.0,0.0,16.0,98999.0,0.0,1.0,LED,No,DDR4,nvidia,mid,Asus,Windows,intel,high,high
6454,1.3,169.0,3.3,3200.0,120.0,0.0,1024.0,0.0,16.0,121990.0,1.0,0.0,LED,Yes,LPDDR5,amd,low,Asus,Windows,amd,high,high
6455,1.29,157.0,2.8,3200.0,120.0,0.0,512.0,0.0,16.0,74990.0,1.0,1.0,LED,No,LPDDR4X,intel,mid,MSI,Windows,intel,mid,low
6456,1.52,112.0,2.3,2133.0,120.0,0.0,0.0,1024.0,8.0,41990.0,0.0,1.0,LED,No,DDR4,amd,low,HP,Windows,amd,mid,low
6457,1.62,166.0,1.6,2400.0,120.0,0.0,0.0,1024.0,8.0,69608.0,0.0,1.0,LED,Yes,DDR4,intel,low,Dell,Windows,intel,mid,low
6458,1.6,157.0,4.2,3200.0,120.0,0.0,512.0,0.0,8.0,35800.0,1.0,1.0,LED,No,DDR4,intel,mid,Lenovo,DOS,intel,mid,low
6459,2.5,142.0,4.9,3200.0,165.0,6.0,1024.0,0.0,16.0,115990.0,1.0,0.0,LED,No,DDR5,nvidia,mid,Asus,Windows,intel,high,high
6460,1.41,157.0,2.7,3200.0,120.0,0.0,1024.0,0.0,16.0,77999.0,0.0,1.0,LED,No,DDR4,intel,mid,HP,Windows,intel,high,low
6461,2.2,141.0,2.8,2400.0,120.0,4.0,128.0,1024.0,8.0,103245.0,0.0,1.0,LED,No,DDR4,nvidia,low,HP,Windows,intel,high,high
6463,2.4,157.0,2.7,2133.0,120.0,2.0,0.0,1024.0,8.0,51990.0,0.0,1.0,LED,Yes,DDR4,nvidia,low,Lenovo,Windows,intel,low,low
6464,1.85,141.0,1.2,3200.0,120.0,0.0,256.0,0.0,8.0,32850.0,1.0,1.0,LED,No,DDR4,intel,low,Lenovo,Windows,intel,low,low
6465,1.7,141.0,2.8,3200.0,120.0,2.0,512.0,0.0,16.0,99990.0,1.0,1.0,LED,No,DDR4,nvidia,mid,Lenovo,Windows,intel,high,low
6466,1.59,157.0,1.7,3200.0,120.0,0.0,512.0,0.0,16.0,86000.0,0.0,1.0,LED,No,DDR4,intel,mid,Lenovo,Windows,intel,high,low
6467,1.0,166.0,2.4,4266.0,120.0,0.0,512.0,0.0,16.0,74590.0,0.0,1.0,LED,No,LPDDR4X,intel,mid,Other,Windows,intel,mid,low
6468,2.5,315.0,2.4,2933.0,120.0,6.0,1024.0,0.0,32.0,269990.0,0.0,1.0,LED,Yes,DDR4,nvidia,mid,Asus,Windows,intel,high,high
6469,1.68,141.0,2.6,3200.0,120.0,0.0,256.0,0.0,8.0,36690.0,0.0,0.0,LED,No,DDR4,amd,low,Dell,Windows,amd,low,low
6470,2.5,141.0,2.5,1600.0,120.0,2.0,0.0,1024.0,8.0,73990.0,0.0,1.0,LED,No,DDR4,nvidia,low,Asus,DOS,intel,mid,high
6471,1.9,141.0,1.0,3200.0,120.0,2.0,0.0,1024.0,4.0,44789.0,1.0,1.0,LED,No,DDR4,nvidia,low,Acer,Windows,intel,mid,low
6472,1.77,157.0,2.1,3200.0,120.0,0.0,256.0,0.0,8.0,50999.0,1.0,1.0,LED,No,DDR4,intel,low,Lenovo,Windows,intel,low,low
6473,1.38,157.0,2.4,5500.0,60.0,0.0,512.0,0.0,8.0,29990.0,0.0,0.0,LED,No,LPDDR5,amd,low,Asus,Windows,amd,low,low
6474,2.2,141.0,1.8,2400.0,120.0,4.0,0.0,2048.0,8.0,71990.0,0.0,1.0,LED,No,DDR4,nvidia,low,Lenovo,Windows,intel,high,low
6475,3.0,141.0,1.7,3200.0,120.0,0.0,512.0,0.0,8.0,48390.0,1.0,1.0,LED,No,DDR4,intel,mid,Asus,Windows,intel,low,mid
6477,1.3,170.0,2.0,4266.0,120.0,0.0,512.0,0.0,16.0,75390.0,0.0,1.0,LED,Yes,LPDDR4X,amd,low,Lenovo,Windows,amd,mid,low
6478,2.4,141.0,2.6,2400.0,120.0,6.0,256.0,1024.0,16.0,144990.0,0.0,0.0,LED,No,DDR4,nvidia,mid,MSI,Windows,intel,high,high
6479,1.6,157.0,1.0,3200.0,120.0,0.0,512.0,0.0,16.0,49490.0,1.0,1.0,LED,No,DDR4,intel,low,Asus,Windows,intel,mid,low
6480,2.1,141.0,4.6,3200.0,144.0,6.0,512.0,0.0,16.0,79990.0,1.0,0.0,TFT LCD,No,DDR5,nvidia,mid,Acer,Windows,intel,mid,high
6481,2.04,141.0,2.0,2400.0,120.0,0.0,512.0,0.0,8.0,135008.0,0.0,1.0,LED,Yes,DDR4,amd,low,HP,Windows,amd,mid,low
6482,1.59,141.0,2.8,3200.0,120.0,0.0,512.0,0.0,16.0,42900.0,1.0,1.0,TFT LCD,No,DDR4,intel,mid,Acer,Windows,intel,mid,low
6483,2.14,141.0,2.4,3200.0,144.0,4.0,256.0,1024.0,8.0,57990.0,1.0,0.0,LED,No,DDR4,nvidia,low,Asus,Windows,intel,mid,high
6484,1.7,141.0,3.0,3200.0,120.0,0.0,256.0,0.0,4.0,33990.0,1.0,1.0,LED,No,DDR4,intel,low,Lenovo,Windows,intel,low,low
6485,1.85,138.0,3.4,3200.0,60.0,0.0,512.0,0.0,16.0,61390.0,1.0,0.0,LED,No,LPDDR5,intel,mid,Dell,Windows,intel,mid,mid
6486,1.69,157.0,2.1,3200.0,120.0,0.0,0.0,1024.0,4.0,38490.0,1.0,1.0,LED,No,DDR4,intel,low,Lenovo,Windows,intel,low,low
6487,2.3,141.0,4.8,3200.0,360.0,6.0,1024.0,0.0,16.0,134999.0,0.0,0.0,LED,No,DDR4,nvidia,mid,Acer,Windows,intel,high,high
6488,2.2,141.0,2.2,2400.0,120.0,4.0,16.0,1024.0,8.0,72533.0,0.0,1.0,LED,No,DDR4,nvidia,low,Lenovo,Windows,intel,high,high
6489,1.75,157.0,2.1,2666.0,120.0,2.0,0.0,1024.0,8.0,45990.0,0.0,1.0,LED,Yes,DDR4,nvidia,low,Dell,Windows,intel,low,low
6490,2.55,141.0,3.3,3200.0,165.0,6.0,512.0,0.0,16.0,104990.0,0.0,0.0,LED,No,DDR4,nvidia,mid,Dell,Windows,amd,high,high
6491,1.85,100.0,2.3,3200.0,120.0,0.0,0.0,1024.0,4.0,30000.0,1.0,1.0,LED,No,DDR4,amd,low,Lenovo,DOS,amd,low,low
6492,2.26,191.0,4.7,3200.0,60.0,4.0,512.0,0.0,16.0,83500.0,1.0,0.0,LED,No,DDR4,nvidia,mid,MSI,Windows,intel,high,high
6493,1.5,157.0,2.5,3200.0,60.0,2.0,512.0,0.0,16.0,81890.0,0.0,0.0,LED,Yes,DDR4,nvidia,mid,Dell,Windows,intel,mid,low
6494,1.5,157.0,2.1,2666.0,120.0,0.0,0.0,1024.0,4.0,38999.0,0.0,1.0,LED,No,DDR4,intel,low,Lenovo,DOS,intel,low,low
6495,2.3,141.0,2.5,2133.0,120.0,4.0,0.0,2048.0,8.0,63999.0,0.0,1.0,LED,No,DDR4,nvidia,low,Acer,Windows,intel,mid,low
6496,1.46,157.0,4.0,2666.0,120.0,0.0,512.0,0.0,8.0,72999.0,0.0,1.0,LED,No,DDR4,intel,low,HP,Windows,intel,high,low
6497,1.8,141.0,2.8,3200.0,120.0,2.0,256.0,1024.0,8.0,58990.0,1.0,1.0,LED,No,DDR4,nvidia,mid,Dell,Windows,intel,mid,low
6498,1.85,141.0,1.2,3200.0,120.0,0.0,256.0,0.0,4.0,32870.0,1.0,1.0,LED,No,DDR4,intel,low,Lenovo,Windows,intel,low,low
6499,1.4,157.0,2.4,3200.0,120.0,0.0,512.0,0.0,8.0,79990.0,0.0,1.0,LED,No,DDR4,intel,mid,Lenovo,Windows,intel,mid,low
6500,1.78,141.0,4.5,3200.0,120.0,0.0,512.0,0.0,8.0,35490.0,1.0,1.0,LED,No,LPDDR5,intel,low,Acer,Windows,intel,low,low
6501,1.22,157.0,1.8,4266.0,120.0,0.0,512.0,0.0,16.0,69990.0,0.0,1.0,LED,No,DDR4,amd,low,Asus,Windows,amd,high,low
6502,2.2,190.0,1.1,3200.0,120.0,0.0,128.0,0.0,4.0,18463.0,1.0,1.0,LED,No,LPDDR4,intel,low,Other,Other,intel,low,low
6503,2.35,137.0,4.7,3200.0,144.0,4.0,512.0,0.0,16.0,86390.0,1.0,0.0,LED,No,DDR5,nvidia,mid,HP,Windows,amd,high,high
6504,1.19,166.0,1.6,2133.0,120.0,2.0,512.0,0.0,8.0,79990.0,0.0,1.0,LED,No,DDR3,nvidia,low,Asus,Windows,intel,mid,low
6507,1.36,267.0,4.7,4266.0,120.0,0.0,512.0,0.0,16.0,132990.0,0.0,1.0,OLED,Yes,LPDDR4X,intel,mid,HP,Windows,intel,high,low
6510,1.85,141.0,2.4,2666.0,60.0,0.0,512.0,0.0,8.0,47990.0,0.0,0.0,LED,No,DDR4,intel,low,Dell,Windows,intel,mid,low
6511,2.65,255.0,4.1,3200.0,60.0,0.0,1024.0,0.0,18.0,289900.0,1.0,0.0,LED,No,DDR4,apple,high,Apple,macOS,apple,high,high
6512,1.19,166.0,1.6,2133.0,120.0,0.0,256.0,0.0,8.0,69990.0,0.0,1.0,LED,No,DDR3,intel,low,Asus,Windows,intel,mid,low
6513,1.55,258.0,4.1,3200.0,120.0,0.0,512.0,0.0,8.0,289900.0,1.0,1.0,LED,No,DDR4,intel,low,Apple,macOS,apple,mid,mid
6514,1.74,100.0,1.2,2666.0,120.0,0.0,0.0,1024.0,4.0,43499.0,0.0,1.0,LED,No,DDR4,intel,low,HP,Windows,intel,low,low
6515,1.4,157.0,4.7,3200.0,120.0,2.0,512.0,0.0,8.0,77850.0,0.0,1.0,LED,No,DDR4,nvidia,mid,Dell,Windows,intel,high,low
6516,1.86,141.0,2.5,3200.0,120.0,4.0,512.0,0.0,8.0,82990.0,1.0,1.0,LED,No,DDR4,nvidia,low,MSI,Windows,intel,mid,high
6517,1.35,216.0,1.0,2666.0,120.0,2.0,512.0,0.0,16.0,89790.0,0.0,1.0,LED,No,DDR4,nvidia,mid,Dell,Windows,intel,mid,low
6518,2.23,141.0,2.3,2133.0,120.0,0.0,0.0,1024.0,4.0,30990.0,0.0,1.0,LED,No,DDR4,amd,low,Acer,Windows,amd,low,mid
6519,1.37,170.0,1.8,4266.0,120.0,0.0,512.0,0.0,16.0,77990.0,0.0,1.0,LED,Yes,LPDDR4X,amd,low,Lenovo,Windows,amd,high,low
6520,1.7,157.0,2.2,2400.0,120.0,0.0,0.0,1024.0,4.0,45282.0,0.0,1.0,LED,No,DDR4,intel,low,Lenovo,Windows,intel,low,low
6521,1.65,141.0,3.3,2666.0,120.0,0.0,512.0,0.0,8.0,42999.0,0.0,0.0,LED,No,DDR4,intel,low,Dell,Windows,intel,low,low
6522,1.25,166.0,4.7,4800.0,120.0,0.0,512.0,0.0,16.0,89990.0,0.0,1.0,LED,No,LPDDR5,intel,low,Dell,Windows,intel,high,mid
6523,1.5,157.0,4.6,3200.0,120.0,0.0,512.0,0.0,16.0,50990.0,1.0,1.0,LED,No,LPDDR4X,intel,mid,Acer,Windows,intel,mid,low
6524,2.18,141.0,2.8,2400.0,120.0,4.0,128.0,1024.0,8.0,95257.0,0.0,1.0,LED,No,DDR4,nvidia,low,HP,Windows,intel,high,high
6525,2.0,189.0,4.8,1085.0,165.0,8.0,1024.0,0.0,32.0,241990.0,0.0,0.0,LED,No,DDR4,nvidia,high,Asus,Windows,intel,high,high
6527,1.7,141.0,4.0,3200.0,120.0,0.0,256.0,0.0,8.0,35699.0,0.0,1.0,LED,No,DDR4,intel,low,HP,Windows,intel,low,low
6528,3.0,126.0,4.9,4800.0,165.0,8.0,1024.0,0.0,16.0,179990.0,0.0,0.0,LED,No,DDR5,nvidia,mid,Asus,Windows,intel,high,high
6529,1.6,141.0,4.0,3200.0,120.0,2.0,512.0,0.0,8.0,80250.0,0.0,1.0,LED,No,DDR4,nvidia,low,Dell,Windows,intel,high,low
6530,1.3,166.0,4.2,3200.0,120.0,0.0,512.0,0.0,8.0,79988.0,1.0,1.0,LED,No,LPDDR4X,intel,mid,Asus,Windows,intel,mid,low
6531,1.42,243.0,3.4,3200.0,90.0,0.0,512.0,0.0,16.0,109990.0,1.0,0.0,OLED,Yes,LPDDR5,intel,mid,Lenovo,Windows,intel,high,mid
6532,2.25,141.0,2.3,3200.0,144.0,8.0,1024.0,0.0,16.0,121590.0,0.0,0.0,LED,No,DDR4,nvidia,high,Lenovo,Windows,intel,high,high
6533,1.24,118.0,2.8,2666.0,120.0,0.0,256.0,0.0,8.0,74750.0,0.0,1.0,LED,No,DDR4,intel,low,Dell,Windows,intel,mid,low
6534,1.67,157.0,1.6,2400.0,120.0,4.0,128.0,1024.0,8.0,74529.0,0.0,1.0,LED,No,DDR4,amd,low,Dell,Windows,intel,mid,low
6535,1.26,166.0,1.6,1866.0,120.0,0.0,360.0,0.0,8.0,119490.0,0.0,1.0,LED,Yes,LPDDR3,intel,low,HP,Windows,intel,mid,low
6536,2.51,141.0,3.3,3200.0,120.0,4.0,512.0,0.0,16.0,81990.0,1.0,1.0,LED,No,DDR5,nvidia,mid,Dell,Windows,amd,high,high
6537,2.2,254.0,3.2,3200.0,120.0,0.0,1024.0,0.0,32.0,308990.0,1.0,0.0,LED,No,DDR4,apple,mid,Apple,macOS,apple,high,high
6538,2.25,141.0,4.7,3200.0,144.0,6.0,512.0,0.0,16.0,91990.0,1.0,0.0,LED,No,DDR5,nvidia,mid,MSI,Windows,intel,high,high
6539,3.31,141.0,4.6,4800.0,120.0,6.0,512.0,0.0,8.0,66990.0,0.0,0.0,LED,No,DDR5,nvidia,mid,Dell,Windows,intel,mid,high
6540,1.4,243.0,4.2,4266.0,90.0,0.0,1024.0,0.0,16.0,112990.0,0.0,0.0,OLED,Yes,DDR4,amd,low,Asus,Windows,amd,high,high
6541,2.6,170.0,4.7,3200.0,240.0,8.0,1024.0,0.0,16.0,124990.0,1.0,0.0,LED,No,DDR5,nvidia,high,MSI,Windows,intel,high,high
6542,1.57,162.0,4.7,3200.0,60.0,2.0,512.0,0.0,16.0,103990.0,0.0,0.0,LED,Yes,DDR4,nvidia,mid,Dell,Windows,intel,high,low
6544,1.83,141.0,1.7,2666.0,120.0,0.0,256.0,1024.0,4.0,44894.0,0.0,1.0,LED,No,DDR4,intel,low,Dell,Windows,intel,low,low
6545,1.49,157.0,2.8,3200.0,120.0,4.0,1024.0,0.0,16.0,78990.0,0.0,1.0,LED,No,DDR4,nvidia,low,HP,Windows,intel,high,low
6546,2.25,141.0,2.8,3200.0,144.0,4.0,512.0,0.0,16.0,108990.0,1.0,0.0,LED,No,DDR4,nvidia,mid,MSI,Windows,intel,high,high
6547,1.5,157.0,1.7,3200.0,120.0,0.0,512.0,0.0,16.0,59990.0,1.0,1.0,LED,No,DDR4,intel,mid,Asus,Windows,intel,mid,mid
6548,1.59,157.0,1.7,3200.0,120.0,0.0,1024.0,0.0,16.0,91000.0,0.0,1.0,LED,No,DDR4,intel,mid,Lenovo,Windows,intel,high,low
6549,1.6,141.0,2.6,2400.0,120.0,0.0,512.0,0.0,8.0,32990.0,0.0,1.0,LED,No,DDR4,amd,low,Lenovo,Windows,amd,low,low
6550,2.2,141.0,2.9,3200.0,60.0,4.0,256.0,1024.0,8.0,70990.0,0.0,0.0,LED,No,DDR4,nvidia,low,Lenovo,Windows,amd,high,high
6551,1.9,141.0,1.6,3200.0,120.0,0.0,512.0,0.0,8.0,68990.0,1.0,1.0,LED,No,DDR4,intel,low,Acer,Windows,intel,mid,low
6552,1.69,157.0,1.0,3200.0,120.0,2.0,512.0,0.0,16.0,89990.0,1.0,1.0,LED,No,DDR4,amd,mid,Lenovo,Windows,intel,high,low
6553,1.2,166.0,4.2,3733.0,120.0,0.0,512.0,0.0,8.0,109606.0,0.0,1.0,LED,Yes,LPDDR4X,intel,mid,Dell,Windows,intel,mid,low
6554,1.19,166.0,1.8,2133.0,120.0,2.0,512.0,0.0,8.0,89990.0,0.0,1.0,LED,No,DDR3,nvidia,low,Asus,Windows,intel,high,low
6555,1.65,157.0,2.1,2133.0,120.0,0.0,256.0,0.0,4.0,44990.0,0.0,1.0,LED,Yes,DDR4,intel,low,Lenovo,Windows,intel,low,low
6556,2.57,141.0,2.5,2400.0,120.0,6.0,128.0,1024.0,8.0,99990.0,0.0,1.0,LED,No,DDR4,nvidia,mid,HP,Windows,intel,mid,high
6558,2.4,189.0,3.4,5600.0,165.0,8.0,512.0,0.0,16.0,112190.0,0.0,0.0,LED,No,DDR5,nvidia,mid,Lenovo,Windows,amd,high,high
6559,2.29,141.0,4.2,3200.0,144.0,4.0,512.0,0.0,8.0,63900.0,0.0,0.0,LED,No,DDR4,nvidia,mid,HP,Windows,amd,mid,high
6560,2.3,188.0,4.9,3200.0,165.0,8.0,1024.0,0.0,16.0,187990.0,1.0,0.0,LED,No,DDR5,nvidia,high,Asus,Windows,amd,high,high
6561,1.7,141.0,4.7,3200.0,60.0,0.0,512.0,0.0,16.0,74990.0,0.0,0.0,OLED,No,DDR4,intel,mid,Asus,Windows,intel,mid,high
6562,2.12,141.0,2.5,2400.0,120.0,4.0,0.0,1024.0,8.0,73990.0,0.0,1.0,LED,No,DDR4,nvidia,low,HP,Windows,intel,mid,high
6563,2.57,141.0,3.3,3200.0,120.0,4.0,512.0,0.0,16.0,82990.0,0.0,0.0,LED,No,DDR4,nvidia,mid,Dell,Windows,amd,high,high
6565,2.7,141.0,1.8,2400.0,120.0,2.0,0.0,1024.0,8.0,66185.0,0.0,1.0,LED,No,DDR4,nvidia,low,Acer,Other,intel,high,low
6567,2.15,100.0,2.3,2133.0,120.0,0.0,0.0,1024.0,4.0,34990.0,0.0,1.0,LED,Yes,DDR4,intel,low,Acer,Windows,intel,low,low
6568,1.2,166.0,1.6,2400.0,120.0,2.0,512.0,0.0,8.0,79990.0,0.0,1.0,LED,Yes,DDR4,nvidia,low,HP,Windows,intel,mid,low
6569,1.74,112.0,2.8,3200.0,120.0,0.0,0.0,1024.0,4.0,24999.0,1.0,1.0,LED,No,DDR4,amd,low,HP,Windows,amd,low,low
6570,1.59,112.0,2.3,2400.0,120.0,0.0,0.0,1024.0,4.0,17990.0,0.0,1.0,LED,No,DDR4,amd,low,Lenovo,DOS,amd,low,low
6571,2.57,141.0,2.8,2400.0,120.0,4.0,128.0,1024.0,16.0,119990.0,0.0,1.0,LED,No,DDR4,nvidia,low,HP,Windows,intel,high,high
6572,1.5,157.0,2.4,3200.0,120.0,2.0,512.0,0.0,16.0,83990.0,0.0,1.0,LED,No,DDR4,nvidia,mid,Dell,Windows,intel,mid,low
6573,1.36,157.0,2.4,3200.0,120.0,0.0,512.0,0.0,16.0,84990.0,1.0,1.0,LED,No,DDR4,intel,mid,Lenovo,Windows,intel,mid,low
6574,1.7,141.0,1.7,3200.0,120.0,0.0,512.0,0.0,8.0,28999.0,1.0,1.0,LED,No,DDR4,intel,low,Acer,Windows,intel,low,low
6575,1.6,100.0,3.1,3200.0,120.0,0.0,256.0,0.0,4.0,23900.0,1.0,1.0,LED,No,DDR4,amd,low,HP,Windows,amd,low,low
6576,1.68,141.0,2.3,3200.0,120.0,0.0,512.0,0.0,8.0,62929.0,0.0,0.0,LED,No,DDR4,amd,low,Dell,Windows,amd,mid,low
6577,1.49,162.0,2.7,3200.0,120.0,0.0,1024.0,0.0,16.0,99490.0,1.0,1.0,OLED,Yes,LPDDR5,intel,low,Lenovo,Windows,amd,high,low
6579,2.9,127.0,2.3,3200.0,360.0,8.0,1024.0,0.0,16.0,143900.0,1.0,0.0,LED,No,DDR5,nvidia,high,MSI,Windows,intel,high,high
6580,1.4,243.0,4.7,3200.0,90.0,0.0,1024.0,0.0,16.0,134990.0,1.0,0.0,OLED,Yes,DDR4,amd,low,Asus,Windows,amd,high,high
6581,2.25,141.0,3.3,3200.0,144.0,4.0,512.0,0.0,16.0,75990.0,1.0,0.0,LED,No,DDR4,nvidia,mid,MSI,Windows,intel,mid,high
6582,2.35,141.0,4.7,3200.0,144.0,4.0,512.0,0.0,16.0,75990.0,1.0,0.0,LED,No,DDR5,amd,mid,MSI,Windows,amd,high,high
6583,1.7,147.0,2.8,3200.0,120.0,0.0,512.0,0.0,16.0,140131.0,1.0,1.0,LED,No,DDR4,intel,mid,Lenovo,Windows,intel,high,low
6585,1.78,141.0,2.8,3200.0,120.0,0.0,512.0,0.0,8.0,37990.0,1.0,1.0,TFT LCD,No,LPDDR5,intel,low,Acer,Windows,intel,low,low
6586,2.32,137.0,4.7,3200.0,144.0,8.0,1024.0,0.0,16.0,86990.0,0.0,0.0,LED,No,DDR4,amd,mid,HP,Windows,amd,high,high
6587,2.9,170.0,2.5,3200.0,240.0,8.0,1024.0,0.0,32.0,234990.0,1.0,0.0,LED,No,DDR4,nvidia,high,Asus,Windows,intel,high,high
6588,1.8,141.0,2.6,2400.0,120.0,0.0,0.0,1024.0,8.0,37372.0,0.0,1.0,LED,No,DDR4,amd,low,Dell,Windows,amd,low,low
6589,1.64,141.0,2.1,3200.0,120.0,0.0,512.0,0.0,8.0,56590.0,0.0,1.0,LED,No,DDR4,amd,low,Dell,Windows,amd,mid,low
6590,1.65,141.0,2.8,3200.0,120.0,2.0,512.0,0.0,16.0,62499.0,0.0,1.0,LED,No,DDR4,nvidia,mid,Dell,Windows,intel,mid,high
6591,1.0,157.0,1.6,1866.0,120.0,0.0,256.0,0.0,8.0,77898.0,0.0,1.0,LED,No,LPDDR3,intel,low,Acer,Windows,intel,mid,low
6593,2.6,141.0,4.2,4800.0,144.0,4.0,512.0,0.0,16.0,54990.0,0.0,0.0,LED,No,DDR5,nvidia,mid,MSI,Windows,intel,mid,high
6594,1.7,141.0,1.7,3200.0,120.0,0.0,256.0,0.0,8.0,35424.0,1.0,1.0,LED,No,DDR4,intel,low,Acer,Windows,intel,low,low
6595,1.78,100.0,3.4,2666.0,120.0,0.0,512.0,0.0,8.0,56396.0,0.0,1.0,LED,No,DDR4,intel,low,HP,Windows,intel,mid,low
6596,1.86,100.0,1.6,2400.0,120.0,0.0,0.0,1024.0,8.0,54291.0,0.0,1.0,LED,No,DDR4,intel,low,HP,Windows,intel,mid,low
6597,1.84,157.0,4.7,3200.0,144.0,6.0,1024.0,0.0,32.0,263986.0,1.0,0.0,LED,No,LPDDR5,nvidia,mid,Dell,Windows,intel,high,high
6598,2.46,137.0,4.7,3200.0,144.0,4.0,512.0,0.0,8.0,84420.0,0.0,0.0,LED,No,DDR4,amd,mid,HP,Windows,amd,high,high
6600,1.65,157.0,1.5,3200.0,120.0,0.0,128.0,0.0,8.0,49990.0,1.0,1.0,LED,Yes,DDR3,intel,low,Asus,Google Chrome,intel,low,low
6601,1.9,141.0,2.1,3200.0,144.0,8.0,512.0,0.0,16.0,96800.0,0.0,0.0,LED,No,DDR4,amd,mid,MSI,Windows,amd,mid,high
6602,1.92,157.0,3.0,3200.0,120.0,0.0,0.0,1024.0,8.0,43000.0,1.0,1.0,LED,No,DDR4,intel,low,Lenovo,Windows,intel,low,low
6603,2.87,141.0,2.5,3200.0,120.0,8.0,512.0,0.0,16.0,125000.0,1.0,1.0,LED,No,DDR4,nvidia,high,Lenovo,Windows,intel,high,high
6604,1.3,338.0,3.3,3200.0,60.0,4.0,1024.0,0.0,32.0,179990.0,1.0,0.0,LED,Yes,LPDDR5,nvidia,mid,Asus,Windows,amd,high,high
6605,1.4,166.0,4.2,3200.0,120.0,0.0,512.0,0.0,16.0,96999.0,1.0,1.0,LED,No,DDR4,intel,mid,Lenovo,Windows,intel,mid,low
6606,1.75,141.0,1.8,3200.0,120.0,4.0,512.0,0.0,16.0,219000.0,1.0,1.0,LED,No,LPDDR4,nvidia,low,Lenovo,Windows,intel,high,high
6607,1.75,157.0,2.8,3200.0,120.0,0.0,512.0,0.0,16.0,79990.0,1.0,1.0,LED,No,DDR4,intel,low,Lenovo,Windows,intel,mid,low
6608,1.3,227.0,4.7,3200.0,120.0,0.0,512.0,0.0,16.0,95990.0,1.0,1.0,LED,No,DDR4,intel,mid,Lenovo,DOS,intel,high,low
6609,1.75,166.0,2.8,3200.0,120.0,0.0,512.0,0.0,16.0,135990.0,1.0,1.0,LED,Yes,DDR4,intel,low,HP,Windows,intel,high,low
6610,1.75,141.0,2.8,3200.0,120.0,0.0,512.0,0.0,8.0,49500.0,1.0,1.0,LED,No,DDR4,amd,low,Lenovo,Windows,amd,mid,low
6611,1.92,141.0,2.4,3200.0,120.0,0.0,0.0,1024.0,8.0,69450.0,1.0,1.0,LED,No,DDR4,intel,low,Lenovo,Windows,intel,mid,low
6612,1.8,141.0,4.2,3200.0,120.0,0.0,512.0,0.0,16.0,61920.0,1.0,1.0,LED,No,DDR4,intel,mid,Acer,Windows,intel,mid,low
6613,1.75,157.0,3.3,3200.0,120.0,0.0,512.0,0.0,16.0,84990.0,1.0,1.0,LED,Yes,LPDDR4,intel,mid,Acer,Windows,intel,mid,low
6614,2.9,255.0,2.5,3200.0,120.0,16.0,2048.0,0.0,32.0,305871.0,1.0,0.0,LED,No,DDR5,nvidia,high,MSI,Windows,intel,high,high
6615,1.75,216.0,3.4,3200.0,120.0,0.0,1024.0,0.0,16.0,129990.0,1.0,1.0,LED,Yes,LPDDR5,intel,mid,Acer,Windows,intel,high,mid
6616,1.53,157.0,2.8,3200.0,120.0,0.0,512.0,0.0,16.0,156999.0,1.0,1.0,LED,No,DDR4,intel,mid,Lenovo,Windows,intel,high,low
6617,1.45,157.0,4.2,3200.0,120.0,0.0,512.0,0.0,16.0,86999.0,1.0,1.0,LED,No,DDR4,intel,low,Lenovo,Windows,intel,mid,low
6618,2.26,189.0,4.7,3200.0,60.0,4.0,1024.0,0.0,16.0,129990.0,0.0,0.0,LED,No,DDR4,nvidia,mid,MSI,Windows,intel,high,high
6619,1.98,141.0,2.8,3200.0,120.0,4.0,1024.0,0.0,16.0,174676.0,0.0,1.0,LED,Yes,DDR4,nvidia,mid,HP,Windows,intel,high,low
6620,1.32,166.0,2.3,3200.0,120.0,0.0,512.0,0.0,8.0,85999.0,0.0,1.0,LED,Yes,DDR4,amd,low,Lenovo,Windows,amd,mid,low
6621,1.75,141.0,2.8,3200.0,120.0,4.0,512.0,0.0,16.0,90949.0,1.0,1.0,LED,No,DDR5,nvidia,mid,Asus,Windows,intel,mid,high
6622,1.17,164.0,4.2,3200.0,120.0,0.0,512.0,0.0,16.0,103600.0,1.0,1.0,LED,No,LPDDR5,intel,mid,Dell,Windows,intel,mid,low
6623,2.51,141.0,3.1,3200.0,120.0,4.0,512.0,0.0,16.0,105990.0,1.0,0.0,LED,No,DDR5,nvidia,mid,Dell,Windows,amd,high,high
6624,1.59,227.0,3.4,3200.0,60.0,0.0,512.0,1024.0,16.0,93990.0,1.0,0.0,LED,No,LPDDR5,intel,low,Dell,Windows,intel,high,mid
6625,2.4,283.0,2.5,3200.0,120.0,6.0,1024.0,0.0,16.0,219990.0,1.0,1.0,OLED,No,DDR5,nvidia,mid,Asus,Windows,intel,high,high
6626,1.91,142.0,3.3,3200.0,60.0,0.0,512.0,0.0,16.0,75990.0,0.0,0.0,LED,No,DDR4,intel,mid,Dell,Windows,intel,mid,mid
6628,2.21,141.0,2.5,3200.0,60.0,0.0,512.0,0.0,8.0,45890.0,0.0,0.0,LED,No,DDR4,intel,mid,HP,Windows,intel,mid,low
6629,1.6,156.0,2.4,3200.0,120.0,2.0,512.0,0.0,8.0,56150.0,0.0,1.0,LED,No,DDR4,nvidia,low,Asus,Windows,intel,mid,low
6630,1.75,141.0,2.8,3200.0,120.0,4.0,1024.0,0.0,8.0,51999.0,1.0,1.0,LED,No,DDR4,nvidia,low,Asus,Windows,intel,mid,high
6631,1.75,157.0,2.4,3200.0,120.0,0.0,512.0,0.0,8.0,79249.0,0.0,1.0,LED,No,DDR4,intel,mid,Lenovo,Windows,intel,mid,low
6632,1.55,157.0,4.2,3200.0,120.0,0.0,0.0,1024.0,8.0,47990.0,1.0,1.0,LED,No,DDR4,intel,mid,Acer,Windows,intel,mid,low
6633,1.24,338.0,4.7,3200.0,60.0,0.0,1024.0,0.0,16.0,180403.0,1.0,0.0,LED,Yes,LPDDR5,intel,mid,Dell,Windows,intel,high,mid
6634,2.5,178.0,3.3,3200.0,120.0,0.0,512.0,0.0,8.0,106002.0,1.0,1.0,LED,No,LPDDR5,intel,mid,Other,Windows,intel,mid,mid
6635,1.9,162.0,3.3,3200.0,90.0,0.0,512.0,0.0,8.0,92642.0,1.0,0.0,LED,No,LPDDR5,intel,mid,Other,Windows,intel,mid,mid
6636,2.0,189.0,4.8,3200.0,120.0,4.0,1024.0,0.0,16.0,125150.0,1.0,0.0,LED,Yes,LPDDR4,nvidia,mid,MSI,Windows,intel,high,low
6637,1.62,157.0,2.8,3200.0,120.0,2.0,1024.0,0.0,16.0,104990.0,1.0,1.0,LED,Yes,LPDDR4X,nvidia,mid,Asus,Windows,intel,high,low
6638,1.3,169.0,4.7,3200.0,120.0,8.0,1024.0,0.0,16.0,138313.0,1.0,0.0,LED,No,LPDDR5,nvidia,mid,Asus,Windows,amd,high,high
6640,2.45,170.0,1.4,3200.0,120.0,6.0,1024.0,0.0,16.0,165990.0,0.0,1.0,LED,No,DDR4,nvidia,mid,MSI,Windows,intel,high,high
6641,1.3,338.0,3.0,4266.0,60.0,4.0,1.0,0.0,32.0,128900.0,0.0,0.0,LED,Yes,LPDDR4X,nvidia,low,Asus,Windows,amd,high,high
6642,2.25,141.0,4.7,3200.0,144.0,4.0,512.0,0.0,8.0,104990.0,0.0,0.0,LED,No,DDR4,nvidia,mid,MSI,Windows,intel,high,high
6643,3.5,141.0,2.3,3200.0,300.0,8.0,1024.0,0.0,32.0,195000.0,1.0,0.0,LED,No,DDR4,nvidia,high,Asus,Windows,intel,high,high
6644,3.5,127.0,2.3,3200.0,300.0,8.0,1024.0,0.0,32.0,199990.0,1.0,0.0,LED,No,DDR4,nvidia,high,Asus,Windows,intel,high,high
6646,2.3,188.0,4.8,3200.0,165.0,6.0,1024.0,0.0,8.0,194990.0,1.0,0.0,LED,No,DDR5,nvidia,mid,Asus,Windows,amd,high,high
6647,2.65,141.0,2.3,2933.0,120.0,6.0,1024.0,0.0,16.0,119990.0,0.0,0.0,LED,No,DDR4,nvidia,mid,Dell,Windows,intel,high,high
6648,2.3,188.0,4.8,3200.0,165.0,8.0,1024.0,0.0,16.0,134990.0,1.0,0.0,LED,No,DDR5,nvidia,high,Asus,Windows,amd,high,high
6649,2.3,141.0,4.8,3200.0,300.0,6.0,1024.0,0.0,8.0,185990.0,1.0,0.0,LED,No,DDR5,nvidia,mid,Asus,Windows,amd,high,high
6650,2.3,141.0,3.0,3200.0,120.0,4.0,1024.0,256.0,8.0,54999.0,0.0,1.0,LED,No,DDR4,nvidia,low,Acer,Windows,amd,mid,high
6651,1.69,157.0,3.0,3200.0,120.0,0.0,512.0,0.0,8.0,50000.0,1.0,1.0,LED,No,DDR4,intel,low,Lenovo,DOS,intel,low,low
6652,1.3,169.0,3.0,3200.0,120.0,4.0,1024.0,0.0,32.0,129990.0,1.0,0.0,LED,Yes,LPDDR4X,nvidia,low,Asus,Windows,amd,high,high
6653,1.76,141.0,2.8,3200.0,120.0,0.0,512.0,0.0,8.0,53999.0,1.0,1.0,LED,No,DDR4,amd,low,Acer,Windows,amd,high,low
6654,1.59,157.0,3.0,3200.0,120.0,0.0,256.0,0.0,4.0,44499.0,0.0,1.0,LED,No,DDR4,intel,low,Lenovo,DOS,intel,low,low
6655,2.2,141.0,4.7,3200.0,144.0,4.0,512.0,0.0,8.0,79999.0,1.0,0.0,LED,No,DDR4,nvidia,mid,Acer,Windows,intel,mid,high
6656,1.78,141.0,2.8,3200.0,120.0,0.0,1024.0,0.0,16.0,109990.0,0.0,1.0,LED,No,DDR4,intel,mid,Lenovo,Windows,intel,high,low
6660,1.81,141.0,3.4,3200.0,120.0,0.0,128.0,0.0,4.0,32990.0,1.0,1.0,LED,No,DDR4,amd,low,Acer,Windows,amd,low,low
6661,2.1,282.0,3.4,3200.0,120.0,4.0,1024.0,0.0,32.0,249990.0,1.0,1.0,LED,No,DDR5,nvidia,mid,Dell,Windows,intel,high,high
6663,1.5,157.0,1.8,3200.0,120.0,0.0,512.0,0.0,16.0,132590.0,1.0,1.0,LED,No,DDR4,intel,low,Other,Windows,intel,high,low
6664,1.54,157.0,2.8,3200.0,60.0,0.0,512.0,0.0,8.0,57490.0,0.0,0.0,LED,No,DDR4,amd,low,Dell,Windows,amd,mid,low
6665,2.2,141.0,2.1,3200.0,144.0,4.0,1024.0,0.0,16.0,94999.0,1.0,0.0,LED,No,DDR4,nvidia,mid,Asus,Windows,intel,high,high
6666,1.34,157.0,2.4,3200.0,120.0,0.0,0.0,0.0,4.0,41152.0,1.0,1.0,LED,No,LPDDR4,intel,low,Asus,Google Chrome,intel,low,low
6667,2.5,141.0,3.3,3200.0,120.0,4.0,512.0,0.0,8.0,70990.0,0.0,0.0,LED,No,DDR4,nvidia,mid,Dell,Windows,amd,mid,high
6668,1.74,141.0,4.7,3200.0,120.0,0.0,512.0,0.0,16.0,69900.0,0.0,1.0,LED,No,DDR4,intel,mid,HP,Windows,intel,mid,mid
6669,1.92,141.0,3.3,3200.0,120.0,6.0,1024.0,0.0,16.0,152001.0,1.0,1.0,LED,No,DDR4,nvidia,mid,Asus,Windows,amd,high,high
6670,2.6,127.0,2.8,3200.0,144.0,6.0,1024.0,0.0,16.0,139699.0,1.0,0.0,LED,No,DDR4,nvidia,mid,MSI,Windows,intel,high,high
6671,2.0,141.0,2.0,3200.0,120.0,4.0,1024.0,0.0,8.0,55990.0,1.0,1.0,LED,No,DDR4,nvidia,mid,Asus,Windows,intel,mid,high
6672,2.2,141.0,4.0,3200.0,120.0,4.0,0.0,1024.0,8.0,67399.0,0.0,1.0,LED,No,DDR4,nvidia,low,Lenovo,Windows,amd,mid,high
6673,2.32,137.0,4.7,3200.0,144.0,4.0,1024.0,0.0,16.0,109990.0,1.0,0.0,LED,No,DDR5,nvidia,mid,HP,Windows,intel,high,high
6674,1.05,135.0,2.8,3200.0,120.0,0.0,0.0,0.0,4.0,20990.0,1.0,1.0,LED,No,DDR4,intel,low,Asus,Windows,intel,low,low
6675,1.89,141.0,4.8,3200.0,120.0,4.0,1024.0,0.0,32.0,254490.0,0.0,1.0,LED,No,DDR4,nvidia,mid,HP,Windows,intel,high,high
6676,1.16,164.0,4.2,4267.0,120.0,0.0,512.0,0.0,16.0,115790.0,0.0,1.0,LED,No,DDR4,intel,mid,Dell,Windows,intel,mid,low
6677,1.21,331.0,4.2,4266.0,120.0,0.0,512.0,0.0,16.0,184148.0,0.0,1.0,LED,Yes,DDR4,intel,mid,HP,Windows,intel,mid,low
6678,2.27,141.0,4.7,2933.0,360.0,6.0,1024.0,0.0,16.0,246990.0,0.0,0.0,LED,No,DDR4,nvidia,mid,Dell,Windows,intel,high,high
6679,1.95,283.0,4.7,3200.0,60.0,4.0,1024.0,0.0,16.0,124990.0,1.0,0.0,OLED,No,DDR4,nvidia,mid,Asus,Windows,amd,high,high
6680,1.47,157.0,3.4,3200.0,120.0,0.0,512.0,0.0,8.0,52999.0,1.0,1.0,LED,No,DDR4,intel,low,HP,Windows,intel,low,low
6681,1.19,189.0,4.2,3200.0,120.0,0.0,512.0,0.0,8.0,86990.0,1.0,1.0,LED,No,DDR4,intel,mid,Other,Windows,intel,mid,low
6682,1.29,157.0,2.8,3200.0,120.0,2.0,1024.0,0.0,16.0,104990.0,1.0,1.0,LED,No,LPDDR4X,nvidia,mid,Asus,Windows,intel,high,low
6683,1.85,141.0,1.1,3200.0,120.0,0.0,0.0,1024.0,4.0,31490.0,1.0,1.0,LED,No,DDR4,intel,low,Lenovo,DOS,intel,low,low
6684,0.99,157.0,4.2,4266.0,120.0,0.0,256.0,0.0,8.0,76990.0,0.0,1.0,LED,No,DDR4,intel,mid,Other,Windows,intel,mid,low
6685,1.75,112.0,2.4,3200.0,120.0,0.0,512.0,0.0,8.0,59391.0,1.0,1.0,LED,No,DDR4,intel,mid,HP,Windows,intel,mid,low
6686,1.7,147.0,3.0,3200.0,120.0,0.0,0.0,1024.0,4.0,33500.0,1.0,1.0,LED,No,DDR4,intel,low,Lenovo,DOS,intel,low,low
6687,1.58,157.0,1.7,2666.0,120.0,0.0,256.0,1024.0,4.0,40990.0,0.0,1.0,LED,No,DDR4,intel,low,Dell,Windows,intel,low,low
6688,1.7,141.0,3.0,3200.0,120.0,0.0,256.0,0.0,4.0,29000.0,1.0,1.0,LED,No,DDR4,intel,low,Lenovo,Windows,intel,low,low
6689,2.3,188.0,3.3,3200.0,165.0,8.0,1024.0,0.0,16.0,259990.0,0.0,0.0,LED,No,DDR4,nvidia,high,Asus,Windows,amd,high,high
6690,1.7,147.0,3.0,3200.0,120.0,0.0,256.0,0.0,4.0,32990.0,1.0,1.0,LED,No,DDR4,intel,low,Lenovo,Windows,intel,low,low
6691,1.66,112.0,1.2,2666.0,120.0,0.0,0.0,1024.0,4.0,32490.0,0.0,1.0,LED,No,DDR4,intel,low,Dell,Windows,intel,low,low
6692,2.25,141.0,3.1,3200.0,120.0,4.0,512.0,0.0,8.0,59990.0,0.0,0.0,LED,No,DDR4,nvidia,mid,Lenovo,Windows,intel,mid,high
6693,1.45,157.0,2.8,3200.0,120.0,0.0,512.0,0.0,8.0,42500.0,1.0,1.0,LED,No,DDR4,intel,mid,Acer,Windows,intel,mid,low
6694,1.98,141.0,3.0,3200.0,144.0,4.0,256.0,1024.0,8.0,82899.0,0.0,0.0,LED,No,DDR4,nvidia,low,HP,Windows,amd,mid,high
6695,1.6,141.0,2.4,2400.0,120.0,0.0,512.0,0.0,8.0,57890.0,0.0,1.0,LED,No,DDR4,intel,mid,Asus,Windows,intel,mid,low
6696,1.3,169.0,3.1,4266.0,120.0,4.0,1024.0,0.0,16.0,132990.0,0.0,0.0,LED,No,LPDDR4X,nvidia,mid,Asus,Windows,amd,high,high
6697,1.85,141.0,1.2,3200.0,120.0,0.0,0.0,1024.0,4.0,34999.0,1.0,1.0,LED,No,DDR4,intel,low,Lenovo,Windows,intel,low,low
6698,1.6,210.0,2.9,1515.0,120.0,4.0,1024.0,0.0,8.0,74990.0,0.0,0.0,LED,No,LPDDR4X,nvidia,low,Asus,Windows,amd,high,high
6699,1.39,157.0,2.8,3200.0,120.0,4.0,512.0,0.0,16.0,54999.0,1.0,1.0,LED,No,LPDDR4X,nvidia,mid,Acer,Windows,amd,mid,low
6700,1.7,141.0,2.8,3200.0,120.0,2.0,1024.0,0.0,32.0,107819.0,1.0,1.0,LED,No,DDR4,nvidia,mid,Lenovo,Windows,intel,high,low
6701,1.27,304.0,2.4,4267.0,120.0,0.0,1024.0,0.0,16.0,46156.0,0.0,1.0,LED,Yes,LPDDR4X,intel,mid,Dell,Windows,intel,high,low
6702,1.5,157.0,2.1,3200.0,120.0,0.0,256.0,0.0,8.0,34990.0,1.0,1.0,LED,No,DDR4,intel,low,Lenovo,Windows,intel,low,low
6703,1.27,338.0,1.0,4267.0,120.0,0.0,512.0,0.0,16.0,154890.0,0.0,1.0,LED,Yes,LPDDR4X,intel,mid,Dell,Windows,intel,mid,low
6704,1.3,338.0,3.1,4266.0,60.0,4.0,1024.0,0.0,32.0,129990.0,0.0,0.0,LED,Yes,LPDDR4X,nvidia,low,Asus,Windows,amd,high,high
6706,2.3,141.0,2.5,2933.0,120.0,4.0,512.0,0.0,8.0,63990.0,0.0,1.0,LED,No,DDR4,nvidia,low,Asus,Windows,intel,mid,high
6707,2.1,141.0,2.8,3200.0,144.0,4.0,1024.0,0.0,16.0,101990.0,0.0,0.0,LED,No,DDR4,nvidia,mid,Asus,Windows,amd,high,high
6708,2.7,127.0,4.6,3200.0,300.0,16.0,1024.0,0.0,32.0,254990.0,0.0,0.0,LED,No,DDR4,nvidia,high,Asus,Windows,amd,high,high
6709,1.83,141.0,1.2,2666.0,120.0,0.0,256.0,1024.0,4.0,43322.0,0.0,1.0,LED,No,DDR4,intel,low,Dell,Windows,intel,low,low
6710,1.4,156.0,2.1,3200.0,120.0,0.0,1024.0,0.0,8.0,63990.0,0.0,1.0,LED,No,DDR4,amd,low,Asus,Windows,amd,mid,low
6711,1.83,141.0,1.2,2666.0,120.0,0.0,256.0,1024.0,4.0,47693.0,0.0,1.0,LED,No,DDR4,intel,low,Dell,Windows,intel,low,low
6712,2.4,141.0,2.8,3200.0,144.0,4.0,256.0,1024.0,8.0,63490.0,1.0,0.0,LED,No,DDR4,nvidia,mid,Acer,Windows,amd,mid,high
6713,2.3,141.0,2.3,3200.0,144.0,4.0,1024.0,0.0,8.0,94990.0,0.0,0.0,LED,No,DDR4,nvidia,mid,Asus,Windows,intel,high,high
6714,1.83,141.0,1.2,2666.0,120.0,0.0,512.0,0.0,4.0,40499.0,0.0,1.0,LED,No,DDR4,intel,low,Dell,Windows,intel,low,low
6715,2.3,141.0,2.8,3200.0,300.0,6.0,1024.0,0.0,16.0,154990.0,0.0,0.0,LED,No,DDR4,nvidia,mid,Asus,Windows,amd,high,high
6716,1.29,166.0,1.8,3200.0,120.0,0.0,512.0,0.0,16.0,161165.0,1.0,1.0,LED,No,DDR4,intel,low,Lenovo,Windows,intel,high,low
6717,1.22,157.0,2.1,3200.0,120.0,0.0,512.0,0.0,8.0,78990.0,1.0,1.0,LED,No,LPDDR4X,amd,low,Asus,Windows,amd,mid,low
6718,1.29,166.0,1.6,2133.0,120.0,0.0,512.0,0.0,8.0,101490.0,0.0,1.0,LED,No,DDR4,intel,low,Dell,Windows,intel,mid,low
6719,2.2,157.0,2.8,3200.0,120.0,0.0,512.0,0.0,8.0,119900.0,1.0,1.0,LED,No,DDR4,intel,mid,HP,Windows,intel,high,low
6720,1.5,157.0,1.6,3200.0,120.0,0.0,512.0,0.0,16.0,155411.0,1.0,1.0,LED,No,DDR4,intel,low,Lenovo,Windows,intel,mid,low
6721,2.3,141.0,2.8,3200.0,300.0,8.0,1024.0,0.0,16.0,159990.0,0.0,0.0,LED,No,DDR4,nvidia,mid,Asus,Windows,amd,high,high
6722,2.3,141.0,3.1,3200.0,300.0,6.0,1024.0,0.0,16.0,139990.0,0.0,0.0,LED,No,DDR4,nvidia,mid,Asus,Windows,amd,high,high
6723,1.83,141.0,2.4,2666.0,120.0,0.0,256.0,1024.0,4.0,56050.0,0.0,1.0,LED,No,DDR4,intel,mid,Dell,Windows,intel,mid,low
6724,1.55,157.0,1.6,3200.0,120.0,0.0,512.0,0.0,8.0,125490.0,0.0,1.0,LED,No,DDR4,intel,low,Lenovo,Windows,intel,mid,low
6725,1.29,166.0,1.6,3200.0,120.0,0.0,512.0,0.0,16.0,146990.0,0.0,1.0,LED,No,DDR4,intel,low,Lenovo,Windows,intel,mid,low
6726,2.3,141.0,3.0,3200.0,300.0,8.0,1024.0,0.0,16.0,154990.0,0.0,0.0,LED,No,DDR4,nvidia,high,Asus,Windows,amd,high,high
6727,2.7,127.0,3.4,3200.0,300.0,6.0,1024.0,0.0,16.0,129999.0,0.0,0.0,LED,No,DDR4,nvidia,mid,Asus,Windows,amd,high,high
6728,1.72,157.0,2.8,3200.0,120.0,0.0,512.0,0.0,8.0,80179.0,0.0,1.0,LED,Yes,DDR4,intel,mid,Dell,Windows,intel,high,low
6729,2.5,282.0,2.6,2666.0,120.0,6.0,1024.0,0.0,32.0,219990.0,0.0,1.0,LED,No,DDR4,nvidia,mid,Asus,Windows,intel,high,high
6730,2.48,141.0,2.3,3200.0,300.0,8.0,1024.0,0.0,32.0,360990.0,0.0,0.0,LED,No,DDR4,nvidia,high,Asus,Windows,intel,high,high
6731,2.33,141.0,2.3,2400.0,144.0,4.0,256.0,1024.0,16.0,53990.0,0.0,0.0,LED,No,DDR4,amd,mid,MSI,Windows,amd,high,high
6732,1.29,227.0,1.1,3733.0,120.0,0.0,256.0,0.0,8.0,92890.0,0.0,1.0,LED,No,LPDDR4X,intel,low,Apple,macOS,intel,mid,mid
6733,1.52,157.0,4.2,3200.0,120.0,2.0,512.0,0.0,8.0,73223.0,0.0,1.0,LED,Yes,DDR4,nvidia,low,Dell,Windows,intel,mid,low
6734,2.3,141.0,2.6,2666.0,60.0,4.0,256.0,1024.0,8.0,77740.0,0.0,0.0,LED,No,DDR4,nvidia,low,Lenovo,Windows,intel,high,high
6735,1.8,141.0,4.0,3200.0,120.0,0.0,256.0,0.0,4.0,44890.0,1.0,1.0,LED,No,DDR4,intel,low,Asus,Windows,intel,low,low
6736,1.6,157.0,1.0,3200.0,120.0,0.0,512.0,0.0,8.0,48999.0,0.0,1.0,LED,No,DDR4,intel,low,Asus,Windows,intel,mid,low
6737,1.35,157.0,1.0,3733.0,120.0,0.0,512.0,0.0,8.0,59400.0,0.0,1.0,LED,No,LPDDR4X,intel,low,Asus,Windows,intel,mid,low
6738,1.7,210.0,3.0,3200.0,60.0,6.0,1024.0,0.0,16.0,165000.0,0.0,0.0,LED,No,DDR4,nvidia,mid,Asus,Windows,amd,high,high
6739,1.52,157.0,4.8,3200.0,120.0,2.0,512.0,0.0,8.0,92754.0,0.0,1.0,LED,Yes,DDR4,nvidia,low,Dell,Windows,intel,high,low
6740,1.7,141.0,4.0,3200.0,120.0,2.0,512.0,0.0,4.0,52490.0,1.0,1.0,LED,No,DDR4,nvidia,mid,Acer,Windows,intel,mid,low
6741,1.27,331.0,4.0,3200.0,120.0,0.0,512.0,0.0,16.0,115545.0,1.0,1.0,LED,No,LPDDR4X,intel,mid,Dell,Windows,intel,high,low
6742,1.46,166.0,1.2,1866.0,120.0,0.0,512.0,0.0,16.0,234759.0,0.0,1.0,LED,Yes,LPDDR3,intel,low,HP,Windows,intel,high,low
6743,1.52,112.0,1.2,2133.0,120.0,0.0,0.0,1024.0,8.0,45280.0,0.0,1.0,LED,No,DDR4,intel,low,HP,Windows,intel,low,low
6744,2.5,282.0,2.6,2933.0,120.0,6.0,1024.0,0.0,32.0,224990.0,0.0,1.0,LED,No,DDR4,nvidia,mid,Asus,Windows,intel,high,high
6745,2.38,141.0,2.6,3200.0,240.0,6.0,1024.0,0.0,16.0,164990.0,0.0,0.0,LED,No,DDR4,nvidia,mid,MSI,Windows,intel,high,high
6746,1.5,166.0,1.8,3200.0,120.0,0.0,512.0,0.0,16.0,99990.0,1.0,1.0,LED,No,LPDDR3,intel,low,Asus,Windows,intel,high,low
6747,2.6,127.0,2.5,2933.0,60.0,4.0,512.0,0.0,8.0,71990.0,0.0,0.0,LED,No,DDR4,nvidia,low,Asus,Windows,intel,mid,high
6748,2.2,100.0,2.3,2400.0,120.0,0.0,0.0,1024.0,4.0,35640.0,0.0,1.0,LED,No,DDR4,intel,low,Dell,Windows,intel,low,low
6749,0.92,218.0,2.0,3200.0,120.0,0.0,128.0,0.0,4.0,26999.0,1.0,1.0,LED,Yes,LPDDR4,mediatek,low,Lenovo,Google Chrome,mediatek,low,low
6750,1.68,112.0,1.6,3200.0,120.0,0.0,0.0,1024.0,8.0,56990.0,1.0,1.0,LED,No,DDR4,intel,low,Asus,DOS,intel,mid,low
6751,2.4,141.0,2.9,2666.0,120.0,8.0,512.0,1024.0,32.0,320990.0,0.0,1.0,LED,No,DDR4,nvidia,high,Dell,Windows,intel,high,high
6752,2.66,127.0,2.8,2666.0,240.0,8.0,1024.0,1024.0,32.0,179990.0,0.0,0.0,LED,No,DDR4,nvidia,high,MSI,Windows,intel,high,high
6753,1.77,141.0,2.3,2133.0,120.0,2.0,0.0,1024.0,4.0,24576.0,0.0,1.0,LED,No,DDR4,nvidia,low,HP,Windows,intel,low,low
6754,1.75,141.0,1.8,2666.0,120.0,2.0,1024.0,0.0,16.0,130990.0,0.0,1.0,LED,No,DDR4,nvidia,low,HP,Windows,intel,high,low
6755,1.68,112.0,1.6,3200.0,120.0,0.0,0.0,1024.0,8.0,70990.0,1.0,1.0,LED,No,DDR4,intel,low,Asus,Windows,intel,mid,low
6756,1.6,157.0,1.6,3200.0,120.0,2.0,0.0,1024.0,8.0,69290.0,1.0,1.0,LED,No,DDR4,nvidia,low,Asus,DOS,intel,mid,low
6757,1.83,282.0,2.6,2933.0,120.0,4.0,1024.0,0.0,32.0,208346.0,0.0,1.0,LED,No,DDR4,nvidia,low,Dell,Windows,intel,high,high
6758,2.2,141.0,2.6,2666.0,144.0,8.0,1024.0,0.0,16.0,151990.0,0.0,0.0,LED,No,DDR4,nvidia,mid,Lenovo,Windows,intel,high,high
6759,1.27,338.0,1.3,3337.0,120.0,0.0,1024.0,0.0,16.0,190976.0,0.0,1.0,LED,No,DDR4,intel,low,Dell,Windows,intel,high,low
6760,2.16,282.0,2.6,2666.0,60.0,8.0,0.0,1024.0,16.0,217290.0,0.0,0.0,OLED,No,DDR4,nvidia,high,Dell,Windows,intel,high,high
6761,2.17,104.0,1.2,2666.0,120.0,0.0,256.0,1024.0,4.0,50778.0,0.0,1.0,LED,No,DDR4,intel,low,Dell,Windows,intel,low,low
6762,1.2,157.0,2.3,3200.0,120.0,0.0,512.0,0.0,8.0,59991.0,1.0,1.0,LED,No,LPDDR4,amd,low,Acer,Windows,amd,mid,low
6763,1.47,112.0,1.2,2666.0,120.0,0.0,0.0,1024.0,4.0,42500.0,0.0,1.0,LED,No,DDR4,intel,low,HP,Windows,intel,low,low
6764,1.48,157.0,3.9,2400.0,120.0,0.0,512.0,0.0,8.0,90990.0,0.0,1.0,LED,No,DDR4,intel,low,HP,Windows,intel,mid,low
6765,1.3,166.0,1.6,2133.0,120.0,0.0,512.0,0.0,8.0,75831.0,0.0,1.0,LED,Yes,DDR4,intel,low,Asus,Windows,intel,mid,low
6766,1.6,112.0,1.6,2400.0,120.0,0.0,0.0,1024.0,8.0,85000.0,0.0,1.0,LED,No,DDR4,intel,low,HP,Windows,intel,mid,low
6767,2.1,141.0,2.6,2666.0,240.0,8.0,1024.0,0.0,24.0,169990.0,0.0,0.0,LED,No,DDR4,nvidia,high,Asus,Windows,intel,high,high
6768,1.2,166.0,1.8,2400.0,120.0,2.0,512.0,0.0,16.0,99990.0,0.0,1.0,LED,Yes,DDR4,nvidia,low,HP,Windows,intel,high,low
6769,1.6,112.0,3.4,3200.0,120.0,0.0,0.0,1024.0,4.0,39000.0,1.0,1.0,LED,No,DDR4,intel,low,Lenovo,Windows,intel,low,low
6770,1.65,157.0,1.8,2400.0,120.0,2.0,1024.0,0.0,16.0,126990.0,0.0,1.0,LED,Yes,DDR4,nvidia,low,Lenovo,Windows,intel,high,low
6771,1.83,221.0,2.3,2400.0,120.0,4.0,512.0,0.0,16.0,207040.0,0.0,1.0,LED,No,DDR4,amd,mid,Apple,macOS,intel,high,high
6772,1.46,157.0,1.8,2400.0,120.0,0.0,256.0,0.0,8.0,66999.0,0.0,1.0,LED,No,DDR4,intel,low,Other,Windows,intel,high,low
6773,1.65,157.0,1.6,2400.0,120.0,2.0,1024.0,0.0,8.0,111890.0,0.0,1.0,LED,Yes,DDR4,nvidia,low,Lenovo,Windows,intel,mid,low
6774,1.9,141.0,1.8,2400.0,120.0,4.0,128.0,1024.0,8.0,87990.0,0.0,1.0,LED,No,DDR4,nvidia,low,Dell,Windows,intel,high,low
6775,1.45,166.0,1.6,2400.0,120.0,0.0,256.0,0.0,8.0,61790.0,0.0,1.0,LED,Yes,DDR4,intel,low,Dell,Windows,intel,mid,low
6776,1.4,317.0,1.8,2400.0,120.0,0.0,512.0,0.0,16.0,154791.0,0.0,1.0,LED,Yes,DDR4,intel,low,Lenovo,Windows,intel,high,low
6777,2.2,127.0,2.2,2400.0,120.0,4.0,0.0,1024.0,8.0,98990.0,0.0,1.0,LED,No,DDR4,nvidia,low,MSI,Windows,intel,high,high
6778,1.19,166.0,1.8,2133.0,120.0,0.0,512.0,0.0,8.0,74990.0,0.0,1.0,LED,No,DDR3,intel,low,Asus,Windows,intel,high,low
6779,3.4,282.0,2.6,2400.0,120.0,4.0,128.0,1024.0,16.0,116640.0,0.0,1.0,LED,No,DDR4,nvidia,low,Acer,Windows,intel,high,high
6780,2.2,141.0,1.8,2666.0,120.0,2.0,128.0,1024.0,8.0,89990.0,0.0,1.0,LED,No,DDR4,nvidia,low,Dell,Windows,intel,high,low
6781,2.6,141.0,2.8,2400.0,120.0,6.0,256.0,1024.0,16.0,154990.0,0.0,1.0,LED,No,DDR4,nvidia,mid,Asus,Windows,intel,high,high
6782,1.28,201.0,2.5,1600.0,120.0,0.0,256.0,0.0,8.0,126500.0,0.0,1.0,LED,Yes,DDR3,intel,low,Other,Windows,intel,high,low
6783,3.78,127.0,2.8,2400.0,120.0,6.0,256.0,1024.0,16.0,191078.0,0.0,1.0,LED,No,DDR4,nvidia,mid,HP,Windows,intel,high,high
6784,1.4,162.0,4.6,5200.0,60.0,0.0,512.0,0.0,16.0,67990.0,0.0,0.0,IPS LCD,No,DDR5,intel,low,Asus,Windows,intel,mid,high
6785,1.89,282.0,2.9,2400.0,120.0,4.0,1024.0,0.0,16.0,209690.0,0.0,1.0,LED,Yes,DDR4,nvidia,low,Asus,Windows,intel,high,high
6786,1.91,250.0,1.9,1866.0,120.0,6.0,256.0,0.0,16.0,222499.0,0.0,1.0,LED,Yes,DDR3,nvidia,mid,Other,Windows,intel,high,low
6789,4.56,127.0,2.9,2400.0,120.0,8.0,512.0,1024.0,32.0,308229.0,0.0,1.0,LED,No,DDR4,nvidia,high,MSI,Windows,intel,high,high
6790,1.5,162.0,4.6,3200.0,60.0,0.0,512.0,0.0,16.0,69990.0,0.0,0.0,IPS LCD,Yes,DDR4,intel,low,Asus,Windows,intel,mid,high
6791,1.42,157.0,4.6,3200.0,60.0,0.0,512.0,0.0,32.0,62990.0,1.0,0.0,LED,No,DDR5,intel,low,Asus,Windows,intel,mid,high
6792,1.4,162.0,4.9,5200.0,60.0,0.0,512.0,0.0,16.0,79990.0,0.0,0.0,IPS LCD,No,DDR5,intel,low,Asus,Windows,intel,high,high
6793,1.61,162.0,5.1,5600.0,120.0,0.0,512.0,0.0,16.0,85273.0,0.0,1.0,LED,No,DDR5,amd,low,Dell,Windows,amd,high,low
6795,1.27,216.0,4.5,8533.0,144.0,0.0,1024.0,0.0,16.0,94990.0,0.0,0.0,LED,No,LPDDR5X,intel,mid,Asus,Windows,intel,mid,low
6796,1.75,141.0,4.3,3200.0,60.0,0.0,512.0,0.0,16.0,55254.0,0.0,0.0,LED,No,DDR4,amd,low,MSI,Windows,amd,mid,low
6797,2.4,141.0,3.0,3200.0,120.0,4.0,512.0,0.0,8.0,69990.0,1.0,1.0,LED,No,DDR4,nvidia,low,Acer,Windows,amd,mid,high
6799,1.7,216.0,5.0,3200.0,240.0,8.0,1024.0,0.0,16.0,145900.0,1.0,0.0,LED,No,DDR5,nvidia,mid,MSI,Windows,intel,high,high
6800,1.9,141.0,4.9,3200.0,144.0,0.0,512.0,0.0,16.0,64990.0,0.0,0.0,IPS LCD,No,DDR4,intel,low,MSI,Windows,intel,high,high
6801,1.69,141.0,4.2,3200.0,120.0,0.0,512.0,0.0,16.0,49500.0,1.0,1.0,LED,No,DDR4,intel,mid,HP,Windows,intel,mid,low
6802,1.95,189.0,4.8,6400.0,120.0,0.0,1024.0,0.0,16.0,135999.0,0.0,0.0,OLED,Yes,LPDDR5X,intel,mid,HP,Windows,intel,high,high
6803,2.99,189.0,4.9,4800.0,165.0,8.0,1024.0,0.0,16.0,158145.0,0.0,0.0,LED,No,DDR5,nvidia,mid,Dell,Windows,intel,high,high
6804,2.0,141.0,4.0,5600.0,144.0,8.0,512.0,0.0,16.0,119990.0,0.0,0.0,LED,No,DDR5,nvidia,mid,MSI,Windows,amd,high,high
6805,1.46,141.0,1.8,3200.0,60.0,0.0,1024.0,0.0,16.0,133990.0,1.0,0.0,AMOLED,Yes,LPDDR5,intel,mid,Samsung,Windows,intel,high,low
6806,2.7,127.0,4.0,3200.0,144.0,8.0,1024.0,0.0,16.0,136668.0,1.0,0.0,IPS LCD,No,DDR5,nvidia,high,MSI,Windows,amd,high,high
6807,2.37,137.0,4.8,5600.0,165.0,8.0,1024.0,0.0,32.0,119990.0,0.0,0.0,LED,No,DDR5,nvidia,mid,HP,Windows,amd,high,high
6808,2.25,141.0,4.0,3200.0,144.0,8.0,1024.0,0.0,16.0,120538.0,1.0,0.0,IPS LCD,No,DDR5,nvidia,high,MSI,Windows,amd,high,high
6809,1.9,141.0,4.8,5600.0,60.0,0.0,512.0,0.0,16.0,61990.0,0.0,0.0,LED,No,DDR5,intel,mid,MSI,Windows,intel,high,high
6810,1.9,141.0,4.5,5600.0,60.0,0.0,512.0,0.0,16.0,52690.0,0.0,0.0,LED,No,DDR5,intel,mid,MSI,Windows,intel,mid,high
6811,1.9,141.0,4.8,5600.0,60.0,0.0,512.0,0.0,16.0,63000.0,0.0,0.0,LED,No,DDR5,intel,mid,MSI,Windows,intel,high,high
6812,2.75,189.0,5.8,3200.0,240.0,12.0,1024.0,0.0,32.0,249990.0,1.0,0.0,LED,No,DDR5,nvidia,high,MSI,Windows,intel,high,high
6813,1.9,141.0,4.5,5600.0,60.0,0.0,512.0,0.0,16.0,72211.0,0.0,0.0,LED,No,DDR5,intel,mid,MSI,Windows,intel,mid,high
6814,1.48,157.0,4.4,3200.0,120.0,0.0,512.0,0.0,16.0,57990.0,0.0,1.0,LED,No,DDR4,intel,mid,Dell,Windows,intel,mid,low
6815,1.4,157.0,4.2,3200.0,60.0,0.0,512.0,0.0,8.0,37990.0,0.0,0.0,LED,No,DDR4,intel,mid,MSI,Windows,intel,mid,low
6816,1.34,189.0,3.4,8448.0,120.0,0.0,1024.0,0.0,16.0,125490.0,0.0,1.0,LED,Yes,LPDDR5X,qualcomm,low,HP,Windows,qualcomm,high,high
6817,1.7,141.0,1.2,3200.0,60.0,0.0,512.0,0.0,16.0,47990.0,1.0,0.0,LED,No,DDR4,intel,mid,MSI,Windows,intel,high,low
6818,1.86,141.0,4.6,3200.0,144.0,4.0,512.0,0.0,8.0,52990.0,1.0,0.0,LED,No,DDR4,nvidia,low,MSI,Windows,intel,mid,high
6819,1.7,141.0,1.2,3200.0,60.0,0.0,1024.0,0.0,16.0,48674.0,1.0,0.0,LED,No,DDR4,intel,mid,MSI,Windows,intel,high,low
6820,2.1,189.0,4.8,6400.0,165.0,0.0,1024.0,0.0,32.0,139990.0,0.0,0.0,LED,Yes,LPDDR5,intel,mid,MSI,Windows,intel,high,high
6821,1.49,112.0,1.1,2400.0,120.0,0.0,0.0,0.0,4.0,23990.0,0.0,1.0,LED,Yes,LPDDR4,intel,low,HP,Google Chrome,intel,low,low
6822,1.4,157.0,4.2,3200.0,60.0,0.0,512.0,0.0,16.0,39990.0,1.0,0.0,LED,No,DDR4,intel,mid,MSI,Windows,intel,mid,low
6823,1.98,141.0,1.7,3200.0,144.0,8.0,512.0,0.0,16.0,94990.0,1.0,0.0,LED,No,DDR5,nvidia,mid,MSI,Windows,intel,high,high
6824,1.59,141.0,2.8,3200.0,120.0,0.0,512.0,0.0,8.0,29990.0,1.0,1.0,TFT LCD,No,DDR4,amd,low,Acer,Windows,amd,low,low
6825,1.86,141.0,1.7,3200.0,144.0,4.0,1024.0,0.0,8.0,62990.0,1.0,0.0,LED,No,DDR4,nvidia,low,MSI,Windows,intel,high,high
6826,1.4,157.0,4.2,3200.0,60.0,0.0,512.0,0.0,8.0,28990.0,1.0,0.0,LED,No,DDR4,intel,low,MSI,Windows,intel,low,low
6827,1.63,141.0,2.8,5500.0,120.0,0.0,512.0,0.0,8.0,37490.0,0.0,0.0,LED,No,LPDDR5,amd,low,Dell,Windows,amd,mid,low
6828,1.4,157.0,4.7,3200.0,60.0,0.0,512.0,0.0,16.0,46999.0,1.0,0.0,LED,No,DDR4,intel,mid,MSI,Windows,intel,high,low
6829,1.55,141.0,5.0,3200.0,120.0,0.0,512.0,0.0,16.0,83990.0,1.0,1.0,LED,No,LPDDR4X,intel,mid,Samsung,Windows,intel,high,low
6830,1.65,141.0,4.5,3200.0,120.0,0.0,512.0,0.0,8.0,73900.0,1.0,1.0,LED,No,DDR5,intel,low,HP,Windows,intel,mid,high
6832,1.62,141.0,4.5,2666.0,120.0,0.0,512.0,0.0,8.0,37490.0,0.0,0.0,LED,No,DDR4,intel,low,Dell,Windows,intel,low,low
6833,1.65,141.0,4.4,2666.0,120.0,0.0,512.0,0.0,8.0,49990.0,0.0,0.0,LED,No,DDR4,intel,low,Dell,Windows,intel,mid,low
6835,1.55,141.0,4.6,3200.0,60.0,0.0,512.0,0.0,8.0,67990.0,1.0,0.0,LED,No,LPDDR4X,intel,mid,Samsung,Windows,intel,mid,low
6836,2.81,141.0,4.6,4800.0,165.0,6.0,1024.0,0.0,16.0,111990.0,0.0,0.0,LED,No,DDR5,nvidia,mid,Dell,Windows,intel,high,high
6837,1.41,162.0,4.5,3200.0,120.0,0.0,512.0,0.0,8.0,49990.0,0.0,1.0,LED,No,DDR4,intel,low,Lenovo,Windows,intel,low,low
6838,1.77,142.0,4.8,7467.0,120.0,0.0,512.0,0.0,16.0,83490.0,0.0,1.0,LED,No,LPDDR5X,intel,low,HP,Windows,intel,high,low
6839,1.87,142.0,4.6,5200.0,60.0,0.0,512.0,0.0,16.0,63990.0,0.0,0.0,LED,No,DDR5,intel,mid,Dell,Windows,intel,mid,low
6840,1.41,162.0,4.6,3200.0,120.0,0.0,512.0,0.0,8.0,71790.0,0.0,1.0,IPS LCD,No,DDR4,intel,low,Lenovo,Windows,intel,mid,low
6841,1.63,141.0,4.2,3200.0,60.0,0.0,512.0,0.0,8.0,36699.0,1.0,0.0,LED,No,LPDDR5,amd,low,Asus,Windows,amd,mid,low
6842,1.77,142.0,4.6,3200.0,120.0,0.0,512.0,0.0,16.0,72490.0,0.0,1.0,LED,No,DDR4,intel,mid,Lenovo,Windows,intel,mid,low
6843,3.6,252.0,5.8,3200.0,120.0,16.0,2048.0,0.0,64.0,399990.0,1.0,0.0,Mini LED,No,DDR5,nvidia,high,MSI,Windows,intel,high,high
6845,1.77,142.0,4.5,3200.0,120.0,0.0,512.0,0.0,8.0,49990.0,0.0,1.0,LED,No,DDR4,intel,low,Lenovo,Windows,intel,low,low
6847,2.89,252.0,5.1,3200.0,120.0,12.0,2048.0,0.0,32.0,258700.0,1.0,0.0,Mini LED,No,DDR5,nvidia,high,MSI,Windows,intel,high,high
6849,1.59,141.0,2.8,3200.0,120.0,0.0,512.0,0.0,16.0,39999.0,1.0,1.0,TFT LCD,No,DDR4,amd,low,Acer,Windows,amd,mid,low
6850,2.4,141.0,3.1,4800.0,144.0,6.0,512.0,0.0,16.0,69990.0,0.0,0.0,LED,No,DDR5,nvidia,mid,Lenovo,Windows,intel,mid,high
6851,3.6,252.0,5.8,3200.0,120.0,12.0,2048.0,0.0,32.0,312300.0,1.0,0.0,Mini LED,No,DDR5,nvidia,high,MSI,Windows,intel,high,high
6852,1.59,141.0,2.8,3200.0,120.0,0.0,512.0,0.0,16.0,43990.0,1.0,1.0,TFT LCD,No,DDR4,intel,low,Acer,Windows,intel,mid,low
6853,1.55,141.0,1.4,3200.0,120.0,0.0,512.0,0.0,16.0,68999.0,1.0,1.0,LED,No,LPDDR4X,intel,low,Samsung,Windows,intel,mid,low
6854,2.38,141.0,3.1,4800.0,144.0,6.0,512.0,0.0,16.0,66490.0,0.0,0.0,LED,No,DDR5,nvidia,mid,Lenovo,Windows,intel,mid,high
6855,1.65,141.0,3.0,3200.0,120.0,0.0,256.0,0.0,8.0,33990.0,0.0,1.0,LED,No,DDR4,intel,low,Lenovo,Windows,intel,low,low
6857,1.55,141.0,4.6,3200.0,120.0,0.0,512.0,0.0,16.0,73990.0,1.0,1.0,LED,No,LPDDR4X,intel,mid,Samsung,Windows,intel,mid,low
6858,1.56,212.0,4.8,3200.0,120.0,0.0,512.0,0.0,16.0,149990.0,1.0,0.0,AMOLED,Yes,LPDDR5X,intel,mid,Samsung,Windows,intel,high,high
6859,1.45,157.0,2.8,3200.0,120.0,0.0,512.0,0.0,8.0,37990.0,1.0,1.0,TFT LCD,No,DDR4,intel,low,Acer,Windows,intel,mid,low
6860,1.45,157.0,4.4,3200.0,120.0,0.0,512.0,0.0,16.0,38990.0,1.0,1.0,TFT LCD,No,DDR4,intel,low,Acer,Windows,intel,mid,low
6861,1.45,157.0,2.8,3200.0,120.0,0.0,1024.0,0.0,16.0,49990.0,1.0,1.0,TFT LCD,No,DDR4,intel,low,Acer,Windows,intel,high,low
6863,1.45,157.0,2.8,3200.0,120.0,0.0,512.0,0.0,16.0,46990.0,1.0,1.0,TFT LCD,No,DDR4,intel,low,Acer,Windows,intel,high,low
6864,2.38,141.0,4.6,4800.0,144.0,6.0,512.0,0.0,16.0,86990.0,0.0,0.0,LED,No,DDR5,nvidia,mid,Lenovo,Windows,intel,mid,high
6865,1.5,243.0,4.0,3200.0,120.0,8.0,1024.0,0.0,16.0,164990.0,1.0,0.0,OLED,No,LPDDR5X,nvidia,mid,Asus,Windows,amd,high,high
6866,1.85,189.0,4.8,7467.0,240.0,8.0,1024.0,0.0,16.0,172000.0,0.0,0.0,OLED,No,LPDDR5X,nvidia,mid,Asus,Windows,intel,high,high
6867,2.2,278.0,4.8,6400.0,90.0,8.0,1024.0,0.0,32.0,315020.0,0.0,0.0,OLED,Yes,LPDDR5X,nvidia,mid,Dell,Windows,intel,high,high
6868,2.5,142.0,4.9,4800.0,165.0,8.0,1024.0,0.0,16.0,149990.0,0.0,0.0,LED,No,DDR5,nvidia,high,Asus,Windows,intel,high,high
6869,1.8,260.0,4.8,7467.0,120.0,6.0,1024.0,0.0,32.0,304305.0,0.0,0.0,OLED,Yes,LPDDR5X,nvidia,mid,Dell,Windows,intel,high,high
6870,1.59,141.0,2.8,3200.0,120.0,0.0,512.0,0.0,16.0,49990.0,1.0,1.0,TFT LCD,No,DDR4,intel,low,Acer,Windows,intel,high,low
6871,1.75,141.0,3.1,4800.0,144.0,6.0,512.0,0.0,12.0,62490.0,0.0,0.0,LED,No,DDR5,nvidia,mid,Lenovo,Windows,amd,mid,high
6872,1.59,141.0,2.8,3200.0,120.0,0.0,1024.0,0.0,16.0,51990.0,1.0,1.0,TFT LCD,No,DDR4,intel,low,Acer,Windows,intel,high,low
6873,2.61,189.0,5.1,5600.0,240.0,8.0,1024.0,0.0,32.0,215590.0,0.0,0.0,LED,No,DDR5,nvidia,high,Dell,Windows,intel,high,high
6874,1.66,141.0,4.6,2666.0,120.0,0.0,512.0,0.0,8.0,48990.0,0.0,0.0,LED,No,DDR4,intel,low,Dell,Windows,intel,mid,low
6875,1.75,141.0,4.6,4800.0,144.0,6.0,512.0,0.0,24.0,79490.0,0.0,0.0,LED,No,DDR5,nvidia,mid,Lenovo,Windows,intel,mid,high
6876,1.61,162.0,3.1,5600.0,60.0,0.0,1024.0,0.0,16.0,68999.0,0.0,0.0,LED,No,DDR5,amd,low,Dell,Windows,amd,mid,low
6877,1.74,141.0,4.2,3200.0,120.0,0.0,512.0,0.0,8.0,57899.0,1.0,1.0,LED,No,DDR4,intel,low,HP,DOS,intel,mid,low
6878,1.59,141.0,2.8,3200.0,120.0,0.0,512.0,0.0,16.0,39990.0,1.0,1.0,TFT LCD,No,DDR4,amd,low,Acer,Windows,amd,high,low
6879,2.35,137.0,5.4,5600.0,165.0,8.0,1024.0,0.0,16.0,145990.0,0.0,0.0,LED,No,DDR5,nvidia,mid,HP,Windows,intel,high,high
6880,2.29,141.0,4.6,3200.0,144.0,6.0,1024.0,0.0,16.0,82490.0,0.0,0.0,LED,No,DDR4,nvidia,mid,HP,Windows,intel,mid,high
6881,1.66,141.0,4.6,2666.0,120.0,0.0,512.0,0.0,16.0,52890.0,0.0,0.0,LED,No,DDR4,intel,low,Dell,Windows,intel,mid,low
6882,2.37,141.0,3.3,3200.0,144.0,4.0,512.0,0.0,8.0,51999.0,0.0,0.0,LED,No,DDR4,amd,mid,HP,Windows,amd,mid,high
6883,2.1,141.0,4.9,3200.0,165.0,6.0,1024.0,0.0,16.0,94990.0,1.0,0.0,LED,No,DDR5,nvidia,mid,Acer,Windows,intel,high,high
6884,1.59,141.0,2.8,3200.0,120.0,0.0,512.0,0.0,16.0,39990.0,0.0,1.0,TFT LCD,No,DDR4,amd,low,Acer,Windows,amd,high,low
6885,2.37,141.0,4.6,3200.0,144.0,6.0,512.0,0.0,16.0,78990.0,1.0,0.0,LED,No,DDR4,nvidia,mid,HP,Windows,intel,mid,high
6886,1.62,141.0,2.8,5500.0,60.0,0.0,512.0,0.0,16.0,45990.0,0.0,0.0,IPS LCD,No,LPDDR5,amd,low,Lenovo,Windows,amd,mid,low
6887,1.49,157.0,0.8,2933.0,60.0,0.0,512.0,0.0,8.0,32990.0,0.0,0.0,LED,No,DDR4,intel,low,Asus,Windows,intel,low,low
6888,1.8,142.0,2.5,3200.0,60.0,4.0,512.0,0.0,16.0,60990.0,1.0,0.0,LED,No,DDR4,nvidia,low,Asus,Windows,intel,mid,high
6889,1.7,141.0,4.2,3200.0,120.0,0.0,512.0,0.0,8.0,46550.0,0.0,1.0,LED,No,DDR4,intel,low,Lenovo,Windows,intel,low,low
6890,3.25,191.0,4.9,4800.0,165.0,6.0,512.0,0.0,16.0,129990.0,0.0,0.0,IPS LCD,No,DDR5,nvidia,mid,Dell,Windows,intel,high,high
6891,1.8,100.0,2.4,3200.0,120.0,0.0,512.0,0.0,8.0,28990.0,1.0,1.0,LED,No,LPDDR5,amd,low,Lenovo,Windows,amd,low,low
6893,1.88,142.0,4.5,3200.0,60.0,0.0,512.0,0.0,16.0,53699.0,0.0,0.0,LED,No,DDR4,intel,mid,Asus,Windows,intel,mid,high
6894,1.69,141.0,4.4,3200.0,60.0,0.0,512.0,0.0,8.0,69990.0,0.0,0.0,LED,No,DDR4,intel,low,Asus,Windows,intel,low,low
6895,2.4,141.0,2.4,4800.0,144.0,4.0,512.0,0.0,8.0,53190.0,0.0,0.0,LED,No,DDR5,intel,mid,Lenovo,Windows,intel,mid,high
6896,1.59,141.0,2.8,3200.0,120.0,0.0,1024.0,0.0,16.0,43990.0,0.0,1.0,TFT LCD,No,DDR4,amd,low,Acer,Windows,amd,high,low
6897,1.75,141.0,5.0,3200.0,60.0,0.0,512.0,0.0,16.0,78990.0,0.0,0.0,LED,No,DDR4,intel,mid,HP,Windows,intel,high,mid
6898,1.6,112.0,2.4,3200.0,120.0,0.0,512.0,0.0,8.0,40960.0,0.0,1.0,LED,No,DDR4,intel,low,Lenovo,DOS,intel,mid,low
6899,1.7,141.0,2.3,3200.0,120.0,0.0,512.0,0.0,8.0,35000.0,0.0,1.0,LED,No,DDR4,amd,low,Lenovo,Windows,amd,low,low
6900,2.2,141.0,4.9,4800.0,144.0,8.0,512.0,0.0,16.0,101990.0,0.0,0.0,LED,No,DDR5,nvidia,mid,Asus,Windows,intel,high,high
6901,1.34,201.0,2.8,3200.0,120.0,0.0,256.0,0.0,16.0,107800.0,1.0,0.0,LED,Yes,LPDDR5X,qualcomm,low,Other,Windows,qualcomm,mid,mid
6902,1.6,157.0,2.4,3200.0,120.0,0.0,512.0,0.0,8.0,39990.0,0.0,1.0,LED,No,DDR4,intel,low,Lenovo,Windows,intel,mid,low
6903,1.3,112.0,1.1,2400.0,120.0,0.0,256.0,0.0,8.0,25490.0,0.0,1.0,LED,No,DDR4,intel,low,Lenovo,Windows,intel,low,low
6904,1.7,141.0,2.0,3200.0,120.0,0.0,512.0,0.0,8.0,62999.0,0.0,1.0,LED,No,DDR4,amd,low,Lenovo,Windows,amd,mid,low
6905,1.39,170.0,4.5,6400.0,120.0,0.0,1024.0,0.0,16.0,125540.0,0.0,1.0,LED,Yes,LPDDR5,intel,mid,MSI,Windows,intel,mid,high
6906,1.39,170.0,4.8,6400.0,120.0,0.0,1024.0,0.0,32.0,142990.0,0.0,1.0,LED,Yes,LPDDR5,intel,mid,MSI,Windows,intel,high,high
6907,1.5,236.0,4.5,3200.0,120.0,0.0,1024.0,0.0,16.0,106890.0,1.0,0.0,OLED,No,LPDDR5X,intel,mid,Asus,Windows,intel,mid,high
6908,1.7,162.0,4.8,5600.0,144.0,6.0,1024.0,0.0,32.0,129990.0,0.0,0.0,IPS LCD,No,DDR5,nvidia,mid,MSI,Windows,intel,high,high
6909,1.7,141.0,4.5,3200.0,60.0,0.0,512.0,0.0,8.0,35985.0,1.0,0.0,LED,No,DDR4,intel,mid,MSI,Windows,intel,low,low
6910,1.5,212.0,4.5,3200.0,120.0,0.0,1024.0,0.0,16.0,106990.0,1.0,0.0,OLED,No,LPDDR5X,intel,mid,Asus,Windows,intel,mid,high
6912,1.5,236.0,4.8,3200.0,120.0,0.0,1024.0,0.0,16.0,116989.0,1.0,0.0,OLED,No,LPDDR5X,intel,mid,Asus,Windows,intel,high,high
6913,1.5,212.0,4.5,3200.0,120.0,0.0,1024.0,0.0,16.0,91990.0,1.0,0.0,OLED,No,LPDDR5X,intel,mid,Asus,Windows,intel,mid,high
6914,1.7,141.0,2.3,3200.0,120.0,0.0,512.0,0.0,8.0,63900.0,0.0,1.0,LED,No,DDR4,amd,low,Lenovo,Windows,amd,low,low
6915,1.5,236.0,4.5,3200.0,120.0,0.0,1024.0,0.0,16.0,96990.0,1.0,0.0,OLED,No,LPDDR5X,intel,mid,Asus,Windows,intel,mid,high
6916,1.7,141.0,2.4,3200.0,120.0,0.0,512.0,0.0,16.0,42890.0,1.0,1.0,LED,No,DDR4,intel,low,Lenovo,Windows,intel,mid,low
6917,1.7,162.0,4.5,3200.0,144.0,0.0,1024.0,0.0,16.0,50990.0,1.0,0.0,IPS LCD,No,DDR5,intel,mid,MSI,Windows,intel,mid,high
6918,1.7,141.0,4.2,3200.0,120.0,0.0,512.0,0.0,8.0,46400.0,0.0,1.0,LED,No,DDR4,intel,low,Lenovo,Windows,intel,low,low
6919,1.41,162.0,4.6,3200.0,120.0,0.0,512.0,0.0,16.0,70890.0,0.0,1.0,LED,No,DDR4,intel,mid,Lenovo,Windows,intel,mid,low
6920,2.37,137.0,4.8,5600.0,165.0,0.0,1024.0,0.0,16.0,108990.0,0.0,0.0,LED,No,DDR5,amd,low,HP,Windows,amd,high,high
6921,2.29,141.0,4.9,3200.0,144.0,6.0,1024.0,0.0,16.0,90999.0,0.0,0.0,LED,No,DDR4,nvidia,mid,HP,Windows,intel,high,high
6922,2.24,236.0,5.5,5600.0,165.0,8.0,1024.0,0.0,32.0,180190.0,0.0,0.0,LED,No,DDR5,nvidia,high,Lenovo,Windows,intel,high,high
6923,2.29,141.0,4.6,3200.0,144.0,4.0,1024.0,0.0,16.0,63500.0,0.0,0.0,LED,No,DDR4,nvidia,low,HP,Windows,intel,mid,high
6924,2.29,141.0,4.9,3200.0,144.0,6.0,512.0,0.0,16.0,87900.0,0.0,0.0,LED,No,DDR4,nvidia,mid,HP,Windows,intel,high,high
6925,3.0,178.0,5.8,3200.0,240.0,8.0,2048.0,0.0,32.0,219990.0,1.0,0.0,LED,No,DDR5,nvidia,high,MSI,Windows,intel,high,high
6927,1.62,141.0,4.3,3200.0,120.0,0.0,512.0,0.0,16.0,49990.0,0.0,0.0,IPS LCD,No,DDR4,amd,low,Dell,Windows,amd,high,low
6928,2.75,283.0,5.8,5600.0,120.0,16.0,1024.0,0.0,32.0,285500.0,0.0,0.0,Mini LED,No,DDR5,nvidia,high,MSI,Windows,intel,high,high
6929,1.41,162.0,4.2,3200.0,120.0,0.0,512.0,0.0,8.0,42990.0,0.0,1.0,LED,No,DDR4,amd,low,Lenovo,Windows,amd,low,low
6930,2.29,141.0,4.2,3200.0,144.0,4.0,512.0,0.0,8.0,58990.0,0.0,0.0,LED,No,DDR4,nvidia,low,HP,Windows,intel,mid,high
6931,1.99,141.0,4.4,3200.0,144.0,6.0,512.0,0.0,16.0,61990.0,1.0,0.0,LED,No,DDR4,nvidia,mid,Acer,Windows,intel,mid,high
6932,1.75,141.0,4.7,3200.0,144.0,6.0,512.0,0.0,16.0,74907.0,1.0,0.0,LED,No,DDR4,nvidia,mid,MSI,Windows,intel,mid,high
6933,1.65,141.0,4.7,3200.0,120.0,0.0,512.0,0.0,8.0,39060.0,0.0,1.0,LED,No,DDR4,intel,low,HP,Windows,intel,low,low
6934,1.86,141.0,4.2,3200.0,144.0,4.0,512.0,0.0,8.0,48900.0,1.0,0.0,LED,No,DDR4,nvidia,low,MSI,Windows,intel,mid,high
6935,1.6,157.0,4.2,3200.0,120.0,0.0,512.0,0.0,8.0,53800.0,1.0,1.0,LED,No,DDR4,intel,low,Lenovo,DOS,intel,mid,low
6936,1.75,189.0,2.5,5200.0,240.0,8.0,1024.0,0.0,32.0,200898.0,0.0,0.0,LED,No,DDR5,nvidia,high,Lenovo,Windows,amd,high,high
6937,2.39,137.0,5.2,5600.0,144.0,8.0,1024.0,0.0,16.0,113290.0,0.0,0.0,IPS LCD,No,DDR5,nvidia,mid,HP,Windows,intel,high,high
6938,1.63,141.0,3.3,3200.0,120.0,0.0,512.0,0.0,8.0,33990.0,0.0,1.0,LED,No,DDR4,intel,low,Lenovo,Windows,intel,low,low
6939,2.6,170.0,5.4,3200.0,240.0,8.0,1024.0,0.0,16.0,137990.0,1.0,0.0,IPS LCD,No,DDR5,nvidia,high,MSI,Windows,intel,high,high
6940,2.38,141.0,4.9,4800.0,144.0,6.0,1024.0,0.0,16.0,99990.0,0.0,0.0,LED,No,DDR5,nvidia,mid,Lenovo,Windows,intel,high,high
6941,1.65,141.0,4.5,3200.0,60.0,0.0,512.0,0.0,16.0,67990.0,1.0,0.0,LED,No,DDR5,intel,mid,HP,Windows,intel,mid,high
6942,1.63,141.0,1.7,3200.0,120.0,0.0,512.0,0.0,16.0,59990.0,0.0,1.0,LED,No,DDR4,intel,mid,Lenovo,Windows,intel,high,low
6943,2.4,141.0,2.4,4800.0,144.0,4.0,512.0,0.0,12.0,57890.0,0.0,0.0,LED,No,DDR5,nvidia,low,Lenovo,Windows,intel,mid,high
6944,1.49,243.0,4.5,7467.0,60.0,0.0,1024.0,0.0,16.0,105770.0,0.0,0.0,OLED,Yes,LPDDR5X,intel,mid,Lenovo,Windows,intel,mid,high
6945,1.41,162.0,4.5,3200.0,120.0,0.0,512.0,0.0,8.0,48600.0,0.0,1.0,LED,No,DDR4,intel,low,Lenovo,DOS,intel,low,low
6946,1.98,141.0,4.4,3200.0,144.0,6.0,512.0,0.0,16.0,63583.0,1.0,0.0,LED,No,DDR5,nvidia,mid,MSI,Windows,intel,mid,high
6947,1.86,141.0,4.6,3200.0,144.0,4.0,512.0,0.0,16.0,63583.0,1.0,0.0,LED,No,DDR4,nvidia,mid,MSI,Windows,intel,mid,high
6948,1.86,141.0,4.6,3200.0,144.0,4.0,512.0,0.0,16.0,56990.0,1.0,0.0,LED,No,DDR4,nvidia,low,MSI,Windows,intel,mid,high
6949,1.86,141.0,1.5,3200.0,144.0,4.0,512.0,0.0,16.0,52990.0,1.0,0.0,LED,No,DDR4,nvidia,mid,MSI,Windows,intel,mid,high
6950,2.6,170.0,5.0,3200.0,240.0,8.0,1024.0,0.0,16.0,124990.0,1.0,0.0,IPS LCD,No,DDR5,nvidia,high,MSI,Windows,intel,high,high
6951,1.86,141.0,4.9,3200.0,144.0,4.0,512.0,0.0,16.0,64990.0,1.0,0.0,LED,No,DDR4,nvidia,low,MSI,Windows,intel,high,high
6952,1.98,141.0,1.7,3200.0,144.0,6.0,512.0,0.0,16.0,79990.0,1.0,0.0,LED,No,DDR5,nvidia,mid,MSI,Windows,intel,high,high
6953,1.65,141.0,4.8,3200.0,120.0,0.0,512.0,0.0,8.0,47990.0,0.0,1.0,LED,No,DDR4,intel,low,HP,Windows,intel,mid,low
6954,1.86,141.0,4.9,3200.0,144.0,4.0,512.0,0.0,16.0,71490.0,1.0,0.0,LED,No,DDR4,nvidia,mid,MSI,Windows,intel,high,high
6955,1.86,141.0,1.8,3200.0,144.0,6.0,1024.0,0.0,16.0,89790.0,1.0,0.0,LED,No,DDR4,nvidia,mid,MSI,Windows,intel,high,high
6956,1.86,141.0,1.7,3200.0,144.0,4.0,512.0,0.0,16.0,66990.0,1.0,0.0,LED,No,DDR4,nvidia,mid,MSI,Windows,intel,high,high
6957,1.86,141.0,4.6,3200.0,144.0,6.0,1024.0,0.0,16.0,74990.0,1.0,0.0,LED,No,DDR4,nvidia,mid,MSI,Windows,intel,mid,high
6958,1.65,141.0,5.5,3200.0,120.0,0.0,512.0,0.0,16.0,62990.0,0.0,1.0,LED,No,DDR4,intel,low,HP,Windows,intel,high,low
6960,1.24,227.0,4.5,6400.0,60.0,0.0,512.0,0.0,16.0,86789.0,0.0,0.0,LED,No,LPDDR5X,intel,mid,Dell,Windows,intel,mid,high
6961,1.75,141.0,5.1,5600.0,144.0,6.0,512.0,0.0,16.0,89990.0,0.0,0.0,LED,No,DDR5,nvidia,mid,Lenovo,Windows,amd,high,high
6962,1.75,141.0,3.4,5600.0,144.0,8.0,1024.0,0.0,16.0,104990.0,0.0,0.0,LED,No,DDR5,nvidia,mid,Lenovo,Windows,amd,high,high
6963,1.24,227.0,4.8,6400.0,60.0,0.0,1024.0,0.0,16.0,99690.0,0.0,0.0,LED,No,LPDDR5X,intel,mid,Dell,Windows,intel,high,high
6964,1.65,141.0,4.8,3200.0,120.0,0.0,512.0,0.0,16.0,64990.0,0.0,1.0,LED,No,DDR4,intel,low,HP,Windows,intel,mid,low
6965,2.1,141.0,2.8,3200.0,144.0,4.0,512.0,0.0,16.0,70427.0,1.0,0.0,LED,No,DDR4,nvidia,low,Acer,Windows,intel,mid,high
6966,2.5,142.0,4.9,3200.0,165.0,8.0,1024.0,0.0,16.0,133990.0,1.0,0.0,LED,No,DDR5,nvidia,mid,Asus,Windows,intel,high,high
6967,1.85,189.0,5.1,2133.0,240.0,8.0,1024.0,0.0,32.0,129999.0,0.0,0.0,LED,No,LPDDR5X,nvidia,high,Asus,Windows,intel,high,high
6968,2.2,141.0,5.1,5600.0,144.0,8.0,512.0,0.0,16.0,112980.0,0.0,0.0,LED,No,DDR5,nvidia,mid,Asus,Windows,amd,high,high
6969,2.5,189.0,5.8,3200.0,240.0,8.0,1024.0,0.0,16.0,199000.0,1.0,0.0,LED,No,DDR5,nvidia,high,Asus,Windows,intel,high,high
6970,2.35,137.0,4.9,5200.0,144.0,8.0,1024.0,0.0,16.0,104000.0,0.0,0.0,LED,No,DDR5,nvidia,mid,HP,Windows,intel,high,high
6971,2.2,141.0,4.0,5600.0,144.0,8.0,1024.0,0.0,16.0,137990.0,0.0,0.0,LED,No,DDR5,nvidia,high,Asus,Windows,amd,high,high
6972,2.38,141.0,4.6,3202.0,144.0,6.0,512.0,0.0,16.0,74990.0,0.0,0.0,LED,No,DDR5,nvidia,mid,Lenovo,Windows,intel,mid,high
6973,1.75,162.0,4.8,7467.0,60.0,0.0,1024.0,0.0,16.0,122990.0,0.0,0.0,OLED,Yes,LPDDR5X,intel,mid,Lenovo,Windows,intel,high,high
6974,1.41,141.0,4.2,5500.0,120.0,0.0,512.0,0.0,8.0,37990.0,0.0,1.0,LED,No,LPDDR5,amd,low,HP,Windows,amd,mid,low
6975,1.59,141.0,2.8,3200.0,120.0,0.0,512.0,0.0,8.0,28990.0,1.0,1.0,TFT LCD,No,DDR4,amd,low,Acer,Windows,amd,low,low
6976,1.88,142.0,2.6,3200.0,60.0,0.0,512.0,0.0,16.0,64970.0,1.0,0.0,LED,No,DDR4,intel,mid,Asus,Windows,intel,mid,high
6977,2.37,137.0,4.8,5600.0,165.0,8.0,1024.0,0.0,16.0,139990.0,0.0,0.0,LED,No,DDR5,nvidia,high,HP,Windows,amd,high,high
6978,1.91,151.0,5.1,6400.0,120.0,6.0,1024.0,0.0,16.0,131990.0,0.0,0.0,OLED,No,LPDDR5X,nvidia,mid,Lenovo,Windows,amd,high,high
6979,1.59,141.0,3.3,3200.0,60.0,0.0,512.0,0.0,16.0,46990.0,0.0,0.0,TFT LCD,No,DDR4,intel,mid,Acer,Windows,intel,mid,low
6980,2.38,141.0,5.5,4800.0,144.0,8.0,1024.0,0.0,16.0,114990.0,0.0,0.0,LED,No,DDR5,nvidia,mid,Lenovo,Windows,intel,high,high
6981,1.86,141.0,4.7,3200.0,144.0,4.0,1024.0,0.0,16.0,69990.0,1.0,0.0,LED,No,DDR4,nvidia,mid,MSI,Windows,intel,high,high
6982,1.86,141.0,4.7,3200.0,144.0,6.0,512.0,0.0,16.0,79990.0,1.0,0.0,LED,No,DDR4,nvidia,mid,MSI,Windows,intel,high,high
6984,2.62,189.0,5.8,5600.0,240.0,12.0,1024.0,0.0,32.0,269990.0,0.0,0.0,LED,No,DDR5,nvidia,high,Lenovo,Windows,intel,high,high
6986,1.41,157.0,4.2,5500.0,120.0,0.0,512.0,0.0,16.0,51990.0,0.0,1.0,LED,No,LPDDR5,amd,low,HP,Windows,amd,mid,low
6987,2.49,178.0,5.8,5600.0,165.0,8.0,2048.0,0.0,64.0,309990.0,0.0,0.0,IPS LCD,Yes,DDR5,nvidia,high,MSI,Windows,intel,high,high
6988,1.99,283.0,5.1,5600.0,120.0,16.0,2048.0,0.0,64.0,436990.0,0.0,0.0,Mini LED,No,DDR5,nvidia,high,MSI,Windows,intel,high,high
6989,1.7,162.0,4.8,5600.0,165.0,6.0,1024.0,0.0,16.0,142107.0,0.0,0.0,LED,No,DDR5,nvidia,mid,MSI,Windows,intel,high,high
6990,1.0,142.0,2.3,3200.0,60.0,0.0,512.0,0.0,16.0,61980.0,1.0,0.0,LED,No,DDR4,intel,mid,Asus,Windows,intel,high,high
6991,2.3,142.0,5.5,3200.0,144.0,6.0,1024.0,0.0,16.0,109990.0,1.0,0.0,LED,No,DDR5,nvidia,mid,MSI,Windows,intel,high,high
6993,2.38,141.0,4.4,3200.0,144.0,6.0,512.0,0.0,16.0,69990.0,1.0,0.0,LED,No,DDR5,nvidia,mid,Lenovo,Windows,intel,mid,high
6994,2.8,178.0,5.1,3200.0,240.0,8.0,1024.0,0.0,32.0,167302.0,1.0,0.0,LED,No,DDR5,nvidia,high,MSI,Windows,intel,high,high
6995,2.8,178.0,4.8,3200.0,240.0,8.0,1024.0,0.0,16.0,156989.0,1.0,0.0,LED,No,DDR5,nvidia,high,MSI,Windows,intel,high,high
6996,2.5,189.0,4.8,3200.0,240.0,8.0,1024.0,0.0,16.0,149990.0,1.0,0.0,LED,No,DDR5,nvidia,mid,MSI,Windows,intel,high,high
6997,1.99,283.0,5.1,3200.0,120.0,12.0,2048.0,0.0,64.0,309990.0,1.0,0.0,Mini LED,No,DDR5,nvidia,high,MSI,Windows,intel,high,high
6998,2.3,142.0,5.5,3200.0,144.0,8.0,1024.0,0.0,16.0,145990.0,1.0,0.0,LED,No,DDR5,nvidia,high,MSI,Windows,intel,high,high
6999,2.0,141.0,3.0,3200.0,144.0,4.0,1024.0,0.0,16.0,112980.0,0.0,0.0,LED,No,DDR4,nvidia,mid,Asus,Windows,intel,high,high
7000,1.6,157.0,3.0,3200.0,144.0,6.0,1024.0,0.0,16.0,160990.0,0.0,0.0,LED,No,DDR4,nvidia,mid,Asus,Windows,amd,high,high
7001,1.8,141.0,2.8,3200.0,120.0,2.0,512.0,0.0,8.0,60990.0,1.0,1.0,LED,No,DDR4,nvidia,low,Asus,Windows,intel,mid,low
7004,1.4,112.0,1.6,3200.0,120.0,0.0,64.0,0.0,4.0,21990.0,1.0,1.0,LED,No,DDR4,amd,low,Lenovo,Windows,amd,low,low
7005,2.0,100.0,2.4,2133.0,120.0,2.0,0.0,1024.0,4.0,35999.0,0.0,1.0,LED,No,DDR4,nvidia,low,HP,DOS,intel,low,low
7006,2.3,141.0,3.1,3200.0,144.0,4.0,512.0,0.0,8.0,86990.0,0.0,0.0,LED,No,DDR4,nvidia,mid,Asus,Windows,intel,mid,high
7007,2.7,127.0,2.8,3200.0,120.0,8.0,1024.0,0.0,16.0,174990.0,1.0,1.0,LED,No,DDR4,nvidia,high,Asus,Windows,amd,high,high
7008,2.24,141.0,2.8,3200.0,120.0,2.0,256.0,1024.0,8.0,68990.0,0.0,1.0,LED,No,DDR4,nvidia,low,Asus,Windows,intel,mid,low
7009,2.0,141.0,3.0,3200.0,240.0,6.0,512.0,0.0,16.0,127990.0,0.0,0.0,LED,No,DDR4,nvidia,mid,Asus,Windows,intel,high,high
7010,1.8,282.0,2.6,3200.0,120.0,4.0,1024.0,0.0,16.0,139990.0,0.0,1.0,LED,No,DDR4,nvidia,low,Asus,Windows,intel,high,high
7012,2.0,141.0,2.6,3200.0,144.0,6.0,512.0,0.0,16.0,129990.0,0.0,0.0,LED,No,DDR4,nvidia,mid,Asus,Windows,intel,mid,high
7013,1.8,141.0,3.0,3200.0,120.0,0.0,256.0,0.0,8.0,44990.0,0.0,1.0,LED,No,DDR4,intel,low,Asus,Windows,intel,low,low
7014,2.23,141.0,2.2,2933.0,120.0,4.0,512.0,0.0,16.0,85180.0,0.0,1.0,LED,No,DDR4,nvidia,low,HP,Windows,intel,high,high
7015,1.47,112.0,4.0,2666.0,120.0,0.0,256.0,0.0,8.0,42690.0,0.0,1.0,LED,No,DDR4,intel,low,HP,Windows,intel,low,low
7016,1.6,112.0,1.2,2666.0,120.0,0.0,0.0,1024.0,4.0,45500.0,0.0,1.0,LED,No,DDR4,intel,low,Lenovo,Windows,intel,low,low
7017,1.75,141.0,4.0,2666.0,120.0,0.0,0.0,1024.0,8.0,29999.0,0.0,1.0,LED,No,DDR4,intel,low,HP,Windows,intel,low,low
7018,1.7,141.0,2.4,3200.0,120.0,0.0,512.0,0.0,8.0,66491.0,1.0,1.0,LED,No,DDR4,intel,low,Lenovo,Windows,intel,mid,low
7019,2.3,141.0,2.2,2933.0,144.0,6.0,512.0,0.0,16.0,101590.0,0.0,0.0,LED,No,DDR4,nvidia,mid,Asus,Windows,intel,high,high
7020,2.05,112.0,2.2,1600.0,120.0,0.0,0.0,500.0,4.0,49200.0,0.0,1.0,LED,No,DDR3,intel,low,Asus,Windows,intel,mid,low
7021,1.83,141.0,1.2,2666.0,120.0,0.0,256.0,1024.0,4.0,43890.0,0.0,1.0,LED,No,DDR4,intel,low,Dell,Windows,intel,low,low
7022,2.2,100.0,2.3,2133.0,120.0,0.0,0.0,1024.0,4.0,35415.0,0.0,1.0,LCD,No,DDR4,intel,low,Acer,Windows,intel,low,low
7023,2.0,141.0,2.5,2933.0,60.0,4.0,512.0,0.0,8.0,72990.0,0.0,0.0,LED,No,DDR4,nvidia,low,Asus,Windows,intel,mid,high
7024,1.78,141.0,4.2,2666.0,120.0,0.0,0.0,1024.0,8.0,50990.0,0.0,1.0,LED,No,DDR4,intel,low,HP,Windows,intel,mid,low
7026,1.0,141.0,1.2,3200.0,120.0,0.0,0.0,1024.0,4.0,32990.0,1.0,1.0,LED,No,DDR4,intel,low,Lenovo,Windows,intel,low,low
7027,1.8,141.0,4.8,3200.0,120.0,0.0,512.0,0.0,8.0,79990.0,1.0,1.0,LED,No,LPDDR4,intel,low,Asus,Windows,intel,high,low
7028,3.0,157.0,2.1,3200.0,120.0,0.0,256.0,0.0,4.0,34500.0,1.0,1.0,LED,No,DDR4,intel,mid,Asus,DOS,intel,low,low
7030,1.35,157.0,1.8,3200.0,120.0,0.0,512.0,0.0,16.0,240999.0,1.0,1.0,LED,No,DDR4,intel,low,Lenovo,Windows,intel,high,low
7032,2.35,141.0,2.4,3200.0,120.0,8.0,2048.0,0.0,32.0,211000.0,0.0,1.0,LED,No,DDR4,nvidia,high,Asus,Windows,intel,high,high
7033,2.6,127.0,2.3,3200.0,120.0,8.0,1024.0,0.0,32.0,193000.0,0.0,1.0,LED,No,DDR4,nvidia,high,Asus,Windows,intel,high,high
7034,2.0,157.0,2.9,2133.0,120.0,6.0,512.0,0.0,16.0,106158.0,0.0,1.0,LED,No,DDR4,nvidia,low,Asus,Windows,amd,high,high
7036,1.8,141.0,2.1,3200.0,120.0,0.0,512.0,0.0,4.0,42990.0,1.0,1.0,LED,No,DDR4,amd,low,Asus,Windows,amd,mid,low
7037,2.07,141.0,2.6,3200.0,120.0,4.0,1024.0,0.0,16.0,173000.0,1.0,1.0,LED,No,DDR4,nvidia,mid,Lenovo,Windows,intel,high,high
7038,2.3,141.0,2.2,2933.0,144.0,4.0,512.0,0.0,8.0,96600.0,0.0,0.0,LED,No,DDR4,nvidia,low,Asus,Windows,intel,high,high
7039,1.4,166.0,1.8,3200.0,120.0,0.0,1024.0,0.0,16.0,105990.0,1.0,1.0,OLED,No,LPDDR4X,amd,low,Asus,Windows,amd,high,low
7040,1.8,141.0,4.2,3200.0,120.0,0.0,512.0,0.0,8.0,64990.0,1.0,1.0,LED,No,DDR4,intel,low,Asus,Windows,intel,mid,low
7041,2.07,141.0,2.6,3200.0,120.0,4.0,1024.0,0.0,64.0,167990.0,1.0,1.0,LED,No,DDR4,nvidia,mid,Lenovo,Windows,intel,high,high
7042,1.99,141.0,1.0,3200.0,120.0,0.0,0.0,1024.0,8.0,43999.0,1.0,1.0,LED,No,DDR4,intel,low,Asus,DOS,intel,mid,low
7043,2.3,141.0,2.2,2933.0,144.0,4.0,1024.0,0.0,16.0,95999.0,0.0,0.0,LED,No,DDR4,nvidia,low,Asus,Windows,intel,high,high
7045,2.23,141.0,2.5,2933.0,60.0,4.0,512.0,0.0,8.0,66395.0,0.0,0.0,LED,No,DDR4,nvidia,low,HP,Windows,intel,mid,high
7046,2.9,127.0,2.2,3200.0,240.0,8.0,1024.0,0.0,16.0,204990.0,0.0,0.0,LED,No,DDR4,nvidia,high,MSI,Windows,intel,high,high
7047,1.6,157.0,2.6,2400.0,120.0,0.0,0.0,1024.0,4.0,31455.0,0.0,1.0,LED,No,DDR4,amd,low,Asus,Windows,amd,low,low
7048,1.8,141.0,2.3,3200.0,120.0,0.0,256.0,1024.0,8.0,68990.0,1.0,1.0,LED,No,DDR4,amd,low,Asus,Windows,amd,mid,low
7049,2.3,141.0,2.6,2933.0,144.0,4.0,1024.0,0.0,8.0,94000.0,0.0,0.0,LED,No,DDR4,nvidia,low,Asus,Windows,intel,high,high
7050,1.55,157.0,1.2,3200.0,120.0,2.0,256.0,1024.0,16.0,75490.0,1.0,1.0,LED,No,DDR4,nvidia,mid,Acer,Windows,intel,high,low
7051,2.3,141.0,2.6,3200.0,60.0,4.0,256.0,1024.0,8.0,106536.0,1.0,0.0,LED,No,DDR4,nvidia,low,Lenovo,Windows,intel,high,high
7052,1.0,141.0,4.0,3200.0,120.0,0.0,256.0,0.0,4.0,44500.0,1.0,1.0,LED,No,DDR4,intel,low,Asus,Windows,intel,low,low
7054,1.8,141.0,2.4,3200.0,60.0,0.0,512.0,0.0,8.0,65990.0,1.0,0.0,LED,No,DDR4,intel,mid,Asus,Windows,intel,mid,low
7055,1.8,141.0,1.2,3200.0,120.0,0.0,256.0,0.0,4.0,34490.0,1.0,1.0,LED,No,DDR4,intel,low,Asus,Windows,intel,low,low
7056,1.4,157.0,1.0,3200.0,120.0,0.0,512.0,0.0,8.0,56900.0,1.0,1.0,LED,No,DDR4,intel,low,Asus,Windows,intel,mid,low
7057,1.6,157.0,1.0,3200.0,60.0,0.0,0.0,1024.0,8.0,45490.0,0.0,0.0,LED,No,DDR4,intel,low,Asus,Windows,intel,mid,low
7059,1.7,210.0,2.8,3200.0,120.0,6.0,1024.0,0.0,16.0,119990.0,1.0,1.0,LED,No,DDR4,nvidia,mid,Asus,Windows,amd,high,high
7060,2.24,127.0,2.6,3200.0,120.0,6.0,1024.0,0.0,16.0,117573.0,1.0,1.0,LED,No,DDR4,nvidia,mid,Asus,Windows,intel,high,high
7061,1.8,141.0,4.0,3200.0,120.0,0.0,256.0,1024.0,8.0,56990.0,1.0,1.0,LED,No,DDR4,amd,low,Asus,Windows,amd,mid,low
7062,2.45,157.0,1.8,2666.0,120.0,2.0,512.0,0.0,8.0,69450.0,0.0,1.0,LED,No,DDR4,nvidia,low,Asus,Windows,intel,high,low
7063,1.6,157.0,1.2,3200.0,60.0,0.0,128.0,1024.0,8.0,39657.0,0.0,0.0,LED,No,DDR4,intel,low,Asus,Windows,intel,low,low
7064,1.8,141.0,2.1,2400.0,120.0,0.0,512.0,0.0,8.0,42990.0,0.0,1.0,LED,No,DDR4,amd,low,Lenovo,Windows,amd,mid,low
7065,1.5,157.0,3.0,3200.0,120.0,0.0,512.0,0.0,8.0,57490.0,0.0,1.0,LED,No,DDR4,intel,low,Lenovo,Windows,intel,low,low
7066,1.9,141.0,2.6,2933.0,120.0,4.0,1024.0,0.0,16.0,109990.0,0.0,1.0,LED,No,DDR4,nvidia,low,Lenovo,Windows,intel,high,high
7067,2.07,141.0,2.6,3200.0,120.0,4.0,1024.0,0.0,16.0,139990.0,1.0,1.0,LED,No,DDR4,nvidia,mid,Lenovo,Windows,intel,high,high
7069,1.8,141.0,2.6,2400.0,120.0,0.0,512.0,0.0,4.0,32990.0,0.0,1.0,LED,No,DDR4,amd,low,Lenovo,Windows,amd,low,low
7070,1.85,141.0,1.0,2666.0,120.0,0.0,512.0,0.0,8.0,54994.0,0.0,1.0,LED,No,DDR4,intel,low,Lenovo,Windows,intel,mid,low
7071,1.9,141.0,2.5,2933.0,120.0,4.0,512.0,0.0,8.0,81990.0,0.0,1.0,LED,No,DDR4,nvidia,low,Lenovo,Windows,intel,mid,high
7072,1.4,157.0,1.0,3200.0,120.0,0.0,512.0,0.0,8.0,54990.0,1.0,1.0,LED,No,DDR4,intel,low,Asus,Windows,intel,mid,low
7073,1.9,141.0,2.6,3200.0,240.0,6.0,1024.0,0.0,16.0,111400.0,1.0,0.0,LED,No,DDR4,nvidia,mid,Asus,Windows,intel,high,high
7074,1.7,147.0,1.6,2400.0,120.0,2.0,256.0,1024.0,8.0,60000.0,0.0,1.0,LED,No,DDR4,nvidia,low,Asus,Windows,intel,mid,low
7075,1.7,141.0,4.2,3200.0,120.0,2.0,512.0,0.0,8.0,52990.0,1.0,1.0,LED,No,DDR4,nvidia,mid,Acer,Windows,intel,mid,low
7076,1.83,141.0,2.4,2400.0,120.0,0.0,256.0,1024.0,8.0,58994.0,0.0,1.0,LED,No,DDR4,intel,low,Dell,Windows,intel,mid,low
7077,1.6,112.0,2.7,3200.0,120.0,0.0,0.0,1024.0,8.0,46074.0,0.0,1.0,LED,No,DDR4,amd,low,HP,DOS,amd,low,low
7078,2.3,141.0,2.2,3200.0,240.0,6.0,1024.0,0.0,16.0,129990.0,0.0,0.0,LED,No,DDR4,nvidia,mid,Asus,Windows,intel,high,high
7079,1.68,112.0,1.6,2400.0,120.0,0.0,0.0,1024.0,8.0,55000.0,0.0,1.0,LED,No,DDR4,intel,low,Asus,Windows,intel,mid,low
7080,1.4,157.0,4.2,3200.0,120.0,2.0,512.0,0.0,8.0,79990.0,1.0,1.0,LED,No,DDR4,nvidia,low,Asus,Windows,intel,mid,low
7081,1.6,112.0,2.3,3200.0,120.0,0.0,512.0,0.0,8.0,72664.0,0.0,1.0,LED,No,DDR4,amd,low,HP,Windows,amd,mid,low
7082,1.7,141.0,4.2,3200.0,120.0,2.0,512.0,0.0,4.0,48667.0,1.0,1.0,LED,No,DDR4,nvidia,mid,Acer,Windows,intel,mid,low
7083,2.15,141.0,2.4,3200.0,60.0,4.0,512.0,0.0,16.0,69999.0,1.0,0.0,LED,No,DDR4,nvidia,low,Acer,Windows,amd,mid,low
7084,2.0,100.0,1.8,2666.0,120.0,0.0,512.0,1024.0,8.0,98046.0,0.0,1.0,LED,No,DDR4,intel,low,HP,Windows,intel,high,high
7085,1.83,141.0,2.4,2666.0,120.0,0.0,256.0,1024.0,8.0,59990.0,0.0,1.0,LED,No,DDR4,intel,mid,Dell,Windows,intel,mid,low
7086,1.85,141.0,1.2,2666.0,120.0,0.0,0.0,1024.0,8.0,37740.0,0.0,1.0,LED,No,DDR4,intel,low,Lenovo,Windows,intel,low,low
7087,1.47,112.0,1.0,2666.0,120.0,0.0,512.0,0.0,8.0,78520.0,0.0,1.0,LED,No,DDR4,intel,low,HP,Windows,intel,mid,low
7088,1.9,141.0,2.6,2933.0,240.0,6.0,1024.0,0.0,16.0,89227.0,0.0,0.0,LED,No,DDR4,nvidia,mid,Asus,Windows,intel,high,high
7089,1.6,157.0,2.0,2400.0,120.0,0.0,512.0,0.0,8.0,81126.0,0.0,1.0,LED,No,DDR4,amd,low,HP,Windows,amd,high,low
7090,1.28,118.0,4.2,3200.0,120.0,0.0,512.0,0.0,8.0,86000.0,0.0,1.0,LED,No,DDR4,intel,low,HP,Windows,intel,mid,low
7091,1.69,157.0,1.8,2666.0,120.0,0.0,256.0,1024.0,16.0,78790.0,0.0,1.0,LED,No,DDR4,intel,low,Lenovo,Windows,intel,high,low
7092,1.8,141.0,1.3,3200.0,120.0,2.0,512.0,0.0,8.0,70928.0,1.0,1.0,LED,No,DDR4,nvidia,low,Asus,Windows,intel,high,low
7093,2.2,141.0,2.3,2400.0,120.0,4.0,256.0,1024.0,8.0,61999.0,0.0,1.0,LED,No,DDR4,nvidia,low,Asus,Windows,amd,high,high
7094,1.9,141.0,2.6,3200.0,120.0,6.0,1024.0,0.0,16.0,130000.0,1.0,1.0,LED,No,DDR4,nvidia,mid,Asus,Windows,intel,high,high
7095,1.36,210.0,1.8,3200.0,120.0,0.0,512.0,0.0,16.0,206000.0,1.0,1.0,LED,Yes,LPDDR3,intel,low,Lenovo,Windows,intel,high,low
7096,1.96,141.0,2.6,2400.0,120.0,0.0,256.0,0.0,8.0,36490.0,0.0,1.0,LED,No,DDR4,amd,low,Dell,Windows,amd,low,low
7097,1.75,157.0,1.6,2133.0,120.0,0.0,0.0,1024.0,8.0,60647.0,0.0,1.0,LED,No,DDR4,intel,low,Lenovo,Windows,intel,mid,low
7098,1.9,141.0,2.1,3200.0,120.0,0.0,512.0,0.0,8.0,43757.0,1.0,1.0,LED,No,DDR4,amd,low,Asus,Windows,amd,mid,low
7099,1.9,141.0,2.3,3200.0,300.0,8.0,1024.0,0.0,16.0,155990.0,0.0,0.0,LED,No,DDR4,nvidia,high,Asus,Windows,intel,high,high
7100,2.3,141.0,2.6,2933.0,144.0,4.0,1024.0,0.0,8.0,86990.0,0.0,0.0,LED,No,DDR4,nvidia,low,Asus,Windows,intel,high,high
7101,1.8,141.0,3.7,3200.0,120.0,0.0,0.0,1024.0,8.0,43990.0,1.0,1.0,LED,No,DDR4,amd,low,Asus,Windows,amd,mid,low
7102,1.9,282.0,2.6,3200.0,120.0,6.0,1024.0,0.0,16.0,109086.0,1.0,1.0,LED,No,DDR4,nvidia,mid,Asus,Windows,intel,high,high
7103,3.0,127.0,2.6,2933.0,144.0,6.0,1024.0,0.0,16.0,129990.0,0.0,0.0,LED,No,DDR4,nvidia,mid,Asus,Windows,intel,high,high
7104,2.3,141.0,2.5,2933.0,120.0,4.0,1024.0,0.0,8.0,78990.0,0.0,1.0,LED,No,DDR4,nvidia,low,Asus,Windows,intel,mid,high
7105,3.0,141.0,2.6,3200.0,120.0,6.0,1024.0,0.0,16.0,101544.0,0.0,1.0,LED,No,DDR4,nvidia,mid,Asus,Windows,intel,high,high
7106,1.4,157.0,1.6,2666.0,120.0,0.0,512.0,0.0,8.0,61500.0,0.0,1.0,LED,No,DDR4,intel,low,Asus,Windows,intel,mid,low
7107,1.85,141.0,1.2,2666.0,120.0,0.0,0.0,1024.0,4.0,35740.0,0.0,1.0,LED,No,DDR4,intel,low,Lenovo,Windows,intel,low,low
7108,2.3,141.0,2.6,3200.0,120.0,6.0,1024.0,0.0,16.0,112000.0,0.0,1.0,LED,No,DDR4,nvidia,mid,Asus,Windows,intel,high,high
7109,1.6,157.0,3.0,3200.0,120.0,4.0,512.0,0.0,8.0,99992.0,0.0,1.0,LED,No,DDR4,nvidia,low,Asus,Windows,amd,high,high
7110,1.4,157.0,1.6,2666.0,120.0,0.0,512.0,0.0,8.0,63990.0,0.0,1.0,LED,No,DDR4,intel,low,Asus,Windows,intel,mid,low
7111,3.5,141.0,2.5,3200.0,144.0,4.0,512.0,0.0,8.0,76990.0,0.0,0.0,LED,No,DDR4,nvidia,low,Asus,Windows,intel,mid,high
7112,1.75,157.0,1.8,2400.0,120.0,2.0,512.0,0.0,8.0,119000.0,0.0,1.0,LED,No,DDR4,amd,mid,Lenovo,Windows,intel,high,low
7113,1.76,100.0,1.2,2400.0,120.0,0.0,0.0,1024.0,4.0,28500.0,0.0,1.0,LED,No,DDR4,amd,low,HP,Windows,amd,low,low
7114,2.24,127.0,2.6,3200.0,120.0,6.0,1024.0,0.0,16.0,149000.0,1.0,1.0,LED,No,DDR4,nvidia,mid,Asus,Windows,intel,high,high
7115,2.85,127.0,2.6,3200.0,120.0,6.0,1024.0,0.0,16.0,129990.0,1.0,1.0,LED,No,DDR4,nvidia,mid,Asus,Windows,intel,high,high
7116,2.2,141.0,2.6,3200.0,120.0,6.0,1024.0,0.0,16.0,129990.0,1.0,1.0,LED,No,DDR4,nvidia,mid,Asus,Windows,intel,high,high
7117,1.85,141.0,2.6,2400.0,120.0,0.0,0.0,1024.0,4.0,38490.0,0.0,1.0,LED,No,DDR4,amd,low,Lenovo,DOS,amd,low,low
7118,1.9,141.0,1.6,3200.0,120.0,2.0,256.0,0.0,16.0,96500.0,1.0,1.0,LED,No,DDR4,amd,mid,Lenovo,Windows,intel,mid,low
7119,1.7,157.0,1.6,3200.0,120.0,0.0,512.0,0.0,8.0,69500.0,1.0,1.0,LED,No,DDR4,intel,low,Lenovo,DOS,intel,mid,low
7120,2.85,127.0,2.6,2666.0,120.0,4.0,1024.0,0.0,16.0,94754.0,0.0,0.0,LED,No,DDR4,nvidia,low,Asus,Windows,intel,high,high
7121,2.1,157.0,2.1,3200.0,120.0,0.0,512.0,0.0,8.0,45900.0,1.0,1.0,LED,No,DDR4,amd,low,Lenovo,DOS,amd,mid,low
7122,1.55,157.0,2.1,3200.0,120.0,0.0,0.0,1024.0,4.0,42990.0,1.0,1.0,LED,No,DDR4,intel,low,Lenovo,Windows,intel,low,low
7124,1.9,141.0,1.2,3200.0,120.0,0.0,512.0,0.0,4.0,35994.0,1.0,1.0,LED,No,DDR4,intel,low,Asus,Windows,intel,low,low
7125,1.85,141.0,2.3,3200.0,120.0,0.0,0.0,1024.0,4.0,36039.0,1.0,1.0,LED,No,DDR4,amd,low,Lenovo,Windows,amd,low,low
7126,2.2,141.0,2.6,2933.0,120.0,4.0,256.0,1024.0,16.0,88990.0,0.0,0.0,LED,No,DDR4,nvidia,low,Lenovo,Windows,intel,high,high
7127,1.7,210.0,3.0,3200.0,120.0,6.0,1024.0,0.0,32.0,153455.0,0.0,1.0,LED,No,DDR4,nvidia,mid,Asus,Windows,amd,high,high
7128,1.9,141.0,1.0,3200.0,120.0,0.0,256.0,1024.0,8.0,51959.0,0.0,1.0,LED,No,DDR4,intel,low,Asus,Windows,intel,mid,low
7129,2.6,127.0,3.0,3200.0,120.0,4.0,0.0,1024.0,8.0,63840.0,1.0,0.0,LED,No,DDR4,nvidia,low,Asus,Windows,amd,mid,high
7130,2.6,127.0,2.5,2933.0,120.0,4.0,512.0,1024.0,8.0,76475.0,0.0,0.0,LED,No,DDR4,nvidia,low,Asus,Windows,intel,mid,high
7131,2.1,112.0,2.5,2400.0,120.0,0.0,0.0,1024.0,4.0,25980.0,0.0,1.0,LED,No,DDR4,amd,low,HP,DOS,amd,low,low
7132,2.0,141.0,2.2,3200.0,144.0,4.0,512.0,1024.0,8.0,87144.0,1.0,0.0,LED,No,DDR4,nvidia,low,Asus,Windows,intel,high,high
7133,2.24,127.0,2.6,3200.0,144.0,6.0,1024.0,0.0,16.0,122700.0,1.0,0.0,LED,No,DDR4,nvidia,mid,Asus,Windows,intel,high,high
7134,1.9,100.0,1.1,3200.0,120.0,0.0,0.0,1024.0,4.0,23990.0,1.0,1.0,LED,No,DDR4,intel,low,Asus,Windows,intel,low,low
7135,2.6,127.0,2.6,2933.0,120.0,4.0,512.0,1024.0,16.0,89775.0,0.0,1.0,LED,No,DDR4,nvidia,low,Asus,Windows,intel,high,high
7136,1.9,141.0,1.0,3200.0,120.0,0.0,0.0,1024.0,8.0,46990.0,1.0,1.0,LED,No,DDR4,intel,low,Asus,Windows,intel,mid,low
7137,2.0,141.0,3.0,3200.0,120.0,6.0,1024.0,0.0,16.0,143000.0,0.0,1.0,LED,No,DDR4,nvidia,mid,Asus,Windows,amd,high,high
7138,1.6,157.0,2.1,2400.0,60.0,0.0,0.0,1024.0,8.0,41500.0,0.0,0.0,LED,No,DDR4,amd,low,Asus,Windows,amd,mid,low
7139,2.3,141.0,3.0,3200.0,144.0,4.0,256.0,1024.0,8.0,72890.0,0.0,0.0,LED,No,DDR4,nvidia,low,Acer,Windows,amd,mid,high
7140,0.99,157.0,1.8,3200.0,120.0,0.0,1024.0,0.0,16.0,167990.0,1.0,1.0,LED,No,LPDDR3,intel,low,Asus,Windows,intel,high,low
7141,1.68,112.0,2.1,3200.0,60.0,0.0,0.0,1024.0,4.0,37900.0,1.0,0.0,LED,No,DDR4,intel,low,Asus,Windows,intel,low,low
7142,2.5,157.0,2.8,3200.0,120.0,0.0,256.0,0.0,4.0,42499.0,1.0,1.0,LED,No,DDR4,intel,low,Asus,Windows,intel,low,low
7143,1.5,141.0,1.2,2666.0,120.0,0.0,512.0,0.0,4.0,41994.0,0.0,1.0,LED,No,DDR4,intel,low,Acer,Windows,intel,low,low
7144,2.3,141.0,2.9,3200.0,120.0,6.0,512.0,0.0,16.0,105000.0,0.0,1.0,LED,No,DDR4,nvidia,mid,Asus,Windows,amd,high,high
7145,0.99,157.0,1.6,3200.0,120.0,0.0,512.0,0.0,8.0,132790.0,1.0,1.0,LED,No,LPDDR3,intel,low,Asus,Windows,intel,mid,low
7146,2.56,141.0,2.6,2933.0,120.0,6.0,1024.0,0.0,16.0,138294.0,0.0,1.0,LED,No,DDR4,nvidia,mid,Dell,Windows,intel,high,high
7147,1.9,141.0,1.0,3200.0,120.0,2.0,0.0,1024.0,8.0,54990.0,1.0,1.0,LED,No,DDR4,nvidia,low,Asus,Windows,intel,mid,low
7148,2.1,141.0,2.3,2400.0,144.0,6.0,512.0,0.0,16.0,89990.0,0.0,0.0,LED,No,DDR4,nvidia,mid,Asus,Windows,amd,high,high
7149,2.3,141.0,2.4,2666.0,60.0,4.0,256.0,1024.0,8.0,65994.0,0.0,0.0,LED,No,DDR4,nvidia,low,Acer,Windows,intel,mid,high
7151,1.83,141.0,1.2,2666.0,120.0,0.0,0.0,1024.0,4.0,38494.0,0.0,1.0,LED,No,DDR4,intel,low,Dell,Windows,intel,low,low
7152,1.9,100.0,2.8,3200.0,60.0,0.0,0.0,1024.0,4.0,28994.0,1.0,0.0,LED,No,DDR4,amd,low,Acer,Windows,amd,low,low
7153,2.1,100.0,1.5,1600.0,120.0,0.0,0.0,500.0,4.0,21990.0,0.0,1.0,LED,No,DDR3,amd,low,Dell,Other,amd,low,low
7154,1.85,141.0,2.6,2400.0,120.0,0.0,0.0,1024.0,4.0,34990.0,0.0,1.0,LED,No,DDR4,amd,low,Dell,Windows,amd,low,low
7155,1.86,100.0,2.3,2133.0,120.0,2.0,0.0,1024.0,4.0,51500.0,0.0,1.0,LED,No,DDR4,amd,low,HP,DOS,intel,low,low
7156,2.26,141.0,2.9,2666.0,120.0,4.0,512.0,0.0,16.0,341440.0,0.0,1.0,LED,Yes,DDR4,nvidia,mid,HP,Windows,intel,high,high
7157,1.75,100.0,2.4,2400.0,120.0,0.0,0.0,1024.0,4.0,32700.0,0.0,1.0,LED,No,DDR4,intel,low,Dell,Windows,intel,low,low
7159,2.03,141.0,2.2,2667.0,120.0,8.0,512.0,0.0,16.0,299999.0,0.0,1.0,LED,No,DDR4,nvidia,high,Other,Windows,intel,high,high
7160,1.3,157.0,1.6,2400.0,120.0,0.0,256.0,0.0,8.0,99990.0,0.0,1.0,LED,No,DDR4,intel,low,Lenovo,Windows,intel,mid,low
7161,1.21,179.0,2.8,3733.0,120.0,0.0,128.0,0.0,4.0,104520.0,0.0,1.0,LED,Yes,LPDDR4,qualcomm,low,HP,Windows,qualcomm,high,low
7162,1.3,157.0,1.8,3200.0,120.0,0.0,512.0,0.0,8.0,100990.0,0.0,1.0,LED,No,DDR4,intel,low,Lenovo,Windows,intel,high,low
7163,2.4,141.0,2.5,2400.0,120.0,0.0,0.0,1024.0,8.0,54100.0,0.0,1.0,LED,No,DDR4,intel,low,Asus,Windows,intel,mid,low
7164,2.2,141.0,1.3,2666.0,120.0,4.0,512.0,1024.0,8.0,86490.0,0.0,1.0,LED,No,DDR4,nvidia,low,Dell,Windows,intel,high,low
7165,1.49,118.0,2.5,2400.0,120.0,0.0,0.0,1024.0,8.0,78860.0,0.0,1.0,LED,No,DDR4,intel,low,HP,Windows,intel,mid,low
7167,1.3,157.0,1.6,2400.0,120.0,0.0,256.0,0.0,16.0,104990.0,0.0,1.0,LED,No,DDR4,intel,low,Lenovo,Windows,intel,mid,low
7168,2.3,141.0,2.3,2666.0,120.0,2.0,0.0,1024.0,8.0,73580.0,0.0,1.0,LED,No,DDR4,nvidia,low,Asus,Windows,intel,mid,high
7169,2.08,106.0,1.1,2400.0,120.0,0.0,0.0,1024.0,8.0,49730.0,0.0,1.0,LED,No,DDR4,intel,low,Asus,Windows,intel,low,low
7170,1.45,135.0,1.1,1600.0,120.0,0.0,32.0,0.0,4.0,35150.0,0.0,1.0,LED,Yes,DDR3,intel,low,Lenovo,Google Chrome,intel,low,low
7172,1.13,157.0,1.9,2133.0,120.0,0.0,512.0,0.0,16.0,232000.0,0.0,1.0,LED,No,LPDDR3,intel,low,Lenovo,Windows,intel,high,low
7173,2.0,141.0,1.6,2400.0,120.0,0.0,256.0,0.0,8.0,73820.0,0.0,1.0,LED,Yes,DDR4,intel,low,Lenovo,Windows,intel,mid,low
7174,2.35,141.0,1.6,2400.0,120.0,2.0,256.0,0.0,8.0,76280.0,0.0,1.0,LED,No,DDR4,nvidia,low,Asus,Windows,intel,mid,low
7175,2.2,141.0,2.3,2400.0,120.0,4.0,16.0,1024.0,8.0,84110.0,0.0,1.0,LED,No,DDR4,nvidia,low,MSI,Windows,intel,mid,high
7176,2.31,141.0,2.2,2400.0,120.0,4.0,256.0,0.0,8.0,93260.0,0.0,1.0,LED,No,DDR4,nvidia,low,Asus,Windows,intel,high,high
7177,2.2,141.0,1.8,2400.0,120.0,4.0,128.0,1024.0,8.0,102100.0,0.0,1.0,LED,No,DDR4,nvidia,low,MSI,Windows,intel,high,high
7178,2.19,141.0,1.8,2400.0,120.0,4.0,0.0,1024.0,8.0,92920.0,0.0,1.0,LED,Yes,DDR4,nvidia,low,Acer,Windows,intel,high,low
7179,0.96,166.0,1.6,2400.0,120.0,0.0,256.0,0.0,8.0,105520.0,0.0,1.0,LED,No,DDR4,intel,low,Other,Windows,intel,mid,low
7180,1.6,112.0,1.0,3200.0,120.0,0.0,256.0,0.0,4.0,59500.0,1.0,1.0,LED,No,DDR4,intel,low,Lenovo,Windows,intel,mid,low
7183,1.85,141.0,2.2,3200.0,120.0,0.0,0.0,1024.0,4.0,29990.0,1.0,1.0,LED,No,DDR4,intel,low,Lenovo,DOS,intel,low,low
7184,1.6,112.0,1.2,3200.0,120.0,0.0,0.0,1024.0,4.0,31290.0,1.0,1.0,LED,No,DDR4,intel,low,Lenovo,Windows,intel,low,low
7185,2.2,141.0,2.4,2400.0,120.0,3.0,0.0,1024.0,8.0,55000.0,0.0,1.0,LED,No,DDR4,nvidia,low,Lenovo,Windows,intel,mid,high
7186,1.25,166.0,1.6,2133.0,120.0,0.0,512.0,0.0,8.0,157950.0,0.0,1.0,LED,Yes,DDR4,intel,low,HP,Windows,intel,mid,low
7188,1.55,157.0,1.6,3200.0,120.0,0.0,0.0,1024.0,4.0,45900.0,1.0,1.0,LED,No,DDR4,intel,low,Lenovo,DOS,intel,mid,low
7189,1.6,112.0,1.2,3200.0,120.0,0.0,0.0,1024.0,4.0,37999.0,1.0,1.0,LED,No,DDR4,intel,low,Lenovo,Windows,intel,low,low
7190,1.61,112.0,1.6,3200.0,120.0,0.0,0.0,500.0,8.0,65290.0,1.0,1.0,LED,No,DDR4,intel,low,Lenovo,DOS,intel,mid,low
7191,1.55,157.0,2.1,3200.0,120.0,0.0,128.0,0.0,8.0,77286.0,1.0,1.0,LED,No,DDR4,intel,low,Lenovo,Windows,intel,low,low
7192,1.5,157.0,1.1,2400.0,120.0,0.0,32.0,0.0,4.0,57229.0,0.0,1.0,LED,No,LPDDR4,intel,low,HP,Google Chrome,intel,low,low
7193,1.85,141.0,1.2,2666.0,120.0,0.0,0.0,1024.0,4.0,37990.0,0.0,1.0,LED,No,DDR4,intel,low,Lenovo,Windows,intel,low,low
7194,2.3,141.0,2.6,2933.0,120.0,4.0,256.0,1024.0,16.0,95990.0,0.0,0.0,LED,No,DDR4,nvidia,low,Lenovo,Windows,intel,high,high
7195,1.75,141.0,1.8,2666.0,120.0,0.0,1024.0,0.0,16.0,117990.0,0.0,1.0,LED,No,DDR4,intel,low,HP,Windows,intel,high,low
7196,1.74,141.0,2.1,2400.0,120.0,0.0,0.0,1024.0,4.0,35999.0,0.0,1.0,LED,No,DDR4,intel,low,HP,Windows,intel,low,low
7197,1.75,112.0,1.6,3200.0,120.0,0.0,256.0,0.0,8.0,74500.0,1.0,1.0,LED,No,DDR4,intel,low,HP,Windows,intel,low,low
7198,1.69,141.0,1.0,2666.0,120.0,0.0,256.0,0.0,8.0,71860.0,0.0,1.0,LED,No,DDR4,intel,low,HP,Windows,intel,mid,low
7199,2.5,189.0,4.8,3200.0,240.0,8.0,1024.0,0.0,32.0,155990.0,1.0,0.0,LED,No,DDR5,nvidia,high,MSI,Windows,intel,high,high
7200,2.0,141.0,5.0,3200.0,144.0,8.0,1024.0,0.0,16.0,128690.0,1.0,0.0,IPS LCD,No,DDR5,nvidia,high,MSI,Windows,intel,high,high
7201,2.1,141.0,4.7,3200.0,144.0,6.0,512.0,0.0,16.0,71990.0,1.0,0.0,TFT LCD,No,DDR5,nvidia,mid,Acer,Windows,amd,high,high
7202,2.3,142.0,5.5,3200.0,144.0,8.0,1024.0,0.0,16.0,129990.0,1.0,0.0,LED,No,DDR5,nvidia,mid,MSI,Windows,intel,high,high
7203,1.3,112.0,1.1,2400.0,120.0,0.0,256.0,0.0,4.0,19190.0,0.0,1.0,LED,No,DDR4,intel,low,Lenovo,Windows,intel,low,low
7204,2.1,141.0,2.8,3200.0,144.0,4.0,512.0,0.0,8.0,52200.0,1.0,0.0,TFT LCD,No,DDR5,nvidia,low,Acer,Windows,amd,mid,high
7205,2.1,141.0,4.2,3200.0,144.0,6.0,512.0,0.0,8.0,82999.0,1.0,0.0,TFT LCD,No,DDR5,nvidia,mid,Acer,Windows,amd,mid,high
7206,1.63,141.0,4.2,3200.0,60.0,0.0,512.0,0.0,8.0,36990.0,1.0,0.0,LED,No,LPDDR5,amd,low,Asus,Windows,amd,mid,low
7207,2.5,189.0,5.1,3200.0,240.0,8.0,1024.0,0.0,32.0,174990.0,1.0,0.0,LED,No,DDR5,nvidia,high,MSI,Windows,intel,high,high
7208,2.65,189.0,5.8,3200.0,120.0,8.0,1024.0,0.0,16.0,188000.0,1.0,1.0,TFT LCD,No,DDR5,nvidia,high,Acer,Windows,intel,high,high
7209,1.55,141.0,4.6,3200.0,60.0,0.0,512.0,0.0,16.0,53750.0,1.0,0.0,LED,No,LPDDR4X,intel,mid,Samsung,Windows,intel,mid,low
7210,2.4,141.0,4.4,3200.0,120.0,6.0,512.0,0.0,16.0,67990.0,1.0,1.0,LCD,No,DDR5,nvidia,mid,Other,Windows,intel,mid,high
7211,1.69,141.0,4.0,3200.0,120.0,0.0,512.0,0.0,8.0,39990.0,0.0,1.0,LED,No,DDR4,amd,low,HP,Windows,amd,mid,low
7212,1.55,141.0,4.6,3200.0,60.0,0.0,512.0,0.0,8.0,52990.0,1.0,0.0,LED,No,LPDDR4X,intel,mid,Samsung,Windows,intel,mid,low
7213,2.4,141.0,4.4,4800.0,120.0,6.0,512.0,0.0,16.0,68990.0,0.0,1.0,LCD,No,DDR5,nvidia,mid,Other,Windows,intel,mid,high
7214,1.65,141.0,2.0,3200.0,120.0,0.0,512.0,0.0,16.0,43990.0,0.0,1.0,LED,No,DDR4,amd,low,Lenovo,Windows,amd,high,low
7215,1.65,162.0,4.8,3200.0,60.0,0.0,1024.0,0.0,32.0,167999.0,1.0,0.0,OLED,Yes,LPDDR5X,intel,mid,Asus,Windows,intel,high,high
7217,1.7,141.0,3.3,3200.0,120.0,0.0,512.0,0.0,8.0,33990.0,0.0,1.0,LED,No,DDR4,intel,low,Lenovo,Windows,intel,low,low
7219,2.4,194.0,4.9,3200.0,120.0,8.0,512.0,0.0,16.0,91990.0,1.0,1.0,LED,No,DDR5,nvidia,mid,Other,Windows,intel,high,high
7220,2.4,194.0,4.7,3200.0,120.0,8.0,512.0,0.0,16.0,82990.0,1.0,1.0,LCD,No,DDR5,nvidia,mid,Other,Windows,intel,high,high
7221,1.47,112.0,4.2,3200.0,120.0,0.0,512.0,0.0,8.0,32999.0,0.0,1.0,LED,No,DDR4,intel,mid,HP,DOS,intel,low,low
7222,1.46,243.0,5.1,7467.0,120.0,0.0,1024.0,0.0,32.0,107990.0,0.0,0.0,OLED,No,LPDDR5X,intel,mid,Lenovo,Windows,intel,high,high
7223,1.7,138.0,4.6,5200.0,120.0,0.0,512.0,0.0,16.0,59990.0,0.0,1.0,LED,No,DDR5,intel,low,Lenovo,Windows,intel,mid,low
7224,1.69,141.0,4.2,3200.0,60.0,0.0,512.0,0.0,16.0,50990.0,1.0,0.0,LED,No,DDR4,amd,low,HP,Windows,amd,high,low
7226,1.72,142.0,4.8,5200.0,120.0,0.0,1024.0,0.0,16.0,137730.0,0.0,0.0,LED,No,DDR5,intel,mid,HP,Windows,intel,high,low
7227,2.38,141.0,4.9,4800.0,144.0,6.0,512.0,0.0,16.0,90690.0,0.0,0.0,LED,No,DDR5,nvidia,mid,Lenovo,Other,intel,high,high
7228,2.5,189.0,5.5,3200.0,240.0,8.0,1024.0,0.0,16.0,134990.0,1.0,0.0,LED,No,DDR5,nvidia,mid,MSI,Windows,intel,high,high
7229,1.74,141.0,2.8,3200.0,60.0,0.0,256.0,0.0,8.0,23490.0,0.0,0.0,LED,No,DDR4,intel,low,HP,DOS,intel,low,low
7230,1.45,162.0,4.6,5200.0,120.0,4.0,512.0,0.0,16.0,93200.0,0.0,0.0,LED,No,DDR5,nvidia,mid,HP,Windows,intel,mid,low
7232,3.1,178.0,5.8,3200.0,240.0,16.0,2048.0,0.0,32.0,347290.0,1.0,0.0,IPS LCD,No,DDR5,nvidia,high,MSI,Windows,intel,high,high
7233,2.0,157.0,4.0,3200.0,120.0,0.0,512.0,0.0,16.0,91000.0,1.0,1.0,LED,No,DDR4,intel,mid,Lenovo,Windows,intel,high,low
7234,1.45,162.0,5.0,5200.0,120.0,4.0,1024.0,0.0,16.0,133500.0,0.0,0.0,LED,No,DDR5,nvidia,mid,HP,Windows,intel,high,low
7235,1.7,157.0,5.0,3200.0,165.0,6.0,1024.0,0.0,16.0,148640.0,1.0,0.0,LED,No,DDR5,nvidia,mid,MSI,Windows,intel,high,high
7236,1.7,141.0,4.5,3200.0,60.0,0.0,512.0,0.0,8.0,36990.0,1.0,0.0,LED,No,DDR4,intel,low,Asus,Windows,intel,low,low
7237,1.65,162.0,4.5,3200.0,60.0,0.0,1024.0,0.0,16.0,194990.0,1.0,0.0,OLED,Yes,LPDDR5X,intel,mid,Asus,Windows,intel,mid,high
7238,2.5,189.0,5.5,3200.0,240.0,8.0,1024.0,0.0,32.0,172590.0,1.0,0.0,LED,No,DDR5,nvidia,high,MSI,Windows,intel,high,high
7240,2.62,189.0,5.8,5600.0,240.0,16.0,1024.0,0.0,32.0,319990.0,0.0,0.0,LED,No,DDR5,nvidia,high,Lenovo,Windows,intel,high,high
7241,1.8,142.0,4.5,3200.0,60.0,4.0,512.0,0.0,16.0,59990.0,0.0,0.0,LED,No,DDR4,nvidia,mid,Asus,Windows,intel,mid,high
7242,1.65,162.0,5.1,3200.0,60.0,0.0,2048.0,0.0,32.0,290990.0,1.0,0.0,OLED,Yes,LPDDR5X,intel,mid,Asus,Windows,intel,high,high
7243,1.43,157.0,4.2,3200.0,120.0,0.0,512.0,0.0,8.0,37970.0,0.0,1.0,LED,No,DDR4,intel,mid,Lenovo,DOS,intel,mid,low
7244,1.7,141.0,4.6,3200.0,60.0,0.0,512.0,0.0,8.0,45990.0,1.0,0.0,LED,No,DDR4,intel,mid,Asus,Windows,intel,mid,low
7245,1.41,162.0,5.0,3200.0,120.0,0.0,512.0,0.0,16.0,96990.0,0.0,1.0,LED,No,DDR4,intel,mid,Lenovo,Windows,intel,high,low
7246,1.43,157.0,4.2,3200.0,120.0,0.0,512.0,0.0,8.0,39790.0,0.0,1.0,LED,No,DDR4,intel,mid,Lenovo,Windows,intel,mid,low
7247,1.65,162.0,5.1,3200.0,60.0,0.0,1024.0,0.0,32.0,211900.0,1.0,0.0,OLED,Yes,LPDDR5X,intel,mid,Asus,Windows,intel,high,high
7248,1.46,162.0,4.5,7467.0,60.0,0.0,1024.0,0.0,16.0,79243.0,0.0,0.0,OLED,No,LPDDR5X,intel,mid,Lenovo,Windows,intel,mid,high
7249,1.78,141.0,4.4,3200.0,120.0,0.0,512.0,0.0,8.0,46999.0,1.0,1.0,TFT LCD,No,DDR4,intel,mid,Acer,Windows,intel,mid,low
7250,1.86,141.0,3.3,3200.0,144.0,6.0,512.0,0.0,16.0,70990.0,1.0,0.0,LED,No,DDR5,nvidia,mid,MSI,Windows,amd,mid,high
7251,1.3,243.0,4.5,3200.0,120.0,0.0,512.0,0.0,16.0,74990.0,1.0,1.0,OLED,No,LPDDR5X,intel,mid,Acer,Windows,intel,mid,high
7252,1.59,141.0,2.8,3200.0,120.0,0.0,512.0,0.0,16.0,31990.0,1.0,1.0,TFT LCD,No,DDR4,amd,low,Acer,Windows,amd,low,low
7253,2.65,189.0,5.8,3200.0,240.0,12.0,1024.0,0.0,32.0,239990.0,1.0,0.0,TFT LCD,No,DDR5,nvidia,high,Acer,Windows,intel,high,high
7254,2.8,142.0,5.5,3200.0,165.0,6.0,1024.0,0.0,16.0,113990.0,1.0,0.0,TFT LCD,No,DDR5,nvidia,mid,Acer,Windows,intel,high,high
7255,1.86,141.0,3.1,3200.0,144.0,8.0,1024.0,0.0,16.0,92990.0,1.0,0.0,LED,No,DDR5,nvidia,mid,MSI,Windows,amd,high,high
7256,1.86,141.0,3.3,3200.0,144.0,4.0,512.0,0.0,16.0,54990.0,1.0,0.0,LED,No,DDR5,nvidia,low,MSI,Windows,amd,mid,high
7257,1.3,243.0,4.5,3200.0,120.0,0.0,512.0,0.0,16.0,69990.0,1.0,1.0,OLED,Yes,LPDDR5X,intel,mid,Acer,Windows,intel,mid,high
7258,1.86,141.0,3.3,3200.0,144.0,4.0,512.0,0.0,16.0,57950.0,1.0,0.0,LED,No,DDR5,nvidia,mid,MSI,Windows,amd,mid,high
7259,1.49,162.0,4.2,3200.0,60.0,0.0,512.0,0.0,16.0,70567.0,1.0,0.0,LED,No,LPDDR5,intel,mid,MSI,Windows,intel,mid,mid
7260,1.86,141.0,3.1,3200.0,240.0,6.0,1024.0,0.0,16.0,84990.0,1.0,0.0,LED,No,DDR5,nvidia,mid,MSI,Windows,amd,high,high
7261,1.0,174.0,4.2,3200.0,60.0,0.0,512.0,0.0,8.0,74910.0,1.0,0.0,LED,No,LPDDR5,intel,mid,MSI,Windows,intel,mid,mid
7262,1.5,162.0,3.3,4266.0,60.0,0.0,512.0,0.0,8.0,50500.0,0.0,0.0,LED,No,LPDDR4X,intel,low,Lenovo,Windows,intel,low,low
7263,1.36,138.0,4.8,3200.0,144.0,6.0,1024.0,0.0,16.0,95630.0,1.0,0.0,IPS LCD,No,DDR5,nvidia,mid,HP,Windows,amd,high,high
7264,1.75,189.0,5.2,5600.0,240.0,8.0,256.0,0.0,16.0,153990.0,0.0,0.0,LED,No,DDR5,nvidia,mid,Lenovo,Windows,intel,high,high
7265,1.8,141.0,2.0,3200.0,60.0,0.0,512.0,0.0,8.0,37490.0,1.0,0.0,LED,No,DDR4,intel,low,Asus,Windows,intel,low,low
7266,2.29,188.0,5.0,3200.0,60.0,6.0,1024.0,0.0,16.0,178990.0,1.0,0.0,LED,No,DDR5,nvidia,mid,MSI,Windows,intel,high,high
7267,1.75,236.0,5.8,5600.0,165.0,8.0,1024.0,0.0,16.0,173062.0,0.0,0.0,IPS LCD,No,DDR5,nvidia,mid,Lenovo,Windows,intel,high,high
7268,1.75,189.0,5.8,5600.0,240.0,8.0,1024.0,0.0,32.0,189999.0,0.0,0.0,IPS LCD,No,DDR5,nvidia,high,Lenovo,Windows,intel,high,high
7269,1.4,162.0,4.6,3200.0,120.0,0.0,512.0,0.0,16.0,56490.0,1.0,1.0,LED,No,LPDDR4X,intel,low,Other,Windows,intel,mid,high
7270,1.75,236.0,5.8,3200.0,165.0,8.0,1024.0,0.0,32.0,209000.0,1.0,0.0,IPS LCD,No,DDR5,nvidia,high,Lenovo,Windows,intel,high,high
7271,1.69,141.0,4.2,3200.0,120.0,0.0,512.0,0.0,8.0,33333.0,0.0,1.0,LED,No,DDR4,intel,low,HP,Windows,intel,low,low
7272,2.8,189.0,5.5,3200.0,165.0,8.0,1024.0,0.0,16.0,136990.0,1.0,0.0,TFT LCD,No,DDR5,nvidia,high,Acer,Windows,intel,high,high
7273,1.59,141.0,4.3,3200.0,60.0,0.0,512.0,0.0,16.0,42990.0,0.0,0.0,TFT LCD,No,DDR4,amd,low,Acer,Windows,amd,high,low
7274,1.75,142.0,4.6,3200.0,120.0,0.0,512.0,0.0,8.0,51290.0,1.0,1.0,LED,No,LPDDR4X,intel,low,Other,Windows,intel,mid,high
7275,2.8,189.0,5.8,3200.0,240.0,8.0,1024.0,0.0,16.0,171900.0,1.0,0.0,TFT LCD,No,DDR5,nvidia,high,Acer,Windows,intel,high,high
7276,1.46,162.0,4.5,3200.0,60.0,0.0,1024.0,0.0,16.0,79990.0,1.0,0.0,OLED,No,LPDDR5,intel,mid,Lenovo,Windows,intel,mid,high
7277,1.62,141.0,4.4,4800.0,60.0,0.0,512.0,0.0,16.0,55390.0,0.0,0.0,IPS LCD,No,LPDDR5,intel,low,Lenovo,Windows,intel,mid,high
7278,1.75,142.0,4.6,3200.0,120.0,0.0,512.0,0.0,16.0,58490.0,1.0,1.0,LED,No,LPDDR4X,intel,low,Other,Windows,intel,mid,high
7279,1.4,162.0,4.8,5600.0,120.0,0.0,1024.0,0.0,16.0,117347.0,0.0,0.0,LED,No,DDR5,amd,mid,HP,Windows,amd,high,high
7280,1.75,162.0,4.7,5200.0,60.0,0.0,1024.0,0.0,16.0,79690.0,0.0,0.0,OLED,No,LPDDR5X,intel,mid,Lenovo,Windows,intel,mid,high
7281,1.62,141.0,4.6,4800.0,60.0,0.0,512.0,0.0,16.0,59490.0,0.0,0.0,LED,No,LPDDR5,intel,low,Lenovo,Windows,intel,mid,high
7282,1.39,243.0,4.3,6400.0,120.0,0.0,512.0,0.0,16.0,99990.0,0.0,1.0,OLED,Yes,LPDDR5,intel,low,HP,Windows,intel,mid,low
7283,1.62,141.0,2.0,4800.0,120.0,0.0,512.0,0.0,16.0,49890.0,0.0,1.0,LED,No,LPDDR5,intel,low,Lenovo,Windows,intel,mid,high
7284,1.77,141.0,4.8,5500.0,120.0,4.0,1024.0,0.0,16.0,149588.0,0.0,1.0,OLED,Yes,LPDDR5,nvidia,mid,HP,Windows,intel,high,low
7285,1.77,142.0,4.6,3200.0,120.0,0.0,512.0,0.0,8.0,63490.0,0.0,1.0,LED,No,DDR4,intel,mid,Lenovo,DOS,intel,mid,low
7286,1.39,162.0,4.8,6400.0,120.0,0.0,512.0,0.0,16.0,78790.0,0.0,1.0,OLED,Yes,LPDDR5,amd,low,HP,Windows,amd,mid,high
7287,1.69,141.0,4.2,3200.0,120.0,0.0,512.0,0.0,8.0,43990.0,0.0,1.0,LED,No,DDR4,intel,mid,HP,Windows,intel,mid,low
7288,1.69,141.0,4.2,3200.0,120.0,0.0,512.0,0.0,8.0,35950.0,0.0,1.0,LED,No,DDR4,intel,low,HP,Windows,intel,low,low
7289,1.39,162.0,4.3,6400.0,120.0,0.0,512.0,0.0,16.0,89790.0,0.0,1.0,OLED,No,LPDDR5,intel,low,HP,Windows,intel,mid,low
7290,1.55,141.0,1.8,3200.0,120.0,0.0,512.0,0.0,16.0,67990.0,1.0,1.0,LED,No,LPDDR4X,intel,low,Samsung,Windows,intel,high,low
7291,1.6,281.0,5.1,3200.0,120.0,8.0,1024.0,0.0,32.0,179990.0,1.0,1.0,OLED,No,LPDDR5,nvidia,mid,MSI,Windows,intel,high,high
7292,1.39,243.0,4.8,6400.0,120.0,0.0,1024.0,0.0,32.0,144900.0,0.0,1.0,OLED,Yes,LPDDR5,intel,low,HP,Windows,intel,high,low
7293,1.39,162.0,4.8,6400.0,120.0,0.0,512.0,0.0,16.0,104990.0,0.0,1.0,OLED,Yes,LPDDR5,intel,low,HP,Windows,intel,high,low
7294,1.39,162.0,4.8,6400.0,120.0,0.0,512.0,0.0,16.0,85900.0,0.0,1.0,LED,Yes,LPDDR5,amd,low,HP,Windows,amd,high,high
7295,1.75,162.0,4.8,7467.0,60.0,0.0,1024.0,0.0,32.0,81990.0,0.0,0.0,OLED,No,LPDDR5X,intel,mid,Lenovo,Windows,intel,high,high
7296,1.94,151.0,4.8,7467.0,120.0,6.0,1024.0,0.0,16.0,126190.0,0.0,0.0,OLED,No,LPDDR5X,nvidia,mid,Lenovo,Windows,intel,high,high
7297,1.55,141.0,1.4,3200.0,120.0,0.0,512.0,0.0,8.0,54490.0,1.0,1.0,LED,No,LPDDR4X,intel,low,Samsung,Windows,intel,mid,low
7298,1.8,141.0,3.4,3200.0,60.0,0.0,256.0,0.0,8.0,27650.0,1.0,0.0,LED,No,DDR4,intel,low,Asus,Windows,intel,low,low
7299,3.35,188.0,5.5,3200.0,120.0,8.0,2048.0,0.0,64.0,428990.0,1.0,0.0,LED,No,DDR5,nvidia,high,MSI,Windows,intel,high,high
7300,1.65,141.0,2.8,5500.0,120.0,0.0,512.0,0.0,8.0,30940.0,0.0,1.0,LED,No,LPDDR5,amd,low,Lenovo,DOS,amd,mid,low
7301,1.55,141.0,1.4,3200.0,120.0,0.0,512.0,0.0,16.0,52940.0,1.0,1.0,LED,No,LPDDR4X,intel,low,Samsung,Windows,intel,mid,low
7302,1.34,162.0,5.0,5600.0,60.0,0.0,512.0,0.0,16.0,129990.0,0.0,0.0,LED,No,DDR5,intel,low,Lenovo,Windows,intel,high,mid
7303,1.0,255.0,4.8,3200.0,60.0,0.0,1024.0,0.0,16.0,152990.0,1.0,0.0,OLED,No,LPDDR5X,intel,low,Asus,Windows,intel,high,low
7304,1.0,255.0,4.8,3200.0,60.0,0.0,1024.0,0.0,16.0,158990.0,1.0,0.0,OLED,No,LPDDR5X,intel,low,Asus,Windows,intel,high,low
7305,1.0,255.0,4.8,3200.0,60.0,0.0,1024.0,0.0,32.0,139990.0,1.0,0.0,OLED,No,LPDDR5X,intel,low,Asus,Windows,intel,high,low
7306,1.7,141.0,5.0,3200.0,60.0,0.0,512.0,0.0,16.0,50990.0,1.0,0.0,LED,No,DDR4,intel,low,Asus,Windows,intel,mid,low
7307,1.7,141.0,1.2,3200.0,60.0,0.0,512.0,0.0,8.0,57990.0,1.0,0.0,LED,No,DDR4,intel,low,Asus,Windows,intel,low,low
7308,1.87,138.0,1.2,3200.0,120.0,0.0,512.0,0.0,16.0,54900.0,1.0,0.0,LED,No,DDR5,intel,low,Dell,Windows,intel,mid,low
7309,1.6,162.0,4.6,3200.0,120.0,0.0,512.0,0.0,16.0,79990.0,1.0,1.0,LED,No,DDR4,intel,mid,MSI,Windows,intel,mid,high
7310,1.6,162.0,4.9,3200.0,120.0,0.0,1024.0,0.0,16.0,83240.0,1.0,1.0,LED,No,DDR4,intel,mid,MSI,Windows,intel,high,high
7311,1.37,157.0,2.0,4800.0,120.0,0.0,512.0,0.0,16.0,49990.0,0.0,1.0,LED,No,LPDDR5,intel,low,Lenovo,Windows,intel,mid,high
7312,1.0,255.0,4.5,3200.0,120.0,0.0,1024.0,0.0,16.0,89990.0,1.0,1.0,OLED,No,LPDDR5,intel,mid,MSI,Windows,intel,mid,high
7313,1.0,255.0,4.8,3200.0,60.0,0.0,1024.0,0.0,32.0,172990.0,1.0,0.0,OLED,No,LPDDR5X,intel,low,Asus,Windows,intel,high,low
7314,2.25,141.0,3.3,3200.0,120.0,4.0,512.0,0.0,16.0,54990.0,0.0,0.0,LED,No,DDR4,nvidia,low,Lenovo,Windows,amd,mid,high
7316,1.0,255.0,4.8,3200.0,120.0,0.0,1024.0,0.0,16.0,90999.0,1.0,1.0,OLED,No,LPDDR5,intel,mid,MSI,Windows,intel,high,high
7317,1.6,194.0,4.8,3200.0,120.0,6.0,1024.0,0.0,32.0,149990.0,1.0,1.0,LED,No,LPDDR5,nvidia,mid,MSI,Windows,intel,high,high
7318,1.6,189.0,4.8,3200.0,120.0,8.0,1024.0,0.0,32.0,169990.0,1.0,1.0,LED,No,LPDDR5,nvidia,mid,MSI,Windows,intel,high,high
7319,2.7,127.0,4.8,3200.0,144.0,8.0,1024.0,0.0,16.0,109990.0,1.0,0.0,IPS LCD,No,DDR5,nvidia,mid,MSI,Windows,amd,high,high
7320,1.99,189.0,4.8,3200.0,240.0,8.0,1024.0,0.0,32.0,144645.0,1.0,0.0,LED,No,DDR5,nvidia,mid,MSI,Windows,intel,high,high
7321,2.25,141.0,3.4,3200.0,144.0,6.0,512.0,0.0,16.0,89990.0,1.0,0.0,LED,No,DDR5,nvidia,mid,MSI,Windows,amd,high,high
7322,1.7,241.0,4.8,3200.0,120.0,8.0,1024.0,0.0,32.0,201991.0,1.0,0.0,OLED,No,DDR5,nvidia,mid,MSI,Windows,intel,high,high
7323,3.0,178.0,5.8,3200.0,240.0,12.0,2048.0,0.0,32.0,247990.0,1.0,0.0,IPS LCD,No,DDR5,nvidia,high,MSI,Windows,intel,high,high
7324,1.9,189.0,5.1,3200.0,240.0,8.0,2048.0,0.0,32.0,199990.0,1.0,0.0,LED,No,DDR5,nvidia,high,MSI,Windows,intel,high,high
7325,1.9,141.0,5.0,3200.0,60.0,0.0,1024.0,0.0,16.0,66990.0,1.0,0.0,LED,No,DDR4,intel,mid,MSI,Windows,intel,high,high
7326,1.77,141.0,5.0,5500.0,120.0,4.0,512.0,0.0,16.0,132727.0,0.0,1.0,LED,Yes,LPDDR5,nvidia,mid,HP,Windows,intel,high,low
7327,2.7,189.0,5.5,3200.0,240.0,8.0,1024.0,0.0,32.0,189990.0,1.0,0.0,LED,No,DDR5,nvidia,high,MSI,Windows,intel,high,high
7328,1.9,141.0,5.4,3200.0,60.0,0.0,1024.0,0.0,16.0,73990.0,1.0,0.0,LED,No,DDR4,intel,mid,MSI,Windows,intel,high,high
7329,1.9,141.0,4.6,3200.0,60.0,0.0,512.0,0.0,16.0,47999.0,1.0,0.0,LED,No,DDR4,intel,mid,MSI,Windows,intel,mid,high
7331,1.6,162.0,5.0,3200.0,120.0,0.0,1024.0,0.0,32.0,97990.0,1.0,1.0,LED,No,DDR4,intel,mid,MSI,Windows,intel,high,high
7333,3.1,178.0,5.8,3200.0,240.0,16.0,2048.0,0.0,32.0,271300.0,1.0,0.0,IPS LCD,No,DDR5,nvidia,high,MSI,Windows,intel,high,high
7334,1.75,162.0,4.7,3200.0,60.0,0.0,512.0,0.0,16.0,69499.0,0.0,0.0,LED,No,DDR4,intel,mid,Lenovo,Windows,intel,mid,low
7335,1.4,162.0,4.6,3200.0,120.0,0.0,512.0,0.0,8.0,54490.0,1.0,1.0,LED,No,LPDDR4X,intel,low,Other,Windows,intel,mid,high
7336,1.75,243.0,4.8,3200.0,120.0,8.0,1024.0,0.0,16.0,120790.0,1.0,0.0,OLED,No,LPDDR5X,nvidia,mid,HP,Windows,intel,high,high
7337,1.9,141.0,4.8,3200.0,144.0,6.0,1024.0,0.0,16.0,99990.0,1.0,0.0,LED,No,DDR5,nvidia,mid,MSI,Windows,intel,high,high
7339,1.75,141.0,3.1,4800.0,144.0,6.0,512.0,0.0,16.0,69899.0,0.0,0.0,LED,No,DDR5,nvidia,mid,Lenovo,Windows,intel,mid,high
7340,1.9,141.0,4.8,3200.0,144.0,8.0,1024.0,0.0,16.0,95161.0,1.0,0.0,LED,No,DDR5,nvidia,mid,MSI,Windows,intel,high,high
7342,1.9,141.0,4.5,3200.0,144.0,6.0,1024.0,0.0,16.0,89990.0,1.0,0.0,LED,No,DDR5,nvidia,mid,MSI,Windows,intel,mid,high
7343,1.75,189.0,5.2,5600.0,165.0,6.0,1024.0,0.0,16.0,126980.0,0.0,0.0,LED,No,DDR5,nvidia,mid,Lenovo,Windows,intel,high,high
7344,1.5,189.0,4.8,2666.0,120.0,0.0,1024.0,0.0,16.0,106990.0,0.0,1.0,LED,No,LPDDR5,intel,mid,MSI,Windows,intel,high,high
7345,1.75,141.0,2.8,3200.0,120.0,0.0,512.0,0.0,16.0,41490.0,0.0,1.0,LED,No,DDR4,amd,low,HP,Windows,amd,mid,low
7346,1.38,157.0,4.2,3200.0,120.0,0.0,512.0,0.0,8.0,69999.0,0.0,1.0,LED,No,DDR4,intel,mid,HP,DOS,intel,mid,low
7347,1.75,189.0,5.2,5600.0,165.0,8.0,1024.0,0.0,16.0,146990.0,0.0,0.0,LED,No,DDR5,nvidia,mid,Lenovo,Windows,intel,high,high
7348,1.62,141.0,4.6,4800.0,120.0,0.0,512.0,0.0,16.0,57999.0,0.0,1.0,LED,No,LPDDR5,intel,low,Lenovo,Windows,intel,mid,high
7349,2.3,189.0,5.2,5600.0,165.0,8.0,1024.0,0.0,16.0,166063.0,0.0,0.0,LED,No,DDR5,nvidia,high,Lenovo,Windows,intel,high,high
7351,1.75,141.0,4.2,3200.0,120.0,0.0,512.0,0.0,16.0,67600.0,0.0,1.0,LED,No,DDR4,amd,low,HP,Windows,amd,high,low
7352,1.75,192.0,1.4,4267.0,120.0,0.0,1024.0,0.0,8.0,99000.0,0.0,1.0,OLED,Yes,LPDDR4X,intel,low,Lenovo,Windows,intel,mid,low
7353,1.59,141.0,4.4,3200.0,60.0,0.0,512.0,0.0,8.0,32500.0,0.0,0.0,LED,No,DDR4,intel,low,Acer,Windows,intel,low,low
7355,1.75,162.0,2.7,6400.0,60.0,0.0,1024.0,0.0,16.0,92588.0,0.0,0.0,OLED,Yes,LPDDR5,amd,mid,Lenovo,Windows,amd,high,low
7356,1.82,141.0,4.2,4266.0,120.0,0.0,512.0,0.0,8.0,62990.0,0.0,1.0,LED,Yes,LPDDR4X,amd,low,HP,Windows,amd,mid,low
7357,1.75,141.0,1.8,3200.0,60.0,0.0,512.0,0.0,16.0,46990.0,0.0,0.0,LED,No,DDR4,amd,low,Lenovo,Windows,amd,high,low
7358,1.23,243.0,4.5,3200.0,120.0,0.0,512.0,0.0,16.0,105290.0,1.0,1.0,AMOLED,Yes,LPDDR5X,intel,mid,Samsung,Windows,intel,mid,high
7359,2.6,130.0,4.5,3200.0,120.0,4.0,512.0,0.0,16.0,53990.0,0.0,1.0,LED,No,DDR4,nvidia,low,Asus,Windows,intel,mid,high
7361,3.1,168.0,5.8,5600.0,240.0,16.0,2048.0,0.0,32.0,346935.0,0.0,0.0,Mini LED,No,DDR5,nvidia,high,Asus,Windows,intel,high,high
7362,1.46,141.0,1.4,3200.0,120.0,0.0,512.0,0.0,16.0,108990.0,1.0,1.0,AMOLED,Yes,LPDDR5,intel,low,Samsung,Windows,intel,mid,low
7363,1.85,189.0,4.8,3200.0,240.0,8.0,1024.0,0.0,16.0,189990.0,1.0,0.0,Mini LED,No,LPDDR5X,nvidia,high,Asus,Windows,intel,high,high
7364,1.59,141.0,4.0,3200.0,60.0,0.0,512.0,0.0,16.0,41999.0,1.0,0.0,TFT LCD,No,DDR4,amd,low,Acer,Windows,amd,mid,low
7365,2.6,142.0,2.8,3200.0,165.0,6.0,512.0,0.0,16.0,104990.0,1.0,0.0,TFT LCD,No,DDR5,nvidia,mid,Acer,Windows,intel,mid,high
7366,1.78,141.0,2.8,3200.0,120.0,0.0,512.0,0.0,8.0,33999.0,1.0,1.0,TFT LCD,No,LPDDR5,intel,low,Acer,Windows,intel,low,low
7367,1.0,141.0,1.6,3200.0,120.0,0.0,512.0,0.0,8.0,40990.0,1.0,1.0,LED,No,LPDDR5,intel,low,Acer,Windows,intel,low,low
7368,2.7,142.0,2.8,3200.0,165.0,8.0,512.0,0.0,16.0,129990.0,1.0,0.0,LED,No,DDR5,nvidia,mid,Acer,Windows,amd,high,high
7369,2.7,142.0,2.8,3200.0,165.0,6.0,512.0,0.0,8.0,114990.0,1.0,0.0,LED,No,DDR5,nvidia,mid,Acer,Windows,amd,high,high
7370,1.75,141.0,2.8,3200.0,120.0,0.0,512.0,0.0,8.0,48440.0,1.0,1.0,TFT LCD,No,LPDDR5,intel,low,Acer,Windows,intel,low,low
7371,1.28,243.0,4.8,3200.0,120.0,0.0,1024.0,0.0,16.0,104990.0,1.0,0.0,OLED,No,LPDDR5X,intel,mid,Asus,Windows,intel,high,high
7373,1.28,243.0,4.5,3200.0,120.0,0.0,1024.0,0.0,16.0,93249.0,1.0,0.0,OLED,Yes,LPDDR5X,intel,mid,Asus,Windows,intel,mid,high
7374,1.28,243.0,4.5,3200.0,120.0,0.0,1024.0,0.0,16.0,94990.0,1.0,0.0,OLED,Yes,LPDDR5X,intel,mid,Asus,Windows,intel,mid,high
7375,2.56,236.0,4.0,6400.0,165.0,16.0,2048.0,0.0,32.0,450190.0,0.0,0.0,Mini LED,No,DDR5,nvidia,high,Lenovo,Windows,intel,high,high
7376,1.45,162.0,4.7,3200.0,60.0,4.0,1024.0,0.0,16.0,82990.0,1.0,0.0,LED,No,DDR4,nvidia,low,Asus,Windows,intel,high,high
7377,2.8,170.0,1.5,3200.0,240.0,8.0,1024.0,0.0,16.0,178076.0,1.0,0.0,LCD,No,DDR5,nvidia,high,Other,Windows,intel,high,high
7378,2.2,141.0,2.3,3200.0,144.0,4.0,1024.0,0.0,16.0,81900.0,1.0,0.0,LED,No,DDR4,nvidia,mid,Asus,Windows,intel,high,high
7379,1.8,142.0,2.3,3200.0,60.0,6.0,512.0,0.0,16.0,87493.0,1.0,0.0,LED,No,DDR4,nvidia,mid,Asus,Windows,intel,high,high
7380,1.9,236.0,4.7,3200.0,120.0,6.0,512.0,0.0,16.0,84990.0,1.0,0.0,OLED,No,DDR5,nvidia,mid,Asus,Windows,intel,mid,high
7381,2.81,141.0,4.9,4800.0,120.0,6.0,1024.0,0.0,16.0,94490.0,0.0,0.0,LED,No,DDR5,nvidia,mid,Dell,Windows,intel,high,high
7382,1.65,141.0,4.2,2666.0,120.0,0.0,512.0,0.0,8.0,40800.0,0.0,0.0,LED,No,DDR4,intel,low,Dell,Windows,intel,low,low
7383,1.58,162.0,4.5,3200.0,60.0,0.0,1024.0,0.0,8.0,57999.0,1.0,0.0,LED,Yes,LPDDR5,intel,mid,Dell,Windows,intel,low,low
7384,1.8,142.0,2.0,3200.0,60.0,6.0,512.0,0.0,16.0,78990.0,1.0,0.0,LED,No,DDR4,nvidia,mid,Asus,Windows,intel,mid,high
7385,1.8,141.0,4.2,3200.0,144.0,4.0,512.0,0.0,8.0,52999.0,1.0,0.0,LED,No,DDR4,nvidia,low,Asus,Windows,amd,mid,high
7386,2.81,141.0,4.9,4800.0,165.0,6.0,512.0,0.0,16.0,99990.0,0.0,0.0,LED,No,DDR5,nvidia,mid,Dell,Windows,intel,high,high
7387,1.78,142.0,4.7,6400.0,120.0,0.0,512.0,0.0,16.0,47990.0,0.0,1.0,LED,No,LPDDR4X,intel,mid,Other,Windows,intel,high,low
7389,1.4,243.0,4.7,3200.0,90.0,4.0,512.0,0.0,16.0,81800.0,0.0,0.0,OLED,No,DDR4,nvidia,mid,Asus,Windows,intel,mid,high
7390,2.6,130.0,2.9,3200.0,144.0,4.0,512.0,0.0,8.0,54990.0,1.0,0.0,LED,No,DDR4,nvidia,low,Asus,Windows,intel,mid,high
7391,2.22,141.0,2.4,4800.0,120.0,4.0,1024.0,0.0,16.0,173490.0,0.0,1.0,LED,No,DDR5,nvidia,mid,Lenovo,Windows,intel,high,high
7392,1.75,157.0,3.0,3200.0,60.0,0.0,256.0,0.0,8.0,35599.0,0.0,0.0,LED,No,DDR4,intel,low,Lenovo,Windows,intel,low,low
7393,3.0,178.0,5.6,5600.0,240.0,16.0,2048.0,0.0,32.0,354990.0,0.0,0.0,LED,No,DDR5,nvidia,high,MSI,Windows,intel,high,high
7394,1.98,141.0,3.4,3200.0,144.0,8.0,1024.0,0.0,16.0,118300.0,1.0,0.0,LED,No,DDR5,nvidia,mid,MSI,Windows,intel,high,high
7395,1.8,141.0,4.2,3200.0,144.0,4.0,512.0,0.0,16.0,51990.0,1.0,0.0,LED,No,DDR4,nvidia,low,Asus,Windows,amd,mid,high
7396,1.8,141.0,3.3,3200.0,60.0,4.0,512.0,0.0,16.0,55990.0,1.0,0.0,OLED,No,DDR4,nvidia,low,Asus,Windows,amd,mid,high
7397,1.8,141.0,3.3,3200.0,60.0,4.0,512.0,0.0,16.0,64990.0,1.0,0.0,LED,No,DDR4,nvidia,low,Asus,Windows,amd,mid,high
7398,1.8,142.0,3.2,3200.0,60.0,4.0,512.0,0.0,16.0,74990.0,1.0,0.0,LED,No,DDR4,nvidia,mid,Asus,Windows,intel,high,high
7399,1.99,189.0,5.0,3200.0,240.0,8.0,1024.0,0.0,32.0,244990.0,1.0,0.0,LED,No,DDR5,nvidia,high,MSI,Windows,intel,high,high
7400,1.8,141.0,4.2,3200.0,144.0,4.0,1024.0,0.0,16.0,67620.0,1.0,0.0,LED,No,DDR4,nvidia,mid,Asus,Windows,amd,mid,high
7401,1.37,157.0,2.8,3200.0,120.0,0.0,512.0,0.0,16.0,121742.0,1.0,1.0,LED,No,DDR4,intel,low,Dell,Windows,intel,high,low
7402,1.8,142.0,2.3,3200.0,60.0,4.0,512.0,0.0,16.0,64535.0,1.0,0.0,LED,No,DDR4,nvidia,low,Asus,Windows,intel,high,high
7404,1.38,157.0,2.8,3200.0,60.0,0.0,512.0,0.0,8.0,39990.0,1.0,0.0,LED,No,LPDDR5,amd,low,Asus,Windows,amd,mid,low
7405,2.6,127.0,2.5,3200.0,144.0,4.0,512.0,0.0,8.0,62690.0,0.0,0.0,LED,No,DDR4,nvidia,mid,Asus,Windows,intel,mid,high
7406,1.4,243.0,2.6,3200.0,90.0,4.0,512.0,0.0,16.0,69800.0,1.0,0.0,OLED,No,DDR4,nvidia,mid,Asus,Windows,intel,mid,high
7407,1.8,212.0,5.4,3200.0,120.0,6.0,1024.0,0.0,16.0,121999.0,1.0,0.0,OLED,No,DDR5,nvidia,mid,Asus,Windows,intel,high,high
7408,1.67,141.0,4.3,3200.0,120.0,0.0,1024.0,0.0,8.0,47990.0,1.0,0.0,LED,No,DDR4,amd,low,Dell,Windows,amd,mid,low
7409,1.7,141.0,2.0,3200.0,60.0,0.0,512.0,0.0,16.0,59391.0,1.0,0.0,OLED,No,DDR4,amd,low,Asus,Windows,amd,high,low
7410,1.8,141.0,4.4,3200.0,144.0,4.0,1024.0,0.0,16.0,65490.0,1.0,0.0,LED,No,DDR4,nvidia,mid,Asus,Windows,amd,high,high
7411,1.8,141.0,3.1,3200.0,144.0,4.0,512.0,0.0,16.0,54990.0,1.0,0.0,LED,No,DDR4,nvidia,low,Asus,Windows,amd,high,high
7412,1.67,141.0,4.0,5500.0,120.0,0.0,512.0,0.0,8.0,31990.0,0.0,0.0,LED,No,LPDDR5,amd,low,Dell,Windows,amd,low,low
7413,1.75,141.0,2.1,3200.0,60.0,0.0,512.0,0.0,8.0,32500.0,0.0,0.0,LED,No,DDR4,amd,low,Lenovo,Windows,amd,mid,low
7414,1.75,141.0,2.8,3200.0,60.0,0.0,512.0,0.0,16.0,67990.0,0.0,0.0,LED,No,DDR4,intel,mid,Lenovo,Windows,intel,high,low
7415,1.47,112.0,4.2,3200.0,120.0,0.0,512.0,0.0,8.0,51799.0,0.0,1.0,LED,No,DDR4,intel,mid,HP,DOS,intel,mid,low
7416,1.65,141.0,2.4,3200.0,120.0,0.0,512.0,0.0,16.0,48990.0,0.0,1.0,LED,No,DDR4,intel,mid,Lenovo,Windows,intel,mid,low
7417,2.3,141.0,2.7,3200.0,144.0,4.0,512.0,0.0,16.0,54990.0,0.0,0.0,LED,No,DDR4,nvidia,low,Asus,Windows,intel,mid,high
7418,2.39,188.0,5.0,3200.0,165.0,8.0,1024.0,0.0,16.0,143990.0,1.0,0.0,LCD,No,DDR5,nvidia,mid,Other,Windows,intel,high,high
7419,1.63,141.0,2.4,5500.0,60.0,0.0,512.0,0.0,8.0,39990.0,0.0,0.0,OLED,No,LPDDR5,amd,low,Asus,Windows,amd,low,low
7420,2.7,189.0,5.0,3200.0,240.0,8.0,2048.0,0.0,32.0,20211.0,1.0,0.0,LED,No,DDR5,nvidia,high,MSI,Windows,intel,high,high
7421,2.25,141.0,3.1,3200.0,144.0,6.0,1024.0,0.0,16.0,94990.0,1.0,0.0,LED,No,DDR5,nvidia,mid,MSI,Windows,amd,high,high
7422,1.47,162.0,4.2,4800.0,120.0,0.0,1024.0,0.0,16.0,125700.0,0.0,1.0,LED,No,DDR5,intel,low,HP,Windows,intel,high,low
7423,1.47,162.0,4.2,4800.0,120.0,0.0,512.0,0.0,16.0,96900.0,0.0,1.0,LED,No,DDR5,intel,mid,HP,Windows,intel,mid,low
7424,1.05,135.0,1.1,3200.0,120.0,0.0,0.0,0.0,4.0,20980.0,1.0,1.0,LED,No,DDR4,intel,low,Asus,Windows,intel,low,low
7425,1.62,141.0,2.4,5500.0,60.0,0.0,512.0,0.0,8.0,32990.0,0.0,0.0,LED,No,LPDDR5,amd,low,Lenovo,Windows,amd,low,low
7426,3.48,254.0,4.1,3200.0,60.0,0.0,512.0,0.0,18.0,249900.0,1.0,0.0,LED,No,DDR4,apple,high,Apple,macOS,apple,high,high
7428,1.46,162.0,4.6,5200.0,120.0,0.0,512.0,0.0,16.0,66490.0,0.0,1.0,LED,No,LPDDR5,intel,low,Lenovo,Windows,intel,mid,high
7429,1.24,157.0,2.0,3200.0,50.0,0.0,512.0,0.0,16.0,51650.0,0.0,0.0,LED,No,DDR4,amd,low,Lenovo,Windows,amd,mid,low
7430,2.37,141.0,3.3,4800.0,144.0,4.0,512.0,0.0,8.0,56990.0,0.0,0.0,LED,No,DDR5,nvidia,low,HP,Windows,amd,mid,high
7431,1.36,267.0,5.0,4266.0,120.0,0.0,1024.0,0.0,32.0,168617.0,0.0,1.0,OLED,Yes,LPDDR4X,intel,mid,HP,Windows,intel,high,low
7432,1.7,141.0,2.8,3200.0,60.0,0.0,512.0,0.0,8.0,29990.0,1.0,0.0,LED,No,LPDDR5,intel,low,Acer,Windows,intel,low,low
7433,2.16,254.0,4.1,3200.0,60.0,0.0,1024.0,0.0,48.0,389900.0,1.0,0.0,LED,No,DDR4,apple,high,Apple,macOS,apple,high,high
7434,1.0,227.0,5.0,5200.0,90.0,0.0,1024.0,0.0,16.0,99950.0,0.0,0.0,LED,No,LPDDR5,intel,mid,Lenovo,Windows,intel,high,mid
7435,3.48,254.0,4.1,3200.0,60.0,0.0,1024.0,0.0,36.0,317990.0,1.0,0.0,LED,No,DDR4,apple,high,Apple,macOS,apple,high,high
7436,1.62,254.0,4.1,3200.0,60.0,0.0,1024.0,0.0,36.0,289900.0,1.0,0.0,LED,No,DDR4,apple,high,Apple,macOS,apple,high,high
7437,2.16,254.0,4.1,3200.0,60.0,0.0,1024.0,0.0,48.0,399900.0,1.0,0.0,LED,No,DDR4,apple,high,Apple,macOS,apple,high,high
7438,1.38,157.0,4.7,2666.0,120.0,0.0,512.0,0.0,8.0,102899.0,0.0,1.0,LED,No,DDR4,intel,mid,HP,Windows,intel,high,low
7439,1.55,258.0,4.1,3200.0,120.0,0.0,1024.0,0.0,8.0,154900.0,1.0,1.0,LED,No,DDR4,intel,low,Apple,macOS,apple,mid,mid
7440,2.37,141.0,3.3,3200.0,60.0,4.0,512.0,0.0,8.0,53780.0,0.0,0.0,LED,No,DDR4,nvidia,low,HP,Windows,amd,mid,high
7441,1.62,254.0,4.1,3200.0,60.0,0.0,1024.0,0.0,36.0,319900.0,1.0,0.0,LED,No,DDR4,intel,low,Apple,macOS,apple,high,high
7442,2.16,254.0,4.1,3200.0,60.0,0.0,1024.0,0.0,36.0,317990.0,1.0,0.0,LED,No,DDR4,intel,low,Apple,macOS,apple,high,high
7443,1.47,112.0,3.4,3200.0,120.0,0.0,512.0,0.0,8.0,25990.0,0.0,1.0,LED,No,DDR4,amd,low,HP,Windows,amd,low,low
7444,2.37,137.0,4.8,5600.0,165.0,6.0,1024.0,0.0,16.0,109990.0,0.0,0.0,LED,No,DDR5,nvidia,mid,HP,Windows,amd,high,high
7445,1.36,267.0,4.8,4266.0,120.0,0.0,512.0,0.0,16.0,129990.0,0.0,1.0,OLED,Yes,LPDDR4X,intel,mid,HP,Windows,intel,high,low
7446,1.57,162.0,4.7,3200.0,120.0,0.0,512.0,0.0,16.0,49990.0,1.0,1.0,LED,No,LPDDR5,intel,mid,Acer,Windows,intel,mid,low
7447,1.6,141.0,2.4,5500.0,60.0,0.0,512.0,0.0,8.0,32999.0,0.0,0.0,LED,No,LPDDR5,amd,low,Lenovo,Windows,amd,low,low
7448,1.41,157.0,2.8,3200.0,60.0,0.0,512.0,0.0,8.0,42990.0,0.0,0.0,LED,No,DDR4,intel,mid,Lenovo,Windows,intel,mid,low
7449,1.44,243.0,5.0,5200.0,120.0,0.0,1024.0,0.0,16.0,99990.0,0.0,0.0,OLED,No,LPDDR5X,intel,mid,HP,Windows,intel,high,low
7450,2.29,141.0,4.2,3200.0,120.0,0.0,512.0,0.0,8.0,52850.0,1.0,1.0,LED,No,DDR5,amd,low,HP,Windows,amd,mid,high
7451,1.58,162.0,4.6,4800.0,60.0,0.0,512.0,0.0,8.0,88990.0,0.0,0.0,LED,Yes,LPDDR5,intel,mid,Dell,Windows,intel,mid,low
7452,1.49,162.0,4.6,5200.0,60.0,0.0,512.0,0.0,16.0,123090.0,0.0,0.0,OLED,Yes,LPDDR5,intel,mid,Lenovo,Windows,intel,mid,mid
7453,1.78,141.0,4.6,3200.0,60.0,4.0,512.0,0.0,16.0,64990.0,0.0,0.0,LCD,No,DDR4,nvidia,low,Acer,Windows,intel,mid,low
7454,1.7,141.0,1.3,3200.0,60.0,0.0,512.0,0.0,8.0,47799.0,1.0,0.0,LED,No,DDR4,intel,mid,Asus,Windows,intel,mid,low
7456,1.38,157.0,2.8,3200.0,60.0,0.0,512.0,0.0,16.0,42421.0,1.0,0.0,LED,No,LPDDR5,amd,low,Asus,Windows,amd,mid,low
7457,1.8,142.0,2.0,3200.0,120.0,6.0,512.0,0.0,16.0,69990.0,1.0,0.0,LED,No,DDR4,nvidia,mid,Asus,Windows,intel,mid,high
7458,1.47,112.0,4.2,3200.0,120.0,0.0,512.0,0.0,8.0,61990.0,0.0,1.0,LED,No,DDR4,intel,mid,HP,Windows,intel,mid,low
7459,2.0,189.0,3.1,6400.0,60.0,4.0,512.0,0.0,16.0,67990.0,0.0,0.0,LED,No,LPDDR5,nvidia,mid,Lenovo,Windows,amd,high,high
7460,2.5,189.0,5.0,3200.0,165.0,8.0,1024.0,0.0,32.0,121990.0,1.0,0.0,LED,No,DDR5,nvidia,mid,Lenovo,Windows,intel,high,high
7461,2.1,189.0,5.0,3200.0,165.0,6.0,1024.0,0.0,16.0,119990.0,1.0,0.0,Mini LED,No,LPDDR5,nvidia,mid,MSI,Windows,intel,high,high
7462,1.49,162.0,3.3,3200.0,60.0,4.0,512.0,0.0,16.0,74159.0,1.0,0.0,LED,No,LPDDR5,nvidia,low,MSI,Windows,intel,mid,high
7463,1.47,112.0,4.2,3200.0,120.0,0.0,512.0,0.0,8.0,49999.0,0.0,1.0,LED,No,DDR4,intel,mid,HP,Windows,intel,mid,low
7464,1.6,141.0,4.5,4800.0,120.0,0.0,512.0,0.0,8.0,36600.0,0.0,1.0,LED,No,LPDDR5,intel,low,Lenovo,Windows,intel,low,low
7465,1.5,157.0,2.8,3200.0,120.0,0.0,512.0,0.0,16.0,89100.0,0.0,1.0,LED,No,DDR4,intel,low,Dell,Windows,intel,high,low
7466,1.72,216.0,4.8,4800.0,165.0,6.0,512.0,0.0,16.0,119990.0,0.0,0.0,LED,No,DDR5,nvidia,mid,Asus,Windows,amd,high,high
7467,2.32,137.0,4.8,5600.0,165.0,8.0,512.0,0.0,16.0,111990.0,0.0,0.0,LED,No,DDR5,nvidia,mid,HP,Windows,amd,high,high
7468,1.5,162.0,2.0,4266.0,120.0,0.0,512.0,0.0,16.0,66395.0,0.0,1.0,LED,No,LPDDR4X,amd,low,Lenovo,Windows,amd,mid,low
7469,1.7,141.0,4.2,3200.0,60.0,0.0,1024.0,0.0,16.0,60990.0,1.0,0.0,OLED,No,DDR4,amd,low,Asus,Windows,amd,high,low
7470,1.59,141.0,4.0,6400.0,120.0,0.0,512.0,0.0,8.0,31490.0,0.0,1.0,LED,No,LPDDR5,amd,low,HP,Windows,amd,low,low
7471,2.35,188.0,5.0,3200.0,120.0,8.0,1024.0,0.0,32.0,184760.0,1.0,0.0,LED,No,DDR5,nvidia,mid,MSI,Windows,intel,high,high
7472,1.25,157.0,2.0,3200.0,60.0,0.0,512.0,0.0,16.0,54990.0,1.0,0.0,TFT LCD,No,LPDDR4X,amd,low,Acer,Windows,amd,mid,low
7473,2.0,236.0,5.4,5200.0,240.0,8.0,1024.0,0.0,16.0,159190.0,0.0,0.0,LED,No,DDR5,nvidia,mid,Lenovo,Windows,intel,high,high
7474,1.8,142.0,3.4,3200.0,60.0,4.0,1024.0,0.0,16.0,74590.0,1.0,0.0,LED,No,DDR4,nvidia,mid,Asus,Windows,intel,high,high
7475,1.5,162.0,4.5,3200.0,120.0,0.0,512.0,0.0,8.0,57800.0,1.0,1.0,LED,Yes,DDR4,intel,low,Lenovo,Windows,intel,low,low
7476,1.9,142.0,3.3,3200.0,120.0,0.0,512.0,0.0,16.0,57150.0,1.0,1.0,LED,No,LPDDR5,intel,low,Lenovo,Windows,intel,mid,high
7477,1.8,141.0,3.3,3200.0,144.0,4.0,1024.0,0.0,16.0,65990.0,1.0,0.0,LED,No,DDR4,nvidia,mid,Asus,Windows,amd,mid,high
7478,1.65,141.0,0.8,3200.0,120.0,0.0,512.0,0.0,8.0,39990.0,1.0,0.0,IPS LCD,No,DDR4,intel,low,Dell,Windows,intel,low,low
7479,2.08,141.0,4.4,3200.0,144.0,6.0,512.0,0.0,16.0,90592.0,1.0,0.0,LCD,No,DDR4,nvidia,mid,Other,Windows,intel,mid,high
7480,1.75,141.0,2.8,5500.0,60.0,0.0,512.0,0.0,8.0,42990.0,0.0,0.0,LED,No,LPDDR5,amd,low,Lenovo,Windows,amd,mid,low
7481,1.8,141.0,4.2,3200.0,60.0,4.0,512.0,0.0,16.0,47990.0,1.0,0.0,OLED,No,DDR4,nvidia,mid,Asus,Windows,amd,mid,high
7482,2.2,141.0,3.1,3200.0,120.0,4.0,512.0,0.0,16.0,79990.0,0.0,0.0,LED,No,DDR4,nvidia,mid,Lenovo,Windows,amd,high,high
7484,1.8,142.0,3.3,3200.0,60.0,4.0,512.0,0.0,16.0,58990.0,1.0,0.0,LED,No,DDR4,nvidia,mid,Asus,Windows,intel,mid,high
7485,1.49,243.0,5.0,3200.0,120.0,6.0,1024.0,0.0,16.0,164990.0,1.0,1.0,LCD,No,LPDDR5,nvidia,mid,Other,Windows,intel,high,high
7486,1.47,112.0,4.2,3200.0,120.0,0.0,512.0,0.0,8.0,41999.0,0.0,1.0,LED,No,DDR4,intel,low,HP,DOS,intel,low,low
7487,1.47,112.0,4.2,3200.0,120.0,0.0,512.0,0.0,8.0,49890.0,0.0,1.0,LED,No,DDR4,intel,mid,HP,DOS,intel,mid,low
7488,1.8,142.0,4.7,3200.0,60.0,4.0,512.0,0.0,16.0,89990.0,0.0,0.0,LED,No,DDR4,nvidia,mid,Asus,Windows,intel,mid,high
7490,1.75,157.0,2.8,3200.0,120.0,0.0,512.0,0.0,8.0,63999.0,1.0,1.0,LED,No,DDR4,intel,mid,Lenovo,DOS,intel,mid,low
7491,2.29,141.0,4.2,3200.0,144.0,4.0,512.0,0.0,16.0,58900.0,0.0,0.0,LED,No,DDR4,nvidia,mid,HP,Windows,amd,mid,high
7492,1.9,142.0,4.7,5200.0,120.0,0.0,512.0,0.0,16.0,73990.0,0.0,1.0,LED,No,LPDDR5,intel,mid,Lenovo,Windows,intel,mid,high
7493,2.36,141.0,4.8,5200.0,360.0,8.0,1024.0,0.0,32.0,304990.0,0.0,0.0,LED,No,LPDDR5,nvidia,high,Dell,Windows,intel,high,high
7495,2.39,141.0,4.5,3200.0,360.0,8.0,512.0,0.0,8.0,117574.0,1.0,0.0,LCD,No,DDR5,nvidia,mid,Other,Windows,intel,mid,high
7496,1.75,141.0,3.0,2667.0,60.0,0.0,512.0,0.0,8.0,35200.0,0.0,0.0,LED,No,DDR4,intel,low,Lenovo,Windows,intel,low,low
7497,1.58,162.0,5.0,4800.0,60.0,0.0,512.0,0.0,16.0,97990.0,0.0,0.0,LED,Yes,LPDDR5,intel,mid,Dell,Windows,intel,high,low
7500,1.7,141.0,1.2,3200.0,60.0,0.0,512.0,0.0,8.0,34890.0,1.0,0.0,LED,No,DDR4,intel,low,Asus,Windows,intel,low,low
7501,2.37,147.0,2.0,3200.0,144.0,4.0,512.0,0.0,16.0,64990.0,0.0,0.0,LED,No,DDR4,nvidia,mid,HP,Windows,intel,mid,high
7502,2.35,137.0,4.6,2400.0,144.0,6.0,512.0,0.0,16.0,87890.0,0.0,0.0,LED,No,DDR5,nvidia,mid,HP,Windows,intel,mid,high
7504,2.09,189.0,5.0,4800.0,240.0,6.0,512.0,0.0,16.0,186592.0,0.0,0.0,LED,No,DDR5,nvidia,mid,HP,Windows,intel,high,high
7505,2.35,137.0,4.7,4800.0,165.0,6.0,512.0,0.0,16.0,101400.0,0.0,0.0,LED,No,DDR5,nvidia,mid,HP,Windows,intel,mid,high
7506,2.09,142.0,5.0,4800.0,165.0,6.0,512.0,0.0,16.0,114990.0,0.0,0.0,LED,No,DDR5,nvidia,mid,HP,Windows,intel,high,high
7507,2.35,137.0,5.0,4800.0,165.0,8.0,512.0,0.0,16.0,172500.0,0.0,0.0,LED,No,DDR5,nvidia,mid,HP,Windows,intel,high,high
7508,2.09,189.0,5.4,3200.0,240.0,8.0,1024.0,0.0,32.0,213990.0,1.0,0.0,LED,No,DDR5,nvidia,high,HP,Windows,intel,high,high
7509,1.6,141.0,4.6,3200.0,60.0,0.0,512.0,0.0,16.0,58490.0,0.0,0.0,LED,No,DDR4,intel,mid,Asus,Windows,intel,mid,low
7510,1.9,142.0,4.4,5200.0,120.0,0.0,512.0,0.0,16.0,96990.0,0.0,1.0,IPS LCD,No,LPDDR5,intel,mid,Lenovo,Windows,intel,high,high
7511,1.92,157.0,2.8,3200.0,60.0,0.0,512.0,0.0,16.0,44880.0,1.0,0.0,LED,No,DDR4,amd,low,Asus,Windows,amd,mid,low
7512,1.3,255.0,5.0,3200.0,120.0,0.0,1024.0,0.0,16.0,189990.0,1.0,1.0,OLED,Yes,LPDDR5X,intel,mid,Lenovo,Windows,intel,high,low
7513,1.5,112.0,2.8,3200.0,120.0,0.0,512.0,0.0,8.0,28990.0,1.0,1.0,LED,No,DDR4,amd,low,Acer,Windows,amd,low,low
7514,1.2,142.0,3.4,3200.0,120.0,0.0,512.0,0.0,16.0,89799.0,1.0,1.0,LED,No,LPDDR4,amd,low,Other,Windows,amd,mid,low
7515,1.34,255.0,4.7,4266.0,120.0,0.0,512.0,0.0,16.0,108200.0,0.0,1.0,OLED,Yes,LPDDR4X,intel,mid,HP,Windows,intel,high,low
7516,1.0,162.0,4.6,3200.0,60.0,0.0,512.0,0.0,16.0,98999.0,1.0,0.0,LED,No,LPDDR5,intel,mid,Other,Windows,intel,mid,mid
7517,1.92,141.0,4.2,3200.0,120.0,4.0,512.0,0.0,16.0,82900.0,1.0,1.0,OLED,No,DDR4,nvidia,mid,Asus,Windows,amd,high,high
7518,2.3,283.0,2.5,4800.0,120.0,16.0,1024.0,0.0,32.0,255750.0,0.0,1.0,AMOLED,No,DDR5,nvidia,high,Other,Windows,intel,high,high
7519,1.75,141.0,3.0,3200.0,60.0,0.0,512.0,0.0,8.0,30994.0,0.0,0.0,LED,No,DDR4,intel,low,Acer,Windows,intel,low,low
7520,2.46,137.0,4.2,2933.0,144.0,4.0,512.0,0.0,8.0,62880.0,0.0,0.0,LED,No,DDR4,nvidia,low,HP,Windows,intel,mid,high
7521,2.3,283.0,2.3,3200.0,60.0,8.0,1024.0,0.0,16.0,189999.0,1.0,0.0,OLED,No,DDR5,nvidia,high,Other,Windows,intel,high,high
7522,1.5,162.0,1.7,4266.0,120.0,0.0,512.0,0.0,16.0,92990.0,0.0,1.0,LED,Yes,LPDDR4X,intel,mid,Lenovo,Windows,intel,high,low
7523,1.47,157.0,4.2,3200.0,120.0,0.0,512.0,0.0,16.0,77960.0,0.0,1.0,LED,No,DDR4,intel,mid,HP,Windows,intel,mid,low
7524,2.29,141.0,5.0,3200.0,144.0,6.0,512.0,0.0,16.0,104990.0,0.0,0.0,LED,No,DDR4,nvidia,mid,HP,Windows,intel,high,high
7525,2.29,141.0,4.7,3200.0,144.0,6.0,512.0,0.0,16.0,81999.0,0.0,0.0,LED,No,DDR4,nvidia,mid,HP,Windows,intel,mid,high
7526,2.7,189.0,2.1,4800.0,240.0,8.0,1024.0,0.0,16.0,169999.0,0.0,0.0,LED,No,DDR5,nvidia,mid,Acer,Windows,intel,high,high
7527,0.99,170.0,1.2,3200.0,120.0,0.0,512.0,0.0,8.0,89990.0,1.0,1.0,LED,No,LPDDR5,intel,mid,MSI,Windows,intel,mid,mid
7528,1.85,141.0,3.4,3200.0,120.0,0.0,512.0,0.0,8.0,39990.0,0.0,1.0,LED,No,DDR4,amd,low,Dell,Windows,amd,mid,low
7529,1.65,141.0,4.4,3200.0,120.0,0.0,256.0,0.0,8.0,36990.0,1.0,0.0,LED,No,LPDDR5,intel,low,Dell,Windows,intel,low,low
7530,1.32,157.0,4.7,3200.0,120.0,0.0,512.0,0.0,16.0,132990.0,0.0,1.0,LED,No,DDR4,intel,mid,HP,Windows,intel,high,low
7531,2.25,141.0,3.1,3200.0,144.0,6.0,1024.0,0.0,16.0,94877.0,1.0,0.0,LED,No,DDR5,nvidia,mid,MSI,Windows,intel,high,high
7532,1.8,212.0,4.7,3200.0,120.0,6.0,512.0,0.0,16.0,87044.0,1.0,0.0,OLED,No,DDR5,nvidia,mid,Asus,Windows,intel,mid,high
7533,1.69,141.0,4.2,3200.0,60.0,0.0,512.0,0.0,8.0,36000.0,0.0,0.0,LED,No,DDR4,intel,low,HP,Windows,intel,low,low
7535,2.8,170.0,5.0,3200.0,240.0,8.0,2048.0,0.0,16.0,279990.0,1.0,0.0,LED,No,DDR5,nvidia,high,MSI,Windows,intel,high,high
7536,1.37,112.0,4.2,3200.0,120.0,0.0,512.0,0.0,8.0,50699.0,0.0,1.0,LED,No,DDR4,amd,low,HP,Windows,amd,high,low
7537,1.25,157.0,2.0,3200.0,120.0,0.0,512.0,0.0,16.0,58990.0,1.0,1.0,LED,No,LPDDR4X,amd,low,Acer,Windows,amd,mid,low
7538,1.91,216.0,4.9,4800.0,165.0,8.0,1024.0,0.0,32.0,249699.0,0.0,0.0,LED,No,LPDDR5,nvidia,mid,Dell,Windows,intel,high,high
7539,1.5,243.0,4.6,3200.0,90.0,0.0,512.0,0.0,16.0,112990.0,1.0,0.0,OLED,Yes,LPDDR5,intel,mid,Asus,Windows,intel,mid,mid
7541,2.15,226.0,5.0,3200.0,120.0,0.0,1024.0,0.0,16.0,144000.0,0.0,1.0,LED,Yes,DDR4,intel,low,HP,Windows,intel,high,high
7542,2.25,141.0,3.3,3200.0,144.0,4.0,512.0,0.0,8.0,74990.0,1.0,0.0,LED,No,DDR4,nvidia,mid,MSI,Windows,intel,mid,high
7543,2.1,189.0,5.0,3200.0,165.0,6.0,1024.0,0.0,32.0,180554.0,1.0,0.0,LED,Yes,LPDDR5,nvidia,mid,MSI,Windows,intel,high,mid
7544,1.6,216.0,5.0,3200.0,60.0,0.0,1024.0,0.0,16.0,134990.0,1.0,0.0,LED,No,LPDDR5,intel,mid,MSI,Windows,intel,high,mid
7545,3.0,141.0,1.7,3200.0,120.0,0.0,512.0,0.0,8.0,42990.0,1.0,1.0,LED,No,DDR4,intel,low,Asus,Windows,intel,low,mid
7546,2.15,283.0,5.0,3200.0,120.0,4.0,1024.0,0.0,32.0,144980.0,0.0,1.0,OLED,Yes,DDR4,intel,mid,HP,Windows,intel,high,mid
7547,1.9,137.0,2.9,3200.0,120.0,4.0,1024.0,0.0,16.0,134999.0,1.0,1.0,LED,No,LPDDR4,nvidia,mid,Acer,Windows,intel,high,high
7548,1.35,169.0,5.0,3200.0,120.0,0.0,1024.0,0.0,16.0,137990.0,1.0,0.0,LED,Yes,LPDDR5,intel,mid,MSI,Windows,intel,high,mid
7549,1.79,212.0,5.4,3200.0,120.0,0.0,1024.0,0.0,32.0,281990.0,1.0,1.0,AMOLED,No,DDR4,nvidia,high,Samsung,Windows,intel,high,high
7550,1.0,166.0,2.8,4266.0,60.0,0.0,1024.0,0.0,16.0,93990.0,0.0,0.0,LED,Yes,LPDDR4X,intel,mid,Other,Windows,intel,high,low
7551,1.65,141.0,3.3,2666.0,120.0,0.0,512.0,0.0,16.0,63090.0,0.0,1.0,LED,No,DDR4,intel,low,Dell,Windows,intel,mid,low
7552,1.0,157.0,1.2,3200.0,120.0,0.0,512.0,0.0,16.0,78968.0,1.0,1.0,LED,No,DDR4,intel,mid,Dell,Windows,intel,mid,mid
7553,2.5,189.0,2.3,4800.0,240.0,16.0,1024.0,0.0,32.0,376990.0,0.0,0.0,LED,No,DDR5,nvidia,high,Lenovo,Windows,intel,high,high
7554,1.48,157.0,0.8,2666.0,120.0,0.0,512.0,0.0,8.0,46850.0,0.0,1.0,LED,No,DDR4,intel,low,Dell,Windows,intel,low,low
7555,1.65,141.0,3.3,2666.0,120.0,0.0,512.0,0.0,8.0,48499.0,0.0,0.0,LED,No,DDR4,intel,low,Dell,Windows,intel,mid,low
7556,1.83,141.0,2.3,3200.0,120.0,0.0,512.0,0.0,16.0,55530.0,0.0,1.0,LED,No,DDR4,amd,low,Dell,Windows,amd,mid,low
7557,1.25,170.0,2.1,4800.0,120.0,0.0,512.0,0.0,16.0,165990.0,0.0,1.0,LED,No,LPDDR5,intel,mid,Lenovo,Windows,intel,high,mid
7558,1.3,166.0,4.2,3200.0,120.0,0.0,512.0,0.0,8.0,75990.0,0.0,1.0,LED,Yes,DDR4,amd,low,HP,Windows,amd,mid,low
7559,1.83,141.0,2.3,3200.0,120.0,0.0,512.0,0.0,8.0,51499.0,0.0,1.0,LED,No,DDR4,amd,low,Dell,Windows,amd,mid,low
7560,2.3,282.0,2.3,3200.0,120.0,6.0,1024.0,0.0,16.0,149990.0,1.0,1.0,LED,No,DDR4,nvidia,mid,Other,Windows,intel,high,high
7562,1.17,283.0,2.7,3200.0,120.0,0.0,1024.0,0.0,16.0,124999.0,1.0,1.0,OLED,No,LPDDR5,amd,low,Acer,Windows,amd,high,low
7563,1.54,189.0,2.0,3200.0,120.0,0.0,256.0,0.0,8.0,112150.0,1.0,1.0,LED,Yes,DDR4,amd,low,Other,Windows,amd,high,low
7564,1.5,157.0,2.8,3200.0,120.0,2.0,512.0,0.0,16.0,147990.0,0.0,1.0,LED,No,DDR4,nvidia,mid,Lenovo,Windows,intel,high,low
7565,1.39,162.0,2.8,4266.0,120.0,0.0,1024.0,0.0,16.0,225990.0,0.0,1.0,LED,Yes,LPDDR4X,intel,mid,Lenovo,Windows,intel,high,low
7566,1.7,141.0,2.4,3200.0,120.0,0.0,512.0,0.0,16.0,83990.0,0.0,1.0,LED,No,DDR4,intel,mid,HP,Windows,intel,mid,low
7569,1.8,141.0,3.0,3200.0,120.0,0.0,256.0,1024.0,8.0,44990.0,1.0,1.0,OLED,No,DDR4,intel,low,Asus,Windows,intel,low,low
7570,1.32,166.0,4.2,4266.0,60.0,0.0,512.0,0.0,8.0,79990.0,0.0,0.0,LED,No,LPDDR4X,intel,mid,HP,Windows,intel,mid,low
7571,1.8,141.0,4.7,3200.0,120.0,0.0,256.0,1024.0,8.0,82500.0,1.0,1.0,OLED,No,DDR4,intel,mid,Asus,Windows,intel,high,low
7572,1.4,157.0,2.8,3200.0,120.0,0.0,512.0,0.0,16.0,105600.0,0.0,1.0,LED,No,DDR4,intel,mid,Lenovo,Windows,intel,high,low
7573,1.75,157.0,2.4,3200.0,120.0,0.0,512.0,0.0,16.0,99499.0,1.0,1.0,LED,Yes,DDR4,intel,low,Lenovo,Windows,intel,mid,low
7574,1.6,112.0,2.1,3200.0,120.0,0.0,0.0,1024.0,8.0,35999.0,1.0,1.0,LED,No,DDR4,intel,low,Asus,Windows,intel,low,low
7575,1.0,141.0,3.3,3200.0,120.0,2.0,512.0,0.0,8.0,66000.0,0.0,1.0,LED,No,DDR4,nvidia,mid,Dell,Windows,intel,mid,low
7576,1.3,112.0,1.1,3200.0,60.0,0.0,256.0,0.0,4.0,26647.0,1.0,0.0,LED,No,DDR4,intel,low,Asus,Windows,intel,low,low
7577,2.57,141.0,3.3,3200.0,144.0,4.0,512.0,0.0,8.0,54770.0,0.0,0.0,LED,No,DDR4,nvidia,mid,HP,Windows,amd,mid,high
7578,1.87,138.0,4.2,3200.0,60.0,0.0,512.0,0.0,8.0,40499.0,0.0,0.0,LED,No,DDR4,intel,low,Dell,Windows,intel,low,low
7579,2.0,141.0,3.4,4800.0,144.0,4.0,512.0,0.0,16.0,99990.0,0.0,0.0,LED,No,DDR5,nvidia,mid,Asus,Windows,intel,high,high
7580,1.7,141.0,1.7,3200.0,120.0,0.0,1024.0,0.0,16.0,90990.0,0.0,1.0,LED,No,DDR4,intel,mid,Lenovo,Windows,intel,high,low
7581,1.48,157.0,2.3,3200.0,120.0,0.0,512.0,0.0,16.0,57890.0,1.0,1.0,LED,No,DDR4,amd,low,Dell,Windows,amd,mid,low
7582,1.4,157.0,2.8,3200.0,120.0,0.0,512.0,0.0,16.0,107999.0,0.0,1.0,LED,No,DDR4,intel,mid,Lenovo,Windows,intel,high,low
7583,2.35,137.0,4.7,4800.0,144.0,8.0,1024.0,0.0,16.0,134210.0,0.0,0.0,LED,No,DDR5,nvidia,high,HP,Windows,intel,high,high
7585,1.75,170.0,2.4,4266.0,120.0,0.0,512.0,0.0,16.0,79899.0,0.0,1.0,LED,No,LPDDR4X,intel,mid,Lenovo,Windows,intel,mid,low
7587,1.53,157.0,2.8,3200.0,120.0,2.0,512.0,0.0,16.0,168000.0,0.0,1.0,LED,No,DDR4,nvidia,mid,Lenovo,Windows,intel,high,low
7588,1.7,141.0,4.2,3200.0,120.0,0.0,512.0,0.0,8.0,55290.0,1.0,1.0,LED,No,DDR4,intel,mid,Lenovo,Windows,intel,mid,low
7589,2.29,189.0,4.7,3200.0,60.0,8.0,1024.0,0.0,32.0,189990.0,0.0,0.0,LED,No,DDR4,nvidia,mid,MSI,Windows,intel,high,high
7590,1.7,210.0,4.7,3200.0,120.0,4.0,1024.0,0.0,16.0,86651.0,0.0,0.0,LED,No,DDR4,nvidia,mid,Asus,Windows,amd,high,high
7591,1.8,141.0,2.4,3200.0,120.0,2.0,512.0,0.0,8.0,67990.0,0.0,1.0,LED,No,DDR4,nvidia,mid,Dell,Windows,intel,mid,low
7592,2.3,141.0,4.5,3200.0,144.0,4.0,512.0,0.0,16.0,61990.0,1.0,0.0,LED,No,DDR5,nvidia,low,Asus,Windows,intel,mid,high
7593,1.98,141.0,2.4,3200.0,120.0,0.0,512.0,0.0,16.0,106354.0,0.0,1.0,LED,No,DDR4,intel,mid,HP,Windows,intel,mid,low
7594,1.26,227.0,2.8,3200.0,120.0,0.0,1024.0,0.0,16.0,129500.0,1.0,1.0,LED,No,DDR4,intel,low,Lenovo,Windows,intel,mid,low
7595,1.27,166.0,2.9,3200.0,120.0,0.0,1024.0,0.0,16.0,213556.0,1.0,1.0,OLED,Yes,LPDDR4,intel,low,Dell,Windows,intel,high,low
7596,1.4,157.0,2.4,3200.0,120.0,0.0,512.0,0.0,8.0,65090.0,1.0,1.0,LED,No,DDR4,intel,mid,Lenovo,DOS,intel,mid,low
7597,1.77,157.0,2.1,3200.0,120.0,0.0,256.0,0.0,4.0,48999.0,1.0,1.0,LED,No,DDR4,intel,low,Lenovo,Windows,intel,low,low
7598,1.75,141.0,4.6,3200.0,120.0,0.0,512.0,0.0,16.0,51290.0,1.0,1.0,LED,No,LPDDR5,intel,mid,Acer,Windows,intel,mid,low
7599,1.05,166.0,1.8,2133.0,120.0,0.0,512.0,0.0,16.0,99990.0,0.0,1.0,LED,No,LPDDR3,intel,low,Asus,Windows,intel,high,low
7600,1.41,157.0,3.4,3200.0,60.0,0.0,512.0,0.0,8.0,42990.0,0.0,0.0,LED,No,DDR4,intel,low,HP,Windows,intel,low,low
7601,1.7,141.0,2.8,3200.0,144.0,6.0,1024.0,0.0,16.0,116990.0,1.0,0.0,LED,No,DDR4,nvidia,mid,MSI,Windows,intel,high,high
7602,2.46,137.0,4.7,3200.0,144.0,4.0,512.0,0.0,16.0,82990.0,1.0,0.0,LED,No,DDR5,nvidia,mid,HP,Windows,amd,high,high
7603,1.65,141.0,4.2,3200.0,144.0,4.0,1024.0,0.0,16.0,94990.0,0.0,0.0,OLED,No,DDR4,nvidia,mid,Asus,Windows,amd,high,high
7604,1.48,157.0,2.3,3200.0,120.0,0.0,512.0,0.0,8.0,39253.0,0.0,1.0,LED,No,DDR4,amd,low,Dell,Windows,amd,mid,low
7605,1.8,141.0,2.2,2133.0,120.0,8.0,512.0,0.0,16.0,189990.0,0.0,1.0,LED,No,DDR4,nvidia,high,MSI,Windows,intel,high,high
7606,1.05,135.0,1.1,3200.0,60.0,0.0,0.0,0.0,4.0,11990.0,1.0,0.0,LED,No,DDR4,intel,low,Asus,Windows,intel,low,low
7607,1.8,141.0,2.1,2666.0,120.0,0.0,256.0,0.0,8.0,44723.0,0.0,1.0,LED,No,DDR4,amd,low,Dell,Windows,amd,mid,low
7608,1.8,141.0,2.1,3200.0,120.0,0.0,512.0,0.0,8.0,33990.0,1.0,1.0,LED,No,DDR4,amd,low,Asus,Windows,amd,mid,low
7609,2.9,127.0,2.8,3200.0,240.0,8.0,1024.0,0.0,16.0,179990.0,1.0,0.0,LED,No,DDR4,nvidia,high,MSI,Windows,intel,high,high
7610,1.78,100.0,1.2,2666.0,120.0,0.0,0.0,1024.0,4.0,39643.0,0.0,1.0,LED,No,DDR4,intel,low,HP,Windows,intel,low,low
7611,1.59,157.0,2.4,2666.0,120.0,0.0,256.0,1024.0,8.0,48990.0,0.0,1.0,LED,No,DDR4,intel,mid,Dell,Windows,intel,mid,low
7612,1.9,141.0,2.3,3200.0,120.0,0.0,0.0,1024.0,4.0,26990.0,1.0,1.0,LED,No,DDR4,amd,low,Asus,Windows,amd,low,low
7613,1.47,112.0,4.0,3200.0,120.0,0.0,512.0,0.0,8.0,33990.0,1.0,1.0,LED,No,DDR4,amd,low,HP,Windows,amd,mid,low
7614,2.2,141.0,2.3,2133.0,120.0,2.0,128.0,1024.0,4.0,44510.0,0.0,1.0,LED,No,DDR4,nvidia,low,Lenovo,Windows,intel,low,low
7617,2.48,137.0,4.2,3200.0,144.0,4.0,512.0,0.0,8.0,65538.0,0.0,0.0,LED,No,DDR4,nvidia,low,HP,Windows,amd,high,high
7618,2.29,141.0,4.7,3200.0,120.0,4.0,512.0,0.0,16.0,81690.0,0.0,1.0,LED,No,DDR4,nvidia,mid,HP,Windows,intel,high,high
7619,1.83,221.0,2.2,2400.0,120.0,4.0,256.0,0.0,16.0,199900.0,0.0,1.0,LED,No,DDR4,amd,mid,Apple,macOS,intel,high,high
7620,1.7,141.0,2.4,3200.0,120.0,0.0,512.0,0.0,8.0,42990.0,0.0,1.0,LED,No,DDR4,intel,mid,Lenovo,Windows,intel,mid,low
7621,1.7,157.0,2.5,2133.0,120.0,2.0,0.0,1024.0,4.0,50347.0,0.0,1.0,LED,No,DDR4,nvidia,low,Lenovo,Windows,intel,mid,low
7622,1.9,141.0,3.4,3200.0,120.0,0.0,0.0,1024.0,4.0,23999.0,1.0,1.0,LED,No,DDR4,intel,low,Acer,Windows,intel,low,low
7623,1.6,254.0,3.5,3200.0,120.0,0.0,512.0,0.0,16.0,186990.0,1.0,0.0,LED,No,DDR5,apple,high,Apple,macOS,apple,high,high
7624,1.58,157.0,1.2,2666.0,120.0,0.0,0.0,1024.0,8.0,41867.0,0.0,1.0,LED,No,DDR4,intel,low,Dell,Windows,intel,low,low
7625,1.92,141.0,4.4,3200.0,120.0,0.0,512.0,0.0,8.0,42190.0,1.0,1.0,LED,No,DDR4,intel,low,Asus,Windows,intel,mid,low
7626,2.0,141.0,2.0,2400.0,120.0,0.0,0.0,1024.0,4.0,31990.0,0.0,1.0,LED,No,DDR4,intel,low,Asus,Windows,intel,low,low
7627,1.3,157.0,2.1,2666.0,60.0,0.0,256.0,0.0,4.0,33885.0,0.0,0.0,LED,No,DDR4,intel,low,MSI,Windows,intel,low,low
7628,1.65,141.0,2.1,3200.0,120.0,0.0,256.0,0.0,8.0,39990.0,0.0,1.0,LED,No,DDR4,intel,low,Lenovo,Windows,intel,low,low
7629,2.2,141.0,1.6,2400.0,120.0,4.0,0.0,2048.0,8.0,65990.0,0.0,1.0,LED,No,DDR4,amd,low,Dell,Windows,intel,mid,low
7630,1.6,157.0,1.6,2666.0,120.0,2.0,512.0,0.0,8.0,77392.0,0.0,1.0,LED,Yes,DDR4,nvidia,low,Lenovo,Windows,intel,mid,low
7631,1.9,141.0,2.3,3200.0,300.0,8.0,1024.0,0.0,32.0,234990.0,1.0,0.0,LED,No,DDR4,nvidia,high,Asus,Windows,intel,high,high
7632,2.4,141.0,2.6,2400.0,144.0,8.0,1024.0,1024.0,16.0,189990.0,0.0,0.0,LED,No,DDR4,nvidia,high,MSI,Windows,intel,high,high
7633,1.12,169.0,4.5,3200.0,120.0,0.0,512.0,0.0,16.0,99990.0,1.0,0.0,LED,Yes,LPDDR5,intel,mid,Asus,Windows,intel,mid,high
7634,2.2,100.0,3.1,2133.0,120.0,0.0,0.0,500.0,4.0,27155.0,0.0,1.0,LED,No,DDR4,amd,low,Lenovo,DOS,amd,low,low
7635,2.6,127.0,4.9,3200.0,144.0,8.0,1024.0,0.0,16.0,104990.0,1.0,0.0,LED,No,DDR5,nvidia,mid,MSI,Windows,intel,high,high
7636,2.6,127.0,2.5,3200.0,144.0,4.0,512.0,0.0,16.0,68990.0,0.0,0.0,LED,No,DDR4,nvidia,mid,Asus,Windows,intel,mid,high
7637,1.69,157.0,1.0,2666.0,120.0,2.0,512.0,0.0,8.0,46990.0,0.0,1.0,LED,No,DDR4,nvidia,low,Lenovo,Windows,intel,mid,low
7638,2.2,141.0,1.6,2400.0,120.0,4.0,0.0,2048.0,8.0,64821.0,0.0,1.0,LED,No,DDR4,nvidia,low,Lenovo,Windows,intel,mid,low
7639,2.6,127.0,4.7,3200.0,144.0,6.0,512.0,0.0,16.0,106178.0,0.0,0.0,LED,No,DDR4,nvidia,mid,MSI,Windows,intel,high,high
7640,2.4,141.0,4.0,2933.0,120.0,4.0,512.0,0.0,16.0,78900.0,0.0,0.0,LED,No,DDR4,nvidia,low,Dell,Windows,intel,mid,high
7641,1.3,157.0,3.0,3200.0,120.0,0.0,256.0,0.0,8.0,30500.0,1.0,1.0,LED,No,DDR4,intel,low,Asus,Windows,intel,low,low
7642,2.0,127.0,3.4,3200.0,120.0,6.0,1024.0,0.0,16.0,150990.0,1.0,1.0,LED,No,DDR4,nvidia,mid,Asus,Windows,amd,high,high
7643,2.1,156.0,1.1,3200.0,120.0,0.0,256.0,0.0,8.0,30600.0,1.0,1.0,OLED,No,DDR4,intel,low,Asus,Windows,intel,low,low
7644,1.7,157.0,1.2,2666.0,120.0,0.0,0.0,1024.0,4.0,40660.0,0.0,1.0,LED,No,DDR4,intel,low,Dell,Windows,intel,low,low
7645,2.3,100.0,3.0,2133.0,120.0,0.0,0.0,500.0,4.0,21990.0,0.0,1.0,LED,No,DDR4,amd,low,Asus,Windows,amd,low,low
7646,2.2,141.0,4.7,3200.0,144.0,4.0,512.0,0.0,8.0,48999.0,0.0,0.0,LED,No,DDR4,nvidia,low,Acer,Windows,intel,mid,high
7647,1.7,157.0,2.5,2133.0,120.0,0.0,256.0,0.0,8.0,73683.0,0.0,1.0,LED,Yes,DDR4,intel,low,Lenovo,Windows,intel,mid,low
7648,1.7,141.0,2.8,3200.0,120.0,0.0,256.0,0.0,8.0,32950.0,0.0,1.0,LED,No,DDR4,intel,low,Lenovo,Windows,intel,low,low
7649,1.8,141.0,1.0,3200.0,120.0,0.0,0.0,1024.0,8.0,37990.0,1.0,1.0,LED,No,DDR4,intel,low,Asus,Windows,intel,mid,low
7650,1.6,243.0,1.3,3200.0,90.0,0.0,512.0,0.0,16.0,71990.0,0.0,0.0,OLED,No,DDR4,intel,low,Asus,Windows,intel,mid,low
7651,1.3,166.0,1.0,2666.0,120.0,0.0,512.0,0.0,8.0,70990.0,0.0,1.0,LED,No,DDR4,intel,low,HP,Windows,intel,mid,low
7652,1.9,189.0,2.3,3200.0,120.0,6.0,1024.0,0.0,16.0,98000.0,0.0,1.0,LED,No,DDR4,nvidia,mid,Asus,Windows,intel,high,high
7653,2.6,127.0,2.8,3200.0,144.0,4.0,1024.0,0.0,16.0,109990.0,1.0,0.0,LED,No,DDR5,nvidia,mid,Asus,Windows,amd,high,high
7654,0.9,227.0,2.8,4266.0,120.0,0.0,1024.0,0.0,16.0,122990.0,0.0,1.0,LED,No,LPDDR4X,intel,mid,Lenovo,Windows,intel,high,low
7655,2.1,157.0,1.6,2133.0,120.0,2.0,0.0,1024.0,12.0,61990.0,0.0,1.0,LED,No,DDR4,nvidia,low,HP,Windows,intel,mid,low
7656,1.6,141.0,4.5,3200.0,60.0,0.0,512.0,0.0,8.0,38990.0,0.0,0.0,LED,No,DDR4,intel,low,Asus,Windows,intel,low,low
7657,1.83,141.0,1.2,2666.0,120.0,0.0,0.0,1024.0,8.0,42290.0,0.0,1.0,LED,No,DDR4,intel,low,Dell,Windows,intel,low,low
7659,1.8,141.0,2.2,2400.0,120.0,6.0,512.0,0.0,16.0,149990.0,0.0,1.0,LED,No,DDR4,nvidia,mid,MSI,Windows,intel,high,high
7660,1.62,166.0,2.4,2400.0,120.0,0.0,0.0,1024.0,4.0,41990.0,0.0,1.0,LED,No,DDR4,intel,low,Dell,Windows,intel,low,low
7661,1.7,141.0,2.8,3200.0,120.0,0.0,512.0,0.0,16.0,77990.0,0.0,1.0,LED,No,DDR4,intel,mid,Lenovo,Windows,intel,high,low
7662,1.75,138.0,2.8,3200.0,120.0,0.0,512.0,0.0,16.0,75990.0,1.0,1.0,LED,No,DDR4,intel,low,Dell,Windows,intel,mid,mid
7663,1.63,157.0,1.1,3200.0,120.0,0.0,0.0,0.0,4.0,25990.0,1.0,1.0,LED,No,LPDDR4X,intel,low,Asus,Google Chrome,intel,low,low
7664,2.25,141.0,4.7,3200.0,144.0,6.0,512.0,0.0,16.0,103226.0,0.0,0.0,LED,No,DDR4,nvidia,mid,MSI,Windows,intel,mid,high
7665,1.8,141.0,3.0,3200.0,60.0,0.0,512.0,0.0,8.0,31990.0,0.0,0.0,OLED,No,DDR4,intel,low,Asus,Windows,intel,low,low
7666,1.69,141.0,2.8,3200.0,60.0,0.0,512.0,0.0,8.0,43074.0,1.0,0.0,LED,No,DDR4,intel,low,Dell,Windows,intel,low,low
7667,2.3,141.0,1.6,3200.0,120.0,0.0,0.0,1024.0,8.0,41522.0,1.0,1.0,LED,No,DDR4,intel,low,Lenovo,Windows,intel,mid,low
7668,1.83,221.0,2.6,2400.0,120.0,4.0,512.0,0.0,16.0,239990.0,0.0,1.0,LED,No,DDR4,amd,mid,Apple,macOS,intel,high,high
7669,1.23,243.0,4.8,3200.0,120.0,0.0,512.0,0.0,16.0,122790.0,1.0,1.0,AMOLED,Yes,LPDDR4X,intel,mid,Samsung,Windows,intel,high,high
7670,2.78,170.0,5.0,4800.0,165.0,8.0,1024.0,0.0,16.0,174848.0,0.0,0.0,LED,No,DDR5,nvidia,mid,HP,Windows,intel,high,high
7671,1.65,141.0,3.3,2666.0,120.0,0.0,256.0,0.0,8.0,50499.0,0.0,0.0,LED,No,DDR4,intel,low,Dell,Windows,intel,mid,low
7672,1.7,141.0,1.8,2400.0,120.0,2.0,128.0,1024.0,16.0,79990.0,0.0,1.0,LED,No,DDR4,nvidia,low,Asus,Windows,intel,high,low
7673,2.37,188.0,2.8,3200.0,165.0,8.0,1024.0,0.0,16.0,152000.0,1.0,0.0,LED,No,DDR4,nvidia,high,HP,Windows,amd,high,high
7674,1.69,157.0,1.6,3200.0,120.0,0.0,128.0,1024.0,8.0,56990.0,1.0,1.0,LED,No,DDR4,intel,low,Lenovo,Windows,intel,mid,low
7675,1.3,166.0,2.4,3200.0,120.0,0.0,512.0,0.0,8.0,79988.0,1.0,1.0,OLED,Yes,DDR4,intel,mid,Asus,Windows,intel,mid,low
7676,2.0,141.0,1.8,4800.0,360.0,8.0,1024.0,0.0,16.0,358999.0,0.0,0.0,LED,No,DDR5,nvidia,high,Other,Windows,intel,high,high
7677,2.24,141.0,2.6,2666.0,120.0,4.0,512.0,1024.0,16.0,117977.0,0.0,1.0,LED,No,DDR4,nvidia,low,HP,Windows,intel,high,high
7678,2.25,141.0,4.7,3200.0,144.0,8.0,1024.0,0.0,16.0,115654.0,1.0,0.0,LED,No,DDR5,nvidia,mid,MSI,Windows,intel,high,high
7679,1.05,157.0,4.2,3200.0,120.0,0.0,512.0,0.0,8.0,74990.0,1.0,1.0,LED,Yes,LPDDR4,intel,mid,Acer,Windows,intel,mid,low
7680,1.59,157.0,2.4,3200.0,120.0,0.0,512.0,0.0,8.0,86000.0,0.0,1.0,LED,No,DDR4,intel,mid,Lenovo,Windows,intel,mid,low
7681,1.3,166.0,4.7,2933.0,120.0,2.0,1024.0,0.0,16.0,90900.0,0.0,1.0,LED,No,DDR4,nvidia,mid,HP,Windows,intel,high,low
7682,1.16,255.0,5.0,3200.0,120.0,0.0,512.0,0.0,16.0,109990.0,1.0,1.0,AMOLED,Yes,DDR4,intel,mid,Samsung,Windows,intel,mid,low
7684,2.3,141.0,2.8,3200.0,120.0,0.0,256.0,0.0,4.0,23290.0,1.0,1.0,LED,No,DDR4,intel,low,Lenovo,Windows,intel,low,low
7686,1.49,218.0,4.6,3200.0,120.0,0.0,512.0,0.0,16.0,99999.0,1.0,1.0,AMOLED,Yes,DDR4,intel,mid,Samsung,Windows,intel,mid,mid
7687,1.49,218.0,5.0,3200.0,120.0,0.0,1024.0,0.0,16.0,127990.0,1.0,0.0,AMOLED,Yes,DDR4,intel,mid,Samsung,Windows,intel,high,mid
7688,1.49,218.0,5.0,3200.0,120.0,0.0,512.0,0.0,16.0,122990.0,1.0,1.0,AMOLED,Yes,DDR4,intel,mid,Samsung,Windows,intel,high,mid
7689,2.2,141.0,2.7,2133.0,120.0,2.0,0.0,1024.0,8.0,58990.0,0.0,1.0,LED,No,DDR4,nvidia,low,Lenovo,Windows,intel,high,low
7690,1.74,100.0,3.0,2666.0,120.0,0.0,512.0,0.0,8.0,31900.0,0.0,1.0,LED,No,DDR4,intel,low,HP,Windows,intel,low,low
7691,1.63,141.0,4.2,2666.0,120.0,0.0,512.0,0.0,8.0,37990.0,0.0,0.0,LED,No,DDR4,intel,low,Dell,Windows,intel,low,low
7692,1.69,141.0,2.0,3200.0,120.0,0.0,256.0,0.0,8.0,33168.0,0.0,1.0,LED,No,DDR4,intel,low,Dell,Windows,intel,low,low
7694,1.75,169.0,1.8,2400.0,120.0,0.0,512.0,0.0,16.0,92990.0,0.0,1.0,LED,No,DDR4,intel,low,Dell,Windows,intel,high,low
7695,2.2,141.0,1.6,2133.0,120.0,2.0,0.0,2048.0,8.0,58990.0,0.0,1.0,LED,No,DDR4,nvidia,low,Lenovo,Windows,intel,mid,low
7696,1.75,141.0,4.2,3200.0,120.0,0.0,512.0,0.0,8.0,47299.0,0.0,1.0,LED,No,DDR4,intel,mid,HP,Windows,intel,mid,low
7697,2.1,141.0,4.2,3200.0,144.0,4.0,512.0,0.0,8.0,82990.0,0.0,0.0,LED,No,DDR4,nvidia,mid,Asus,Windows,amd,high,high
7698,1.34,178.0,1.8,2400.0,120.0,0.0,512.0,0.0,8.0,84990.0,0.0,1.0,LED,No,DDR4,intel,low,Other,Windows,intel,high,low
7699,2.57,141.0,3.4,3200.0,165.0,6.0,512.0,0.0,16.0,170051.0,1.0,0.0,LED,No,DDR5,nvidia,mid,Dell,Windows,intel,high,high
7700,2.3,141.0,2.2,2933.0,144.0,4.0,1024.0,0.0,8.0,86990.0,0.0,0.0,LED,No,DDR4,nvidia,low,Asus,Windows,intel,high,high
7701,1.35,162.0,5.0,5200.0,60.0,0.0,512.0,0.0,16.0,89990.0,0.0,0.0,OLED,No,LPDDR5X,intel,mid,Lenovo,Windows,intel,high,high
7702,2.25,141.0,3.1,3200.0,144.0,6.0,512.0,0.0,8.0,84540.0,1.0,0.0,LED,No,DDR5,nvidia,mid,MSI,Windows,intel,high,high
7703,1.5,157.0,1.8,2133.0,120.0,2.0,1024.0,0.0,16.0,108950.0,0.0,1.0,LED,No,LPDDR3,nvidia,low,Asus,Windows,intel,high,low
7704,1.41,135.0,2.4,2133.0,120.0,0.0,0.0,1024.0,4.0,46487.0,0.0,1.0,LED,Yes,DDR4,intel,low,HP,Windows,intel,low,low
7705,1.75,141.0,2.3,2400.0,120.0,4.0,128.0,1024.0,8.0,82990.0,0.0,1.0,LED,No,DDR4,nvidia,low,Lenovo,Windows,intel,mid,high
7706,1.59,157.0,1.6,3200.0,120.0,2.0,8.0,1024.0,8.0,76990.0,0.0,1.0,LED,Yes,DDR4,nvidia,low,HP,Windows,intel,mid,low
7707,1.5,157.0,1.6,2400.0,120.0,2.0,0.0,1024.0,8.0,67830.0,0.0,1.0,LED,No,DDR4,nvidia,low,Lenovo,Windows,intel,mid,low
7708,2.6,127.0,2.5,2933.0,120.0,4.0,512.0,0.0,8.0,73990.0,0.0,0.0,LED,No,DDR4,nvidia,low,Asus,Windows,intel,mid,high
7709,1.63,157.0,1.6,2133.0,120.0,2.0,0.0,1024.0,8.0,69990.0,0.0,1.0,LED,Yes,DDR4,nvidia,low,HP,Windows,intel,mid,low
7710,1.75,141.0,2.2,2666.0,120.0,6.0,128.0,1024.0,16.0,129990.0,0.0,1.0,LED,No,DDR4,nvidia,mid,Dell,Windows,intel,high,high
7711,1.3,166.0,2.0,2400.0,120.0,0.0,256.0,0.0,8.0,64528.0,0.0,1.0,LED,Yes,DDR4,amd,low,HP,Windows,amd,mid,low
7712,2.37,112.0,2.8,3200.0,120.0,0.0,256.0,0.0,8.0,46000.0,1.0,1.0,LED,No,DDR4,intel,low,Asus,Windows,intel,mid,low
7713,1.3,112.0,1.1,3200.0,60.0,0.0,256.0,0.0,4.0,30489.0,1.0,0.0,LED,No,DDR4,intel,low,Asus,Windows,intel,low,low
7714,1.27,166.0,2.8,3200.0,120.0,0.0,1024.0,0.0,16.0,128490.0,1.0,1.0,LED,Yes,LPDDR4X,intel,low,HP,Windows,intel,high,low
7715,2.2,141.0,1.6,2400.0,120.0,2.0,0.0,1024.0,8.0,57990.0,0.0,1.0,LED,No,DDR4,amd,low,Dell,Windows,intel,mid,low
7716,1.61,258.0,4.1,3200.0,120.0,0.0,1024.0,0.0,18.0,212990.0,1.0,1.0,LED,No,DDR4,intel,low,Apple,macOS,apple,high,high
7717,1.98,141.0,2.3,2400.0,120.0,4.0,256.0,1024.0,8.0,70990.0,0.0,1.0,LED,No,DDR4,nvidia,low,HP,Windows,amd,high,high
7718,1.85,141.0,2.1,3200.0,120.0,0.0,128.0,1024.0,8.0,57290.0,1.0,1.0,LED,No,DDR4,amd,low,Lenovo,Windows,amd,mid,low
7719,1.7,141.0,2.4,3200.0,120.0,0.0,512.0,0.0,8.0,38000.0,0.0,1.0,LED,No,DDR4,intel,low,Lenovo,DOS,intel,mid,low
7720,1.5,162.0,5.0,4266.0,120.0,0.0,512.0,0.0,16.0,77990.0,0.0,1.0,LED,Yes,LPDDR4X,intel,mid,Lenovo,Windows,intel,high,low
7722,2.4,141.0,2.2,2666.0,120.0,4.0,256.0,1024.0,16.0,88000.0,0.0,1.0,LED,No,DDR4,nvidia,low,Dell,Windows,intel,high,high
7723,1.65,141.0,1.0,2666.0,120.0,0.0,256.0,0.0,8.0,39999.0,0.0,0.0,LED,No,DDR4,intel,low,Dell,Windows,intel,low,low
7724,1.4,157.0,4.0,6400.0,120.0,0.0,512.0,0.0,8.0,35990.0,0.0,1.0,LED,No,LPDDR5,amd,low,HP,Windows,amd,low,low
7725,1.4,166.0,1.6,1866.0,120.0,0.0,256.0,0.0,8.0,101775.0,0.0,1.0,LED,No,LPDDR3,intel,low,Dell,Windows,intel,mid,low
7726,1.66,212.0,4.6,3200.0,120.0,0.0,512.0,0.0,16.0,145990.0,1.0,0.0,AMOLED,Yes,DDR4,intel,mid,Samsung,Windows,intel,mid,mid
7727,1.66,141.0,4.5,3200.0,120.0,0.0,512.0,0.0,8.0,36990.0,1.0,0.0,LED,No,DDR4,intel,low,Dell,Windows,intel,low,low
7728,1.86,141.0,2.0,2133.0,120.0,2.0,0.0,1024.0,4.0,28338.0,0.0,1.0,LED,No,DDR4,amd,low,HP,Windows,intel,low,low
7729,1.55,162.0,2.0,3200.0,120.0,0.0,512.0,0.0,16.0,67990.0,1.0,1.0,LED,Yes,LPDDR4X,amd,low,Lenovo,Windows,amd,high,low
7730,1.59,157.0,1.7,2666.0,120.0,0.0,256.0,0.0,8.0,42907.0,0.0,1.0,LED,No,DDR4,intel,low,Dell,Windows,intel,low,low
7732,1.75,112.0,1.8,2400.0,120.0,2.0,0.0,1024.0,12.0,61990.0,0.0,1.0,LED,No,DDR4,nvidia,low,Acer,Other,intel,high,low
7733,1.66,212.0,5.0,3200.0,120.0,0.0,512.0,0.0,16.0,163990.0,1.0,0.0,AMOLED,Yes,DDR4,intel,mid,Samsung,Windows,intel,high,mid
7735,2.85,127.0,2.4,2666.0,120.0,4.0,512.0,0.0,8.0,79990.0,0.0,1.0,LED,No,DDR4,nvidia,low,Asus,Windows,intel,mid,high
7736,2.25,141.0,4.7,3200.0,144.0,6.0,1024.0,0.0,16.0,110160.0,1.0,0.0,LED,No,DDR5,nvidia,mid,MSI,Windows,intel,high,high
7737,1.4,243.0,2.0,3200.0,90.0,4.0,512.0,0.0,16.0,75990.0,0.0,0.0,OLED,No,DDR4,nvidia,low,Asus,Windows,intel,mid,high
7738,1.4,243.0,4.4,3200.0,90.0,4.0,512.0,0.0,16.0,79990.0,1.0,0.0,OLED,No,DDR4,nvidia,mid,Asus,Windows,intel,mid,high
7739,1.6,141.0,4.2,3200.0,120.0,0.0,512.0,0.0,16.0,89999.0,0.0,1.0,LED,Yes,DDR4,intel,mid,HP,Windows,intel,mid,low
7740,1.29,169.0,1.6,1866.0,120.0,0.0,256.0,0.0,8.0,88990.0,0.0,1.0,LED,No,DDR3,intel,low,Dell,Windows,intel,mid,low
7741,1.41,157.0,2.8,3200.0,120.0,2.0,512.0,0.0,16.0,79990.0,0.0,1.0,LED,No,DDR4,nvidia,mid,HP,Windows,amd,high,low
7742,1.85,141.0,4.2,2666.0,120.0,0.0,512.0,0.0,8.0,39390.0,0.0,1.0,LED,No,DDR4,intel,low,Dell,Windows,intel,low,low
7743,1.8,141.0,3.5,2400.0,120.0,0.0,256.0,0.0,8.0,39956.0,0.0,1.0,LED,No,DDR4,amd,low,Dell,Windows,amd,low,low
7744,2.48,137.0,3.3,3200.0,144.0,6.0,512.0,0.0,16.0,68990.0,1.0,0.0,LED,Yes,DDR4,nvidia,mid,HP,Windows,amd,mid,high
7745,1.9,138.0,2.8,3200.0,60.0,0.0,512.0,0.0,8.0,74990.0,1.0,0.0,LED,No,DDR4,intel,low,Dell,Windows,intel,mid,mid
7746,1.31,166.0,2.1,3200.0,120.0,0.0,512.0,0.0,16.0,74990.0,0.0,1.0,LED,Yes,DDR4,amd,low,Lenovo,Windows,amd,mid,low
7747,2.3,141.0,2.9,3200.0,120.0,4.0,512.0,0.0,16.0,82990.0,1.0,0.0,LED,No,DDR4,nvidia,low,Lenovo,Windows,amd,high,high
7748,1.4,243.0,2.5,3200.0,90.0,0.0,1024.0,0.0,32.0,169990.0,1.0,0.0,OLED,Yes,LPDDR5,intel,mid,Asus,Windows,intel,high,high
7749,1.19,157.0,1.8,2400.0,120.0,2.0,512.0,0.0,16.0,94990.0,0.0,1.0,LED,No,DDR4,nvidia,low,MSI,Windows,intel,high,low
7750,1.57,157.0,3.3,3200.0,120.0,0.0,512.0,0.0,8.0,76519.0,0.0,1.0,LED,Yes,DDR4,intel,low,Dell,Windows,intel,mid,low
7751,1.5,157.0,1.6,2133.0,120.0,2.0,512.0,0.0,8.0,74283.0,0.0,1.0,LED,No,DDR4,nvidia,low,Lenovo,Windows,intel,mid,low
7752,1.58,112.0,1.1,2400.0,120.0,0.0,64.0,0.0,4.0,33990.0,0.0,1.0,LED,Yes,LPDDR4,intel,low,HP,Google Chrome,intel,low,low
7753,1.8,141.0,1.6,2133.0,120.0,4.0,0.0,1024.0,4.0,52490.0,0.0,1.0,LED,No,DDR4,amd,low,Lenovo,Windows,intel,mid,low
7754,1.38,157.0,4.1,5500.0,60.0,0.0,1024.0,0.0,8.0,33990.0,0.0,0.0,LED,No,LPDDR5,amd,low,Asus,Windows,amd,low,low
7755,1.75,227.0,3.3,3200.0,60.0,0.0,512.0,0.0,16.0,82990.0,1.0,0.0,LED,No,LPDDR5,intel,low,Dell,Windows,intel,mid,mid
7756,1.5,157.0,2.8,3200.0,60.0,0.0,512.0,0.0,16.0,89090.0,0.0,0.0,LED,Yes,DDR4,intel,mid,Dell,Windows,intel,high,low
7757,1.7,210.0,3.0,3200.0,120.0,6.0,1024.0,0.0,16.0,133520.0,0.0,0.0,LED,No,DDR4,nvidia,mid,Asus,Windows,amd,high,high
7758,3.11,141.0,2.5,3200.0,120.0,4.0,512.0,0.0,16.0,71040.0,1.0,1.0,LED,No,DDR4,nvidia,mid,Other,Windows,intel,mid,high
7759,2.38,141.0,2.3,2666.0,120.0,8.0,1024.0,0.0,16.0,297377.0,0.0,1.0,LED,No,DDR4,nvidia,high,HP,Windows,intel,high,high
7760,1.8,141.0,2.8,3200.0,120.0,2.0,512.0,0.0,8.0,78990.0,1.0,1.0,LED,No,DDR4,nvidia,mid,Asus,Windows,intel,high,low
7762,1.9,141.0,2.6,3200.0,240.0,6.0,1024.0,0.0,16.0,128990.0,1.0,0.0,LED,No,DDR4,nvidia,mid,Asus,Windows,intel,high,high
7763,2.36,141.0,2.6,2933.0,120.0,4.0,1024.0,0.0,8.0,99990.0,0.0,1.0,LED,No,DDR4,nvidia,low,HP,Windows,intel,high,high
7764,1.75,166.0,1.6,2400.0,120.0,0.0,256.0,0.0,8.0,77701.0,0.0,1.0,LED,Yes,DDR4,intel,low,Dell,Windows,intel,mid,low
7765,1.7,141.0,4.2,3200.0,60.0,0.0,512.0,0.0,16.0,65990.0,1.0,0.0,OLED,No,DDR4,amd,low,Asus,Windows,amd,mid,low
7766,1.8,100.0,2.8,3200.0,60.0,0.0,512.0,0.0,8.0,27499.0,1.0,0.0,LED,No,DDR4,intel,low,Asus,Windows,intel,low,low
7767,4.7,254.0,3.5,3200.0,120.0,0.0,512.0,0.0,16.0,233990.0,1.0,1.0,LED,No,DDR4,apple,high,Apple,macOS,apple,high,high
7768,2.8,127.0,4.9,3200.0,144.0,6.0,512.0,0.0,16.0,79990.0,1.0,0.0,LED,No,DDR5,nvidia,mid,MSI,Windows,intel,high,high
7769,1.82,141.0,4.5,3200.0,120.0,0.0,512.0,0.0,16.0,79490.0,1.0,1.0,LED,Yes,LPDDR4X,amd,low,HP,Windows,amd,high,low
7770,1.09,141.0,1.6,2400.0,120.0,0.0,256.0,0.0,8.0,69990.0,0.0,1.0,LED,No,DDR4,intel,low,Other,Windows,intel,mid,low
7771,1.75,100.0,2.6,3200.0,120.0,0.0,512.0,0.0,8.0,29900.0,0.0,1.0,LED,No,DDR4,amd,low,HP,Windows,amd,mid,low
7772,1.32,162.0,4.8,3200.0,120.0,0.0,1024.0,0.0,16.0,97890.0,1.0,1.0,TFT LCD,No,LPDDR5X,intel,mid,Acer,Windows,intel,high,high
7773,1.56,157.0,1.8,3200.0,120.0,0.0,512.0,0.0,16.0,85590.0,0.0,1.0,LED,Yes,DDR4,amd,low,Dell,Windows,amd,high,low
7774,1.19,157.0,1.6,2133.0,120.0,0.0,512.0,0.0,8.0,99990.0,0.0,1.0,LED,No,LPDDR3,intel,low,Asus,Windows,intel,mid,low
7775,1.6,157.0,3.1,3200.0,144.0,4.0,1024.0,0.0,16.0,120790.0,0.0,0.0,LED,No,DDR4,nvidia,mid,Asus,Windows,amd,high,high
7776,1.59,157.0,1.6,2400.0,120.0,2.0,256.0,1024.0,8.0,74990.0,0.0,1.0,LED,Yes,DDR4,nvidia,low,HP,Windows,intel,mid,low
7777,1.57,157.0,4.8,4266.0,120.0,0.0,1024.0,0.0,16.0,105871.0,0.0,1.0,LED,No,LPDDR4X,intel,mid,Asus,Windows,intel,high,low
7780,1.41,141.0,4.8,3200.0,120.0,0.0,512.0,0.0,16.0,129990.0,1.0,1.0,AMOLED,Yes,LPDDR5,intel,mid,Samsung,Windows,intel,high,mid
7781,2.4,141.0,2.6,2400.0,60.0,4.0,128.0,1024.0,8.0,107990.0,0.0,0.0,LED,No,DDR4,nvidia,low,MSI,Windows,intel,high,high
7782,1.04,166.0,4.8,3200.0,120.0,0.0,512.0,0.0,16.0,96999.0,1.0,1.0,AMOLED,Yes,LPDDR5,intel,mid,Samsung,Windows,intel,mid,mid
7783,3.11,141.0,2.5,3200.0,120.0,6.0,512.0,0.0,16.0,80004.0,1.0,1.0,LED,No,DDR4,nvidia,mid,Other,Windows,intel,mid,high
7785,1.9,141.0,1.8,2133.0,120.0,2.0,512.0,0.0,8.0,50990.0,0.0,1.0,LED,No,DDR4,nvidia,low,Asus,Windows,intel,high,low
7786,1.8,141.0,2.1,2666.0,120.0,0.0,512.0,0.0,8.0,38990.0,0.0,0.0,LED,No,DDR4,amd,low,Dell,Windows,amd,mid,low
7787,1.85,141.0,1.6,2133.0,120.0,2.0,0.0,1024.0,8.0,60990.0,0.0,1.0,LED,No,DDR4,nvidia,low,HP,Windows,intel,mid,low
7788,1.19,157.0,1.6,2400.0,120.0,0.0,512.0,0.0,8.0,56990.0,0.0,1.0,LED,No,DDR4,intel,low,MSI,Windows,intel,mid,low
7789,1.6,157.0,1.6,2133.0,120.0,2.0,512.0,0.0,8.0,83990.0,0.0,1.0,LED,Yes,DDR4,nvidia,low,Lenovo,Windows,intel,mid,low
7790,1.86,157.0,2.1,2666.0,120.0,2.0,512.0,0.0,4.0,47058.0,0.0,1.0,LED,Yes,DDR4,nvidia,low,Dell,Windows,intel,low,low
7791,1.26,157.0,1.6,2133.0,120.0,2.0,512.0,0.0,8.0,105990.0,0.0,1.0,LED,No,LPDDR3,nvidia,low,Asus,Windows,intel,mid,low
7792,1.3,166.0,2.8,4266.0,120.0,0.0,512.0,0.0,8.0,89990.0,0.0,1.0,OLED,Yes,LPDDR4X,intel,mid,Asus,Windows,intel,mid,low
7793,1.49,157.0,4.2,3200.0,120.0,0.0,512.0,0.0,8.0,81684.0,1.0,1.0,LED,No,DDR4,intel,low,HP,Windows,intel,mid,low
7794,2.4,141.0,2.6,2400.0,120.0,6.0,256.0,1024.0,16.0,133990.0,0.0,1.0,LED,No,DDR4,nvidia,mid,MSI,Windows,intel,high,high
7795,1.4,243.0,2.3,3200.0,90.0,0.0,1024.0,0.0,16.0,134080.0,1.0,0.0,OLED,Yes,LPDDR5,intel,mid,Asus,Windows,intel,high,high
7796,1.6,141.0,4.2,3200.0,120.0,0.0,512.0,0.0,16.0,90490.0,0.0,1.0,OLED,Yes,DDR4,intel,mid,HP,Windows,intel,mid,low
7797,1.8,100.0,3.1,2400.0,120.0,0.0,256.0,0.0,8.0,36990.0,0.0,1.0,LED,No,DDR4,intel,low,Dell,Windows,intel,low,low
7798,1.41,186.0,1.1,3200.0,120.0,0.0,0.0,0.0,4.0,16990.0,1.0,1.0,LED,Yes,DDR3,intel,low,Other,Windows,intel,low,low
7800,1.1,255.0,2.7,3200.0,120.0,0.0,1024.0,0.0,16.0,89990.0,1.0,1.0,OLED,Yes,LPDDR5,amd,low,Asus,Windows,amd,high,low
7801,2.99,127.0,2.4,3200.0,300.0,8.0,2048.0,0.0,32.0,269990.0,0.0,0.0,LED,No,DDR4,nvidia,high,Asus,Windows,intel,high,high
7802,1.7,141.0,4.5,3200.0,90.0,0.0,512.0,0.0,8.0,36990.0,0.0,0.0,LED,No,DDR4,intel,low,Asus,Windows,intel,low,low
7803,2.6,127.0,2.6,2666.0,120.0,8.0,1024.0,0.0,32.0,299990.0,0.0,1.0,LED,No,DDR4,nvidia,high,Asus,Windows,intel,high,high
7804,2.29,141.0,4.2,3200.0,144.0,4.0,512.0,0.0,8.0,55990.0,1.0,0.0,LED,No,DDR4,amd,mid,HP,Windows,amd,mid,high
7805,1.9,141.0,1.0,3200.0,120.0,0.0,512.0,0.0,8.0,49990.0,1.0,1.0,LED,No,DDR4,intel,low,Asus,Windows,intel,mid,low
7806,1.5,157.0,2.5,3200.0,120.0,0.0,512.0,0.0,8.0,61950.0,0.0,1.0,LED,Yes,DDR4,intel,mid,Dell,Windows,intel,mid,high
7807,1.74,100.0,2.1,2400.0,120.0,0.0,512.0,0.0,8.0,29990.0,0.0,1.0,LED,No,DDR4,amd,low,HP,Windows,amd,mid,low
7808,2.17,141.0,2.2,2666.0,120.0,4.0,128.0,1024.0,8.0,94990.0,0.0,1.0,LED,No,DDR4,nvidia,low,HP,Windows,intel,high,high
7809,1.38,157.0,4.3,3200.0,60.0,0.0,512.0,0.0,8.0,36990.0,1.0,0.0,LED,No,LPDDR5,amd,low,Asus,Windows,amd,mid,low
7810,1.6,162.0,5.0,4800.0,120.0,0.0,512.0,0.0,16.0,80990.0,0.0,0.0,LED,No,LPDDR5,intel,mid,Dell,Windows,intel,high,low
7811,2.8,127.0,2.8,2400.0,120.0,8.0,256.0,1024.0,16.0,185990.0,0.0,1.0,LED,No,DDR4,nvidia,high,MSI,Windows,intel,high,high
7812,1.8,141.0,2.1,3200.0,120.0,0.0,256.0,0.0,4.0,41500.0,1.0,1.0,LED,No,DDR4,amd,low,Asus,Windows,amd,mid,low
7813,2.3,182.0,2.8,3200.0,165.0,8.0,1024.0,0.0,16.0,190210.0,0.0,0.0,LED,No,DDR4,nvidia,high,HP,Windows,intel,high,high
7814,1.7,141.0,4.2,3200.0,60.0,0.0,1024.0,0.0,16.0,55990.0,1.0,0.0,OLED,No,DDR4,amd,low,Asus,Windows,amd,mid,low
7815,2.32,137.0,2.7,3200.0,144.0,6.0,1024.0,0.0,16.0,134090.0,0.0,0.0,LED,No,DDR4,nvidia,mid,HP,Windows,intel,high,high
7816,1.0,266.0,4.7,3200.0,120.0,0.0,256.0,0.0,16.0,132990.0,1.0,0.0,LED,Yes,LPDDR5,intel,mid,Other,Windows,intel,high,low
7817,1.3,157.0,1.6,2400.0,120.0,2.0,512.0,0.0,8.0,84990.0,0.0,1.0,LED,No,DDR4,nvidia,low,Asus,Windows,intel,mid,low
7818,2.3,141.0,2.6,3200.0,120.0,4.0,256.0,1024.0,8.0,135999.0,1.0,1.0,LED,No,DDR4,nvidia,low,Lenovo,Windows,intel,high,high
7819,1.08,210.0,1.8,3200.0,120.0,0.0,512.0,0.0,16.0,201753.0,1.0,1.0,OLED,No,LPDDR3,intel,low,Lenovo,Windows,intel,high,low
7820,2.3,188.0,4.8,3200.0,165.0,8.0,1024.0,0.0,16.0,199672.0,1.0,0.0,LED,No,DDR5,nvidia,high,Asus,Windows,amd,high,high
7821,1.0,141.0,3.1,3200.0,60.0,4.0,1024.0,0.0,16.0,69665.0,1.0,0.0,OLED,No,DDR4,nvidia,mid,Asus,Windows,amd,high,high
7822,1.85,141.0,4.0,2666.0,120.0,0.0,512.0,0.0,8.0,42999.0,0.0,1.0,LED,No,DDR4,intel,low,Dell,Windows,intel,low,low
7823,1.36,267.0,5.0,4266.0,120.0,0.0,1024.0,0.0,32.0,145490.0,0.0,1.0,OLED,Yes,LPDDR4X,intel,mid,HP,Windows,intel,high,low
7824,2.0,141.0,2.8,3200.0,240.0,8.0,1024.0,0.0,16.0,139990.0,0.0,0.0,LED,No,DDR4,nvidia,high,Asus,Windows,intel,high,high
7825,1.7,100.0,1.1,2400.0,120.0,0.0,256.0,0.0,8.0,25990.0,0.0,1.0,LED,No,DDR4,intel,low,Lenovo,Windows,intel,low,low
7826,1.7,141.0,1.7,3200.0,120.0,0.0,512.0,0.0,16.0,68999.0,0.0,1.0,LED,Yes,DDR4,intel,mid,Asus,Windows,intel,mid,mid
7827,2.16,157.0,4.7,3200.0,120.0,0.0,512.0,0.0,16.0,91250.0,0.0,1.0,LED,Yes,DDR4,intel,mid,HP,Windows,intel,high,low
7828,2.37,136.0,3.1,4800.0,144.0,4.0,512.0,0.0,16.0,122560.0,0.0,0.0,LED,Yes,DDR5,nvidia,mid,HP,Windows,amd,high,high
7829,1.0,154.0,4.2,3200.0,120.0,0.0,256.0,0.0,8.0,113990.0,1.0,0.0,LED,Yes,LPDDR5,intel,mid,Other,Windows,intel,mid,low
7830,4.7,127.0,2.4,2666.0,144.0,8.0,1024.0,1024.0,32.0,399990.0,0.0,0.0,LED,No,DDR4,nvidia,high,Asus,Windows,intel,high,high
7831,2.49,141.0,3.0,3200.0,120.0,0.0,512.0,0.0,8.0,30499.0,1.0,1.0,LED,No,DDR4,intel,low,Lenovo,Windows,intel,low,low
7832,1.36,157.0,2.8,3200.0,120.0,0.0,1024.0,0.0,16.0,139890.0,0.0,1.0,LED,No,DDR4,intel,mid,Lenovo,Windows,intel,high,low
7833,1.53,157.0,4.6,4800.0,60.0,0.0,512.0,0.0,8.0,48000.0,0.0,0.0,LED,No,LPDDR5,intel,mid,Dell,Windows,intel,mid,low
7834,1.32,166.0,1.8,2400.0,120.0,0.0,512.0,0.0,16.0,172725.0,0.0,1.0,LED,Yes,DDR4,intel,low,HP,Windows,intel,high,low
7835,1.92,141.0,4.0,3200.0,120.0,0.0,512.0,0.0,8.0,32530.0,1.0,1.0,LED,No,DDR5,amd,low,Asus,Windows,amd,low,low
7836,1.32,331.0,1.8,2400.0,120.0,0.0,1024.0,0.0,16.0,331183.0,0.0,1.0,LED,Yes,DDR4,intel,low,HP,Windows,intel,high,low
7837,1.27,166.0,1.1,3200.0,120.0,0.0,512.0,0.0,8.0,126000.0,0.0,1.0,LED,Yes,LPDDR4,intel,low,HP,Windows,intel,mid,low
7838,1.2,135.0,1.1,3200.0,120.0,0.0,128.0,0.0,4.0,21490.0,1.0,1.0,LED,No,DDR4,intel,low,Acer,Windows,intel,low,low
7839,2.81,141.0,4.0,3200.0,240.0,8.0,1024.0,0.0,16.0,181833.0,1.0,0.0,LED,No,DDR5,nvidia,high,Dell,Windows,intel,high,high
7840,2.0,137.0,4.7,4800.0,144.0,6.0,512.0,0.0,16.0,169999.0,0.0,0.0,LED,No,DDR5,nvidia,mid,HP,Windows,intel,high,high
7841,1.8,100.0,3.0,3200.0,120.0,0.0,256.0,0.0,8.0,36350.0,1.0,1.0,LED,No,DDR4,intel,low,Asus,Windows,intel,low,low
7842,2.0,127.0,4.7,3200.0,360.0,16.0,2048.0,0.0,32.0,299999.0,0.0,0.0,LED,No,DDR4,nvidia,high,MSI,Windows,intel,high,high
7843,1.39,157.0,2.4,3200.0,120.0,4.0,1024.0,0.0,16.0,99990.0,1.0,1.0,LED,No,LPDDR4X,nvidia,mid,Acer,Windows,amd,high,low
7844,1.8,141.0,2.4,3200.0,120.0,0.0,256.0,1024.0,16.0,64990.0,1.0,1.0,LED,No,DDR4,intel,mid,Asus,Windows,intel,mid,low
7845,2.1,189.0,3.4,4800.0,240.0,4.0,1024.0,0.0,16.0,125900.0,0.0,0.0,LED,No,DDR5,nvidia,mid,Lenovo,Windows,intel,high,high
7846,1.8,141.0,4.2,3200.0,144.0,4.0,512.0,0.0,16.0,71900.0,0.0,0.0,LED,No,DDR4,nvidia,low,Asus,Windows,amd,high,high
7847,1.3,166.0,4.7,3200.0,120.0,0.0,512.0,0.0,16.0,104990.0,1.0,1.0,OLED,Yes,DDR4,intel,mid,Asus,Windows,intel,high,low
7848,2.25,141.0,4.7,3200.0,144.0,4.0,512.0,0.0,16.0,91590.0,0.0,0.0,LED,No,DDR4,nvidia,mid,MSI,Windows,intel,high,high
7849,1.0,255.0,4.7,3200.0,60.0,0.0,512.0,0.0,16.0,109990.0,1.0,0.0,OLED,No,LPDDR5,intel,mid,Asus,Windows,intel,mid,low
7850,2.1,141.0,2.8,3200.0,165.0,6.0,512.0,0.0,16.0,93990.0,1.0,0.0,TFT LCD,No,DDR5,nvidia,mid,Acer,Windows,intel,high,high
7851,2.25,141.0,3.1,3200.0,120.0,4.0,512.0,0.0,8.0,58999.0,0.0,0.0,LED,No,DDR4,nvidia,low,Lenovo,Windows,intel,mid,high
7852,1.1,255.0,2.7,3200.0,120.0,0.0,1024.0,0.0,16.0,119990.0,1.0,1.0,OLED,Yes,LPDDR5,amd,low,Asus,Windows,amd,high,low
7853,2.34,141.0,3.4,3200.0,360.0,8.0,1024.0,0.0,32.0,329988.0,1.0,0.0,LED,No,LPDDR5,nvidia,high,Dell,Windows,intel,high,high
7855,2.78,170.0,4.8,3200.0,165.0,8.0,512.0,0.0,32.0,187490.0,1.0,0.0,LED,No,DDR5,nvidia,high,HP,Windows,intel,high,high
7856,2.38,188.0,4.7,3200.0,165.0,8.0,1024.0,0.0,16.0,189990.0,0.0,0.0,LED,No,DDR4,nvidia,high,MSI,Windows,intel,high,high
7857,2.34,127.0,3.4,3200.0,120.0,8.0,1024.0,0.0,32.0,353518.0,1.0,1.0,LED,No,DDR5,nvidia,high,Dell,Windows,intel,high,high
7858,1.59,112.0,2.3,2400.0,120.0,0.0,0.0,1024.0,4.0,18990.0,0.0,1.0,LED,No,DDR4,amd,low,Lenovo,DOS,amd,low,low
7859,2.2,141.0,2.8,2400.0,120.0,3.0,128.0,1024.0,8.0,125386.0,0.0,1.0,LED,No,DDR4,nvidia,mid,MSI,Windows,intel,high,high
7860,1.4,243.0,4.7,3200.0,90.0,0.0,512.0,0.0,16.0,123518.0,1.0,0.0,OLED,Yes,LPDDR5,intel,mid,Asus,Windows,intel,high,high
7861,1.74,141.0,3.4,2400.0,120.0,0.0,0.0,1024.0,8.0,31850.0,0.0,1.0,LED,No,DDR4,amd,low,HP,Windows,amd,low,low
7862,2.6,141.0,2.9,2666.0,120.0,6.0,128.0,1024.0,16.0,144990.0,0.0,1.0,LED,No,DDR4,nvidia,mid,Dell,Windows,intel,high,high
7863,2.36,141.0,2.6,2933.0,120.0,6.0,512.0,0.0,16.0,115391.0,0.0,1.0,LED,No,DDR4,nvidia,mid,HP,Windows,intel,high,high
7864,4.5,255.0,2.4,2400.0,120.0,8.0,1024.0,1024.0,32.0,399990.0,0.0,1.0,LED,No,DDR4,nvidia,high,MSI,Windows,intel,high,high
7866,2.5,189.0,3.4,5200.0,240.0,8.0,1024.0,0.0,16.0,230890.0,0.0,0.0,LED,No,DDR5,nvidia,high,Lenovo,Windows,amd,high,high
7867,1.8,141.0,3.0,3200.0,60.0,0.0,256.0,0.0,8.0,36500.0,0.0,0.0,OLED,No,DDR4,intel,low,Asus,Windows,intel,low,low
7868,2.39,137.0,5.5,5600.0,165.0,8.0,1024.0,0.0,16.0,148990.0,0.0,0.0,LED,No,DDR5,nvidia,high,HP,Windows,intel,high,high
7869,2.1,141.0,3.3,3200.0,120.0,4.0,512.0,0.0,8.0,57990.0,1.0,1.0,LED,No,DDR4,nvidia,low,Acer,Windows,intel,mid,mid
7870,1.91,138.0,2.0,3200.0,60.0,0.0,512.0,0.0,16.0,77614.0,0.0,0.0,LED,No,DDR4,amd,low,Dell,Windows,amd,high,low
7871,2.2,141.0,2.8,2400.0,120.0,2.0,0.0,1024.0,8.0,59990.0,0.0,1.0,LED,No,DDR4,nvidia,low,MSI,DOS,intel,high,high
7872,1.38,157.0,2.1,3200.0,120.0,4.0,512.0,0.0,16.0,133990.0,0.0,1.0,LED,No,DDR4,nvidia,mid,Lenovo,Windows,intel,high,mid
7874,1.3,166.0,4.8,3200.0,120.0,0.0,512.0,0.0,16.0,124990.0,1.0,1.0,LED,No,LPDDR4X,intel,mid,Asus,Windows,intel,high,low
7875,2.0,189.0,5.4,3200.0,240.0,8.0,1024.0,0.0,16.0,179990.0,0.0,0.0,LED,No,DDR4,nvidia,mid,Asus,Windows,intel,high,high
7876,1.3,166.0,2.7,2133.0,120.0,0.0,512.0,0.0,8.0,113977.0,0.0,1.0,LED,Yes,DDR4,intel,low,Lenovo,Windows,intel,high,low
7877,1.75,157.0,2.8,3200.0,60.0,0.0,512.0,0.0,64.0,91836.0,0.0,0.0,LED,Yes,DDR4,amd,low,Dell,Windows,amd,mid,low
7878,1.6,141.0,4.3,3200.0,120.0,0.0,512.0,0.0,16.0,45090.0,0.0,1.0,IPS LCD,No,DDR4,amd,low,Lenovo,Windows,amd,high,low
7879,2.4,141.0,2.8,2400.0,120.0,8.0,1024.0,0.0,16.0,299999.0,0.0,1.0,LED,No,DDR4,nvidia,high,Acer,Windows,intel,high,high
7880,1.45,112.0,3.4,4800.0,120.0,0.0,0.0,0.0,4.0,21990.0,0.0,1.0,LED,No,LPDDR5,intel,low,Lenovo,Google Chrome,intel,low,low
7881,1.91,138.0,2.3,3200.0,60.0,0.0,512.0,0.0,8.0,63331.0,1.0,0.0,LED,No,DDR4,amd,low,Dell,Windows,amd,mid,low
7882,1.74,141.0,2.9,3200.0,120.0,0.0,512.0,0.0,16.0,118711.0,0.0,1.0,LED,Yes,DDR4,intel,mid,HP,Windows,intel,high,low
7884,1.5,243.0,4.8,3200.0,90.0,0.0,1024.0,0.0,16.0,138607.0,1.0,0.0,OLED,Yes,LPDDR5,intel,mid,Asus,Windows,intel,high,mid
7885,2.51,141.0,3.3,3200.0,165.0,6.0,1024.0,0.0,16.0,84990.0,1.0,0.0,LED,No,DDR5,nvidia,mid,Dell,Windows,amd,high,high
7886,1.48,157.0,2.7,3200.0,120.0,0.0,256.0,0.0,8.0,44694.0,0.0,1.0,LED,No,DDR4,amd,low,Dell,Windows,amd,low,low
7887,1.7,157.0,2.7,2400.0,120.0,2.0,0.0,1024.0,4.0,51828.0,0.0,1.0,LED,Yes,DDR4,nvidia,low,Lenovo,Windows,intel,low,low
7889,2.2,141.0,3.3,3200.0,300.0,6.0,1024.0,0.0,16.0,146960.0,1.0,0.0,LED,No,DDR5,nvidia,mid,Asus,Windows,amd,high,high
7890,2.42,141.0,4.7,3200.0,165.0,6.0,512.0,0.0,16.0,168990.0,1.0,0.0,LED,No,DDR5,nvidia,mid,Dell,Windows,intel,high,high
7891,2.2,141.0,2.2,2133.0,120.0,2.0,0.0,1024.0,4.0,35920.0,0.0,1.0,LED,No,DDR4,amd,low,Lenovo,Windows,intel,low,low
7893,1.7,141.0,2.8,3200.0,120.0,2.0,512.0,0.0,8.0,76990.0,1.0,1.0,LED,No,DDR4,nvidia,mid,Lenovo,Windows,intel,mid,low
7894,3.0,170.0,4.8,3200.0,240.0,16.0,2048.0,0.0,32.0,359990.0,1.0,0.0,LED,No,DDR5,nvidia,high,Asus,Windows,intel,high,high
7895,1.32,166.0,1.6,2400.0,120.0,0.0,256.0,0.0,8.0,140337.0,0.0,1.0,LED,Yes,DDR4,intel,low,HP,Windows,intel,mid,low
7896,1.32,166.0,1.9,3200.0,120.0,0.0,1024.0,0.0,16.0,99900.0,0.0,1.0,LED,Yes,DDR4,amd,low,HP,Windows,amd,high,low
7897,1.36,163.0,2.8,3733.0,120.0,0.0,512.0,0.0,16.0,110990.0,0.0,1.0,LED,Yes,LPDDR4X,intel,mid,HP,Windows,intel,mid,low
7898,2.0,189.0,4.8,1175.0,165.0,16.0,2048.0,0.0,32.0,331990.0,0.0,0.0,LED,No,DDR4,nvidia,high,Asus,Windows,intel,high,high
7899,2.0,141.0,5.4,3200.0,144.0,8.0,1024.0,0.0,16.0,159000.0,0.0,0.0,LED,No,DDR4,nvidia,mid,Asus,Windows,intel,high,high
7900,1.75,141.0,2.3,3200.0,300.0,6.0,1024.0,0.0,16.0,144900.0,1.0,0.0,LED,No,DDR5,nvidia,mid,Asus,Windows,intel,high,high
7901,2.4,142.0,3.4,5600.0,144.0,6.0,512.0,0.0,16.0,113990.0,0.0,0.0,LED,No,DDR5,nvidia,mid,Lenovo,Windows,amd,high,high
7902,2.3,188.0,4.8,1460.0,240.0,8.0,2048.0,0.0,32.0,264990.0,0.0,0.0,LED,No,DDR4,nvidia,high,Asus,Windows,intel,high,high
7903,1.18,225.0,2.6,3200.0,165.0,8.0,1024.0,0.0,16.0,209990.0,1.0,0.0,LED,No,LPDDR5,nvidia,mid,Asus,Windows,intel,high,high
7904,1.3,157.0,1.6,2133.0,120.0,2.0,256.0,0.0,8.0,78990.0,0.0,1.0,LED,No,DDR4,nvidia,low,Asus,Windows,intel,mid,low
7905,1.7,141.0,4.2,3200.0,60.0,0.0,512.0,0.0,16.0,55599.0,1.0,0.0,OLED,No,DDR4,amd,low,Asus,Windows,amd,mid,low
7906,2.4,188.0,2.3,3200.0,165.0,8.0,1024.0,0.0,16.0,216985.0,1.0,0.0,LED,No,DDR5,nvidia,high,Other,Windows,intel,high,high
7907,2.2,141.0,2.5,2933.0,120.0,4.0,256.0,1024.0,8.0,64990.0,0.0,1.0,LED,No,DDR4,nvidia,low,Lenovo,Windows,intel,mid,high
7908,2.5,189.0,5.6,4800.0,240.0,16.0,1024.0,0.0,32.0,339990.0,0.0,0.0,LED,No,DDR5,nvidia,high,Asus,Windows,intel,high,high
7909,2.5,141.0,2.6,2666.0,120.0,8.0,512.0,0.0,16.0,159990.0,0.0,1.0,LED,No,DDR4,nvidia,high,Dell,Windows,intel,high,high
7910,2.51,141.0,3.1,3200.0,165.0,8.0,1024.0,0.0,16.0,99858.0,1.0,0.0,LED,No,DDR5,nvidia,high,Dell,Windows,amd,high,high
7911,2.9,170.0,4.8,1460.0,240.0,8.0,2048.0,0.0,32.0,261990.0,0.0,0.0,LED,No,DDR4,nvidia,high,Asus,Windows,intel,high,high
7912,2.5,189.0,5.4,4800.0,240.0,12.0,1024.0,0.0,32.0,299990.0,0.0,0.0,LED,No,DDR5,nvidia,high,Asus,Windows,intel,high,high
7913,2.81,141.0,3.4,3200.0,165.0,6.0,512.0,0.0,16.0,106990.0,1.0,0.0,LED,No,DDR5,nvidia,mid,Dell,Windows,intel,high,high
7915,1.87,138.0,4.7,3200.0,60.0,2.0,512.0,0.0,16.0,86599.0,0.0,0.0,LED,No,DDR4,nvidia,mid,Dell,Windows,intel,high,low
7916,1.7,141.0,2.8,3200.0,120.0,0.0,512.0,0.0,16.0,91500.0,1.0,1.0,LED,Yes,DDR4,intel,mid,Lenovo,Windows,intel,high,low
7917,2.7,127.0,4.7,3200.0,144.0,6.0,1024.0,0.0,16.0,94990.0,1.0,0.0,LED,No,DDR5,nvidia,mid,MSI,Windows,amd,high,high
7918,1.0,266.0,4.7,3200.0,120.0,0.0,512.0,0.0,16.0,149999.0,1.0,0.0,LED,Yes,LPDDR5,intel,mid,Other,Windows,intel,high,low
7919,1.13,149.0,2.8,3200.0,120.0,0.0,256.0,0.0,8.0,72990.0,1.0,1.0,LED,Yes,LPDDR5,intel,mid,Other,Windows,intel,mid,low
7920,2.4,283.0,2.3,3200.0,120.0,8.0,1024.0,0.0,32.0,239990.0,1.0,1.0,OLED,No,DDR5,nvidia,high,Asus,Windows,intel,high,high
7922,1.6,156.0,4.2,3200.0,120.0,0.0,512.0,0.0,8.0,71449.0,1.0,1.0,LED,No,DDR4,intel,low,Lenovo,DOS,intel,mid,low
7923,1.84,290.0,4.7,3200.0,60.0,4.0,512.0,0.0,16.0,239999.0,1.0,0.0,LED,No,DDR5,nvidia,mid,Dell,Windows,intel,high,high
7924,2.3,141.0,2.3,3200.0,240.0,6.0,1024.0,0.0,16.0,206250.0,0.0,0.0,LED,No,DDR4,nvidia,mid,Other,Windows,intel,high,high
7925,1.13,162.0,2.8,3200.0,120.0,0.0,1024.0,0.0,16.0,223999.0,1.0,1.0,LED,No,LPDDR4X,intel,low,Lenovo,Windows,intel,high,low
7926,2.4,141.0,2.8,2133.0,120.0,4.0,128.0,1024.0,16.0,98643.0,0.0,1.0,LED,No,DDR4,nvidia,low,Lenovo,Windows,intel,high,high
7927,1.45,141.0,4.2,3200.0,90.0,4.0,1024.0,0.0,16.0,74340.0,1.0,0.0,OLED,No,DDR4,nvidia,mid,Asus,Windows,intel,mid,high
7928,1.29,201.0,1.1,3200.0,120.0,0.0,512.0,0.0,16.0,79598.0,1.0,1.0,LED,Yes,LPDDR4X,intel,low,Acer,Windows,intel,mid,low
7929,2.72,141.0,2.4,3200.0,120.0,0.0,256.0,1024.0,8.0,61990.0,1.0,1.0,OLED,No,DDR4,intel,low,Asus,Windows,intel,mid,low
7930,1.34,163.0,4.7,3733.0,120.0,0.0,1024.0,0.0,16.0,133490.0,0.0,1.0,LED,Yes,LPDDR4X,intel,mid,HP,Windows,intel,high,low
7931,1.7,157.0,2.5,2400.0,120.0,2.0,0.0,1024.0,4.0,38999.0,0.0,1.0,LED,No,DDR4,nvidia,low,Lenovo,Windows,intel,mid,low
7932,1.36,267.0,2.8,3200.0,120.0,0.0,1024.0,0.0,16.0,118812.0,0.0,1.0,LED,Yes,LPDDR4,intel,low,HP,Windows,intel,high,low
7933,2.26,141.0,2.2,2400.0,120.0,8.0,512.0,0.0,24.0,131990.0,0.0,1.0,LED,No,DDR4,nvidia,high,Asus,Windows,intel,high,high
7934,2.5,141.0,2.8,2400.0,120.0,4.0,256.0,1024.0,16.0,125990.0,0.0,1.0,LED,No,DDR4,nvidia,low,Asus,Windows,intel,high,high
7936,1.38,157.0,4.2,3200.0,120.0,0.0,256.0,0.0,8.0,39990.0,1.0,1.0,LED,No,DDR4,intel,low,Other,Windows,intel,low,low
7937,2.1,100.0,1.0,3200.0,120.0,0.0,0.0,1024.0,4.0,36469.0,1.0,1.0,LED,No,DDR4,amd,low,Lenovo,Windows,intel,low,low
7938,1.47,112.0,2.6,2400.0,120.0,0.0,512.0,0.0,8.0,27555.0,0.0,1.0,LED,No,DDR4,amd,low,HP,DOS,amd,low,low
7939,2.5,282.0,2.6,1600.0,120.0,4.0,128.0,1024.0,16.0,118440.0,0.0,1.0,LED,Yes,DDR3,nvidia,low,Dell,Windows,intel,high,high
7940,1.5,282.0,3.1,3200.0,120.0,4.0,1024.0,0.0,16.0,99990.0,1.0,1.0,LED,No,DDR4,amd,mid,Acer,Windows,intel,high,low
7941,1.3,166.0,2.5,2133.0,120.0,0.0,512.0,0.0,8.0,90594.0,0.0,1.0,LED,Yes,DDR4,intel,low,Lenovo,Windows,intel,mid,low
7942,1.6,112.0,3.0,3200.0,120.0,0.0,256.0,0.0,8.0,31980.0,0.0,1.0,LED,No,DDR4,intel,low,Lenovo,DOS,intel,low,low
7943,1.0,266.0,4.2,3200.0,120.0,0.0,128.0,0.0,8.0,97990.0,1.0,0.0,LED,Yes,LPDDR5,intel,mid,Other,Windows,intel,mid,low
7944,2.3,141.0,3.3,5600.0,144.0,4.0,512.0,0.0,8.0,54990.0,0.0,0.0,IPS LCD,No,DDR5,nvidia,low,Asus,Windows,amd,mid,high
7945,2.14,141.0,2.2,3200.0,120.0,4.0,512.0,0.0,8.0,65990.0,1.0,1.0,LED,No,DDR4,nvidia,low,Asus,Windows,intel,high,high
7946,1.5,282.0,2.8,3200.0,120.0,4.0,1024.0,0.0,16.0,69990.0,1.0,1.0,LED,No,DDR4,amd,mid,Acer,Windows,intel,mid,low
7947,1.72,216.0,4.7,3200.0,120.0,8.0,1024.0,0.0,16.0,114999.0,1.0,0.0,LED,No,DDR5,amd,high,Asus,Windows,amd,high,high
7948,1.4,157.0,2.5,3200.0,60.0,0.0,512.0,0.0,16.0,35999.0,1.0,0.0,LED,No,DDR4,intel,mid,MSI,Windows,intel,mid,low
7949,1.45,157.0,2.5,3200.0,60.0,0.0,0.0,0.0,8.0,24990.0,1.0,0.0,Other,No,LPDDR4X,mediatek,low,Asus,Google Chrome,mediatek,low,low
7950,1.1,255.0,4.5,3200.0,120.0,0.0,512.0,0.0,16.0,110000.0,1.0,1.0,OLED,Yes,LPDDR5,amd,low,Asus,Windows,amd,mid,low
7951,1.6,141.0,4.7,3200.0,60.0,0.0,512.0,0.0,16.0,66999.0,1.0,0.0,OLED,No,DDR4,intel,mid,Asus,Windows,intel,mid,mid
7952,2.29,141.0,4.7,3200.0,144.0,4.0,1024.0,0.0,16.0,74990.0,0.0,0.0,LED,No,DDR4,nvidia,mid,HP,Windows,intel,high,high
7953,2.5,141.0,3.5,2133.0,120.0,4.0,128.0,1024.0,8.0,75990.0,0.0,1.0,LED,No,DDR4,nvidia,low,Asus,Windows,intel,high,high
7954,1.56,200.0,4.7,3200.0,120.0,0.0,512.0,0.0,16.0,141999.0,1.0,1.0,LED,Yes,LPDDR5X,intel,mid,Other,Windows,intel,high,low
7955,2.49,189.0,2.3,3200.0,165.0,6.0,1024.0,0.0,16.0,164990.0,1.0,0.0,LED,No,DDR5,nvidia,mid,Lenovo,Windows,intel,high,high
7956,1.53,157.0,2.8,3200.0,120.0,0.0,512.0,0.0,16.0,105000.0,1.0,1.0,LED,No,DDR4,intel,mid,Lenovo,Windows,intel,high,low
7957,1.75,141.0,2.8,3200.0,120.0,4.0,512.0,0.0,8.0,56999.0,1.0,1.0,LED,No,DDR4,nvidia,low,Acer,Windows,intel,mid,mid
7958,1.0,166.0,4.7,3200.0,120.0,0.0,512.0,0.0,8.0,101569.0,0.0,1.0,LED,No,DDR4,amd,low,HP,Windows,amd,high,low
7959,3.2,141.0,2.8,3200.0,120.0,4.0,512.0,0.0,16.0,96500.0,1.0,1.0,OLED,No,LPDDR5,nvidia,mid,Asus,Windows,intel,mid,high
7960,1.9,141.0,4.2,3200.0,165.0,6.0,1024.0,0.0,16.0,154315.0,0.0,0.0,LED,No,DDR4,nvidia,mid,Lenovo,Windows,amd,high,high
7961,2.1,138.0,2.8,3200.0,60.0,0.0,512.0,0.0,16.0,105000.0,1.0,0.0,LED,Yes,DDR4,intel,low,Dell,Windows,intel,mid,low
7962,2.14,141.0,2.5,2933.0,120.0,4.0,512.0,0.0,16.0,97500.0,0.0,1.0,LED,No,DDR4,nvidia,low,HP,Windows,intel,mid,high
7963,1.75,141.0,1.6,2133.0,120.0,2.0,0.0,1024.0,8.0,47629.0,0.0,1.0,LED,No,DDR4,nvidia,low,Lenovo,Windows,intel,mid,low
7964,1.59,141.0,1.8,2400.0,120.0,2.0,1024.0,0.0,16.0,139990.0,0.0,1.0,LED,No,DDR4,nvidia,low,Asus,Windows,intel,high,low
7965,1.4,189.0,4.7,3200.0,120.0,0.0,512.0,0.0,16.0,68490.0,0.0,1.0,LED,No,DDR4,intel,mid,HP,Windows,intel,mid,high
7967,1.47,112.0,4.0,3200.0,120.0,0.0,512.0,0.0,8.0,35610.0,0.0,1.0,LED,No,DDR4,intel,low,HP,DOS,intel,low,low
7968,1.4,157.0,4.9,2666.0,120.0,2.0,512.0,0.0,8.0,68990.0,0.0,1.0,LED,No,DDR4,nvidia,low,Asus,Windows,intel,high,low
7969,1.47,166.0,1.5,1866.0,120.0,0.0,512.0,0.0,16.0,215909.0,0.0,1.0,LED,Yes,LPDDR3,intel,low,HP,Windows,intel,high,low
7970,1.25,157.0,2.0,3200.0,120.0,0.0,0.0,0.0,8.0,56900.0,1.0,1.0,TFT LCD,No,LPDDR4X,amd,low,Acer,Windows,amd,mid,low
7971,1.6,157.0,1.8,3200.0,120.0,2.0,0.0,1024.0,8.0,75990.0,1.0,1.0,LED,No,DDR4,nvidia,low,Asus,DOS,intel,high,low
7972,2.2,141.0,1.6,2133.0,120.0,2.0,0.0,1024.0,8.0,52990.0,0.0,1.0,LED,No,DDR4,nvidia,low,Lenovo,Windows,intel,mid,low
7973,1.95,283.0,4.7,3200.0,120.0,4.0,1024.0,0.0,16.0,124990.0,0.0,1.0,OLED,No,DDR4,nvidia,mid,Asus,Windows,amd,high,high
7974,1.85,141.0,4.2,2666.0,60.0,2.0,512.0,0.0,16.0,65000.0,0.0,0.0,LED,No,DDR4,nvidia,mid,Dell,Windows,intel,mid,low
7975,1.86,141.0,4.2,3200.0,144.0,6.0,512.0,0.0,8.0,79990.0,1.0,0.0,LED,No,DDR4,nvidia,mid,MSI,Windows,intel,mid,high
7976,4.04,168.0,5.4,4800.0,165.0,12.0,1024.0,0.0,32.0,367990.0,0.0,0.0,LED,No,DDR5,nvidia,high,Dell,Windows,intel,high,high
7977,1.05,166.0,4.2,2666.0,120.0,0.0,512.0,0.0,8.0,84990.0,0.0,1.0,LED,No,LPDDR4X,intel,mid,Dell,Windows,intel,mid,low
7978,0.92,226.0,1.2,1866.0,120.0,0.0,512.0,0.0,8.0,128700.0,0.0,1.0,LED,No,LPDDR3,intel,low,Apple,macOS,intel,mid,mid
7979,1.75,141.0,2.3,3200.0,120.0,4.0,512.0,0.0,16.0,124995.0,1.0,1.0,LED,No,DDR5,nvidia,mid,Asus,Windows,intel,high,high
7980,2.8,255.0,5.4,3200.0,144.0,12.0,2048.0,0.0,64.0,327711.0,1.0,0.0,LED,No,DDR5,nvidia,high,MSI,Windows,intel,high,high
7981,2.9,170.0,4.8,3200.0,240.0,8.0,1024.0,0.0,16.0,223985.0,1.0,0.0,LED,No,DDR5,nvidia,high,Asus,Windows,amd,high,high
7982,1.98,141.0,3.3,3200.0,144.0,4.0,512.0,0.0,8.0,55080.0,0.0,0.0,LED,No,DDR4,nvidia,low,HP,Windows,amd,mid,high
7983,2.34,141.0,4.8,3200.0,360.0,16.0,1024.0,0.0,32.0,359990.0,1.0,0.0,LED,No,LPDDR5,nvidia,high,Dell,Windows,intel,high,high
7984,2.34,282.0,2.4,2933.0,120.0,0.0,1024.0,0.0,32.0,279990.0,0.0,1.0,LED,Yes,DDR4,intel,mid,Asus,Windows,intel,high,high
7985,1.92,141.0,2.8,3200.0,120.0,0.0,512.0,0.0,16.0,59999.0,1.0,1.0,LED,No,DDR4,intel,low,Asus,Windows,intel,high,low
7986,2.4,141.0,2.3,3200.0,120.0,4.0,512.0,0.0,16.0,131990.0,0.0,0.0,LED,No,DDR4,nvidia,mid,Lenovo,Windows,intel,high,high
7988,1.9,157.0,2.3,3200.0,120.0,0.0,256.0,0.0,4.0,30690.0,1.0,1.0,LED,No,DDR4,amd,low,Asus,Windows,amd,low,low
7989,1.54,234.0,5.0,7500.0,120.0,0.0,1024.0,0.0,32.0,127990.0,0.0,0.0,OLED,No,LPDDR5X,amd,mid,Lenovo,Windows,amd,high,high
7990,1.86,141.0,4.7,3200.0,144.0,4.0,1024.0,0.0,16.0,70211.0,0.0,0.0,LED,No,DDR4,nvidia,mid,MSI,Windows,intel,high,high
7991,1.86,141.0,4.7,3200.0,144.0,4.0,512.0,0.0,16.0,77211.0,0.0,0.0,LED,No,DDR4,nvidia,mid,MSI,Windows,intel,high,high
7992,1.49,162.0,5.1,6400.0,60.0,0.0,1024.0,0.0,16.0,92190.0,0.0,0.0,OLED,Yes,LPDDR5X,amd,mid,Lenovo,Windows,amd,high,high
7993,1.6,162.0,4.6,5200.0,60.0,0.0,512.0,0.0,16.0,71990.0,0.0,0.0,LED,Yes,LPDDR5X,intel,low,Lenovo,Windows,intel,mid,high
7994,1.95,142.0,5.2,3200.0,144.0,6.0,512.0,0.0,16.0,89990.0,1.0,0.0,LED,No,DDR5,nvidia,mid,Asus,Windows,intel,high,high
7996,1.46,141.0,1.8,3200.0,120.0,0.0,512.0,0.0,16.0,118990.0,1.0,1.0,AMOLED,Yes,LPDDR5,intel,low,Samsung,Windows,intel,high,low
7997,2.1,189.0,5.0,7500.0,240.0,8.0,1024.0,0.0,32.0,229990.0,0.0,0.0,LED,No,LPDDR5X,nvidia,high,MSI,Windows,amd,high,high
7998,1.74,141.0,1.6,2666.0,120.0,0.0,0.0,1024.0,8.0,59999.0,0.0,1.0,LED,No,DDR4,intel,low,HP,Windows,intel,mid,low
7999,2.35,141.0,2.3,3200.0,120.0,8.0,1024.0,0.0,16.0,157712.0,1.0,1.0,LED,No,DDR4,nvidia,high,Asus,Windows,intel,high,high
8000,2.2,141.0,2.6,3200.0,120.0,6.0,1024.0,0.0,16.0,126990.0,1.0,1.0,LED,No,DDR4,nvidia,mid,Asus,Windows,intel,high,high
8001,1.61,112.0,2.1,3200.0,120.0,0.0,256.0,0.0,4.0,43000.0,1.0,1.0,LED,No,DDR4,intel,low,Lenovo,DOS,intel,low,low
8002,1.77,157.0,1.6,3200.0,120.0,0.0,256.0,0.0,4.0,75454.0,1.0,1.0,LED,No,DDR4,intel,low,Lenovo,Windows,intel,mid,low
8003,1.49,157.0,1.8,3200.0,120.0,0.0,512.0,0.0,8.0,109900.0,1.0,1.0,LED,No,DDR4,intel,low,Lenovo,Windows,intel,high,low
8005,1.9,141.0,1.2,3200.0,120.0,0.0,0.0,1024.0,4.0,28990.0,1.0,1.0,LED,No,DDR4,intel,low,Asus,Windows,intel,low,low
8007,1.2,135.0,1.1,3200.0,120.0,0.0,64.0,0.0,4.0,24282.0,1.0,1.0,LED,Yes,LPDDR4,intel,low,Acer,Google Chrome,intel,low,low
8008,1.07,135.0,2.0,3733.0,120.0,0.0,32.0,0.0,4.0,27175.0,0.0,1.0,LED,Yes,LPDDR4,mediatek,low,HP,Google Chrome,mediatek,low,low
8009,1.5,135.0,1.6,3200.0,120.0,0.0,32.0,0.0,4.0,25736.0,1.0,1.0,LED,Yes,DDR4,amd,low,Acer,Google Chrome,amd,low,low
8010,1.73,112.0,1.6,3200.0,120.0,0.0,0.0,500.0,8.0,57990.0,0.0,1.0,LED,No,DDR4,intel,low,Lenovo,DOS,intel,mid,low
8012,2.65,135.0,2.0,3200.0,120.0,0.0,32.0,0.0,4.0,24999.0,1.0,1.0,LED,Yes,LPDDR4X,mediatek,low,Acer,Google Chrome,mediatek,low,low
8013,1.85,141.0,2.2,3200.0,120.0,0.0,0.0,1024.0,4.0,35850.0,1.0,1.0,LED,No,DDR4,intel,low,Lenovo,Windows,intel,low,low
8014,1.55,157.0,1.8,2400.0,120.0,0.0,512.0,0.0,16.0,146000.0,0.0,1.0,LED,No,DDR4,intel,low,Lenovo,Windows,intel,high,low
8015,1.77,157.0,1.6,2666.0,120.0,0.0,0.0,500.0,8.0,61090.0,0.0,1.0,LED,No,DDR4,intel,low,Lenovo,DOS,intel,mid,low
8016,1.77,157.0,1.6,2666.0,120.0,0.0,0.0,500.0,4.0,60990.0,0.0,1.0,LED,No,DDR4,intel,low,Lenovo,DOS,intel,mid,low
8017,1.52,112.0,1.6,2133.0,120.0,0.0,0.0,1024.0,4.0,59990.0,0.0,1.0,LED,No,DDR4,intel,low,HP,Windows,intel,mid,low
8018,1.6,112.0,2.6,3200.0,120.0,0.0,0.0,1024.0,4.0,30990.0,1.0,1.0,LED,No,DDR4,amd,low,Lenovo,DOS,amd,low,low
8019,1.33,166.0,2.2,2400.0,120.0,0.0,512.0,0.0,8.0,103586.0,0.0,1.0,LED,No,DDR4,amd,low,HP,Windows,amd,high,low
8020,1.46,157.0,1.6,2666.0,120.0,0.0,256.0,0.0,8.0,101560.0,0.0,1.0,LED,No,DDR4,intel,low,HP,Windows,intel,mid,low
8021,1.6,112.0,1.6,2666.0,120.0,0.0,512.0,0.0,8.0,95299.0,0.0,1.0,LED,No,DDR4,intel,low,HP,Windows,intel,mid,low
8022,1.75,141.0,1.8,2666.0,120.0,2.0,1024.0,0.0,16.0,133554.0,0.0,1.0,LED,No,DDR4,nvidia,low,HP,Windows,intel,high,low
8023,1.7,141.0,1.6,2400.0,120.0,2.0,256.0,0.0,8.0,104718.0,0.0,1.0,LED,No,DDR4,nvidia,low,Asus,Windows,intel,mid,low
8024,1.23,166.0,1.6,2666.0,120.0,0.0,512.0,0.0,8.0,107669.0,0.0,1.0,LED,No,DDR4,intel,low,HP,Windows,intel,mid,low
8025,1.6,157.0,1.8,2666.0,120.0,0.0,0.0,1024.0,8.0,107599.0,0.0,1.0,LED,No,DDR4,intel,low,HP,Windows,intel,high,low
8026,1.45,157.0,1.6,2666.0,120.0,0.0,512.0,0.0,8.0,66994.0,0.0,1.0,LED,No,DDR4,intel,low,Dell,Windows,intel,mid,low
8027,1.49,118.0,1.6,2666.0,120.0,0.0,512.0,0.0,8.0,86322.0,0.0,1.0,LED,No,DDR4,intel,low,HP,Windows,intel,mid,low
8028,1.49,118.0,1.8,2666.0,120.0,0.0,256.0,1024.0,16.0,106500.0,0.0,1.0,LED,No,DDR4,intel,low,HP,Windows,intel,high,low
8029,2.0,100.0,1.6,2666.0,120.0,2.0,0.0,1024.0,8.0,84993.0,0.0,1.0,LED,No,DDR4,nvidia,low,HP,Windows,intel,mid,low
8030,1.6,112.0,1.6,2666.0,120.0,0.0,0.0,1024.0,8.0,81004.0,0.0,1.0,LED,No,DDR4,intel,low,HP,Windows,intel,mid,low
8031,1.6,112.0,1.6,2666.0,120.0,0.0,0.0,1024.0,8.0,67347.0,0.0,1.0,LED,No,DDR4,intel,low,HP,DOS,intel,mid,low
8032,1.75,112.0,2.2,2400.0,120.0,0.0,0.0,1024.0,4.0,48999.0,0.0,1.0,LED,No,DDR4,intel,low,Lenovo,Windows,intel,low,low
8034,1.45,166.0,2.0,3200.0,120.0,0.0,1024.0,0.0,16.0,108924.0,0.0,1.0,LED,Yes,DDR4,amd,low,HP,Windows,amd,high,low
8035,2.39,141.0,2.6,2933.0,60.0,6.0,512.0,0.0,8.0,138674.0,0.0,0.0,LED,No,DDR4,nvidia,mid,HP,Windows,intel,high,high
8036,1.55,157.0,1.8,3200.0,120.0,2.0,512.0,0.0,16.0,110790.0,0.0,1.0,LED,No,DDR4,nvidia,low,Lenovo,Windows,intel,high,low
8037,1.55,157.0,1.8,3200.0,120.0,0.0,512.0,0.0,16.0,141990.0,0.0,1.0,LED,No,DDR4,intel,low,Lenovo,Windows,intel,high,low
8038,1.55,157.0,1.6,3200.0,120.0,0.0,512.0,0.0,16.0,120990.0,0.0,1.0,LED,No,DDR4,intel,low,Lenovo,Windows,intel,mid,low
8039,2.3,141.0,2.6,2933.0,120.0,4.0,256.0,1024.0,16.0,98990.0,0.0,1.0,LED,No,DDR4,nvidia,low,Lenovo,Windows,intel,high,high
8040,1.77,157.0,1.6,3200.0,120.0,0.0,256.0,0.0,8.0,58490.0,1.0,1.0,LED,No,DDR4,intel,low,Lenovo,Windows,intel,mid,low
8041,1.85,100.0,1.2,3200.0,120.0,0.0,0.0,1024.0,4.0,32990.0,1.0,1.0,LED,No,DDR4,intel,low,Lenovo,Windows,intel,low,low
8042,2.3,141.0,2.9,3200.0,144.0,6.0,256.0,1024.0,16.0,119990.0,0.0,0.0,LED,No,DDR4,nvidia,mid,Asus,Windows,amd,high,high
8043,2.53,100.0,1.2,3200.0,120.0,0.0,0.0,1024.0,4.0,38940.0,1.0,1.0,LED,No,DDR4,intel,low,Lenovo,DOS,intel,low,low
8044,2.3,141.0,3.0,3200.0,144.0,6.0,512.0,1024.0,16.0,119990.0,0.0,0.0,LED,No,DDR4,nvidia,mid,Asus,Windows,amd,high,high
8045,2.1,157.0,2.5,2400.0,120.0,2.0,0.0,1024.0,8.0,49990.0,0.0,1.0,LED,No,DDR4,intel,low,Lenovo,Windows,intel,mid,low
8046,1.85,141.0,1.0,3200.0,120.0,0.0,256.0,0.0,8.0,46050.0,1.0,1.0,LED,No,DDR4,intel,low,Lenovo,Windows,intel,mid,low
8047,1.7,157.0,2.1,3200.0,120.0,0.0,256.0,0.0,4.0,37490.0,1.0,1.0,LED,No,DDR4,intel,low,Lenovo,DOS,intel,low,low
8050,1.85,141.0,1.0,3200.0,120.0,0.0,256.0,0.0,8.0,44990.0,1.0,1.0,LED,No,DDR4,intel,low,Lenovo,Windows,intel,mid,low
8051,1.77,157.0,1.6,3200.0,120.0,0.0,128.0,1024.0,8.0,60490.0,1.0,1.0,LED,No,DDR4,intel,low,Lenovo,Windows,intel,mid,low
8052,1.85,141.0,1.0,3200.0,120.0,0.0,256.0,0.0,8.0,49189.0,1.0,1.0,LED,No,DDR4,intel,low,Lenovo,Windows,intel,mid,low
8053,1.69,112.0,1.8,2666.0,120.0,2.0,0.0,500.0,8.0,141800.0,0.0,1.0,LED,No,DDR4,amd,low,Lenovo,Windows,intel,high,low
8054,1.38,157.0,1.0,3200.0,120.0,2.0,512.0,0.0,8.0,57990.0,0.0,1.0,LED,No,DDR4,nvidia,mid,Lenovo,Windows,intel,mid,low
8055,2.2,141.0,2.4,3200.0,120.0,3.0,0.0,1024.0,8.0,57990.0,1.0,1.0,LED,No,DDR4,nvidia,low,Lenovo,Windows,intel,mid,high
8056,1.73,157.0,1.6,3200.0,120.0,0.0,256.0,0.0,8.0,69990.0,1.0,1.0,LED,No,DDR4,intel,low,Lenovo,Windows,intel,mid,low
8057,1.6,157.0,1.0,3200.0,120.0,0.0,256.0,1024.0,8.0,57990.0,1.0,1.0,LED,No,DDR4,intel,low,Lenovo,Windows,intel,mid,low
8058,1.38,118.0,1.6,3200.0,120.0,0.0,512.0,0.0,8.0,88730.0,1.0,1.0,LED,No,DDR4,intel,low,Lenovo,Windows,intel,mid,low
8059,1.73,157.0,1.6,3200.0,120.0,0.0,256.0,0.0,8.0,59990.0,1.0,1.0,LED,No,DDR4,intel,low,Lenovo,DOS,intel,mid,low
8060,1.38,118.0,1.6,2666.0,120.0,0.0,512.0,0.0,8.0,75390.0,0.0,1.0,LED,No,DDR4,intel,low,Lenovo,DOS,intel,mid,low
8061,1.85,141.0,1.6,3200.0,120.0,2.0,0.0,1024.0,8.0,57500.0,1.0,1.0,LED,No,DDR4,nvidia,low,Lenovo,Windows,intel,mid,low
8062,1.8,141.0,1.0,3200.0,120.0,2.0,256.0,1024.0,4.0,63990.0,1.0,1.0,LED,No,DDR4,nvidia,low,Lenovo,Windows,intel,mid,low
8063,1.69,157.0,1.6,3200.0,120.0,0.0,256.0,0.0,8.0,67390.0,1.0,1.0,LED,No,DDR4,intel,low,Lenovo,Windows,intel,mid,low
8064,2.3,141.0,2.4,2666.0,120.0,4.0,256.0,1024.0,8.0,75490.0,0.0,1.0,LED,No,DDR4,nvidia,low,Lenovo,Windows,intel,mid,high
8066,1.4,166.0,1.6,2666.0,120.0,0.0,512.0,0.0,8.0,112690.0,0.0,1.0,LED,No,DDR4,intel,low,Lenovo,Windows,intel,mid,low
8067,2.3,141.0,3.0,3200.0,120.0,4.0,256.0,1024.0,8.0,75990.0,0.0,1.0,LED,No,DDR4,nvidia,low,Lenovo,Windows,amd,mid,high
8068,1.8,100.0,1.6,3200.0,120.0,0.0,0.0,1024.0,4.0,48990.0,1.0,1.0,LED,No,DDR4,intel,low,Lenovo,DOS,intel,mid,low
8069,1.32,166.0,1.6,2400.0,120.0,0.0,512.0,0.0,8.0,68490.0,0.0,1.0,LED,No,DDR4,intel,low,Lenovo,Windows,intel,mid,low
8070,1.85,100.0,1.6,2133.0,120.0,2.0,0.0,1024.0,8.0,39489.0,0.0,1.0,LED,No,DDR4,nvidia,low,Lenovo,DOS,intel,mid,low
8071,1.77,141.0,1.6,2400.0,120.0,0.0,512.0,0.0,8.0,128599.0,0.0,1.0,LED,No,DDR4,intel,low,HP,Windows,intel,mid,low
8072,1.6,141.0,1.0,3200.0,120.0,0.0,512.0,0.0,8.0,49990.0,1.0,1.0,LED,No,DDR4,intel,low,Lenovo,Windows,intel,mid,low
8073,1.48,157.0,1.6,2400.0,120.0,2.0,512.0,0.0,8.0,100799.0,0.0,1.0,LED,No,DDR4,amd,mid,HP,DOS,intel,mid,low
8074,2.5,141.0,2.6,3200.0,120.0,4.0,256.0,1024.0,8.0,110000.0,1.0,0.0,LED,No,DDR4,nvidia,low,Lenovo,Windows,intel,high,high
8075,1.37,317.0,1.8,2400.0,120.0,0.0,512.0,0.0,16.0,69994.0,0.0,1.0,LED,Yes,DDR4,intel,low,Lenovo,Windows,intel,high,low
8076,2.4,127.0,2.4,3200.0,120.0,8.0,1024.0,0.0,32.0,246990.0,0.0,1.0,LED,No,DDR4,nvidia,high,MSI,Windows,intel,high,high
8077,1.6,135.0,2.8,3200.0,120.0,0.0,0.0,500.0,4.0,23990.0,1.0,1.0,LED,No,DDR3,intel,low,Asus,Windows,intel,low,low
8078,1.33,157.0,1.8,2666.0,120.0,0.0,512.0,0.0,8.0,21990.0,0.0,1.0,LED,No,DDR4,intel,low,HP,Windows,intel,high,low
8079,1.0,157.0,1.6,3200.0,120.0,0.0,256.0,0.0,8.0,87843.0,1.0,1.0,LED,No,DDR4,intel,low,Other,Windows,intel,mid,low
8080,1.8,141.0,2.0,3200.0,120.0,0.0,256.0,1024.0,8.0,64500.0,1.0,1.0,LED,No,DDR4,amd,low,Asus,Windows,amd,high,low
8083,1.33,166.0,1.6,2400.0,120.0,0.0,512.0,0.0,8.0,110920.0,0.0,1.0,LED,No,DDR4,intel,low,HP,Windows,intel,mid,low
8084,1.68,112.0,4.2,3200.0,120.0,0.0,0.0,1024.0,4.0,61249.0,1.0,1.0,LED,No,DDR4,intel,low,Asus,Windows,intel,mid,low
8085,1.6,112.0,1.6,2400.0,120.0,0.0,512.0,0.0,8.0,79060.0,0.0,1.0,LED,No,DDR4,intel,low,HP,Windows,intel,mid,low
8086,1.27,166.0,1.8,2133.0,120.0,0.0,512.0,0.0,8.0,156915.0,0.0,1.0,LED,Yes,DDR4,intel,low,HP,Windows,intel,high,low
8087,1.65,112.0,1.5,3200.0,120.0,0.0,0.0,1024.0,4.0,24990.0,1.0,1.0,LED,No,DDR3,amd,low,Asus,Windows,amd,low,low
8089,1.27,166.0,1.8,2666.0,120.0,0.0,1024.0,0.0,16.0,169081.0,0.0,1.0,LED,Yes,DDR4,intel,low,HP,Windows,intel,high,low
8090,2.35,141.0,2.3,3200.0,120.0,6.0,1024.0,0.0,16.0,142517.0,1.0,1.0,LED,No,DDR4,nvidia,mid,Asus,Windows,intel,high,high
8092,1.75,141.0,2.6,3200.0,120.0,4.0,512.0,0.0,8.0,90000.0,1.0,1.0,LED,No,DDR4,nvidia,low,Asus,Windows,intel,high,high
8093,1.27,166.0,1.8,2133.0,120.0,0.0,1024.0,0.0,8.0,164215.0,0.0,1.0,LED,Yes,DDR4,intel,low,HP,Windows,intel,high,low
8094,1.7,112.0,2.5,2400.0,120.0,0.0,0.0,500.0,8.0,67221.0,0.0,1.0,LED,No,DDR4,intel,low,Lenovo,Windows,intel,mid,low
8095,1.85,141.0,2.1,3200.0,120.0,0.0,128.0,1024.0,8.0,40740.0,1.0,1.0,LED,No,DDR4,amd,low,Lenovo,Windows,amd,mid,low
8096,2.0,141.0,2.1,3200.0,120.0,0.0,256.0,1024.0,4.0,39900.0,1.0,1.0,LED,No,DDR4,intel,low,Asus,Windows,intel,low,low
8097,2.0,141.0,1.1,3200.0,120.0,2.0,256.0,1024.0,8.0,65287.0,1.0,1.0,LED,No,DDR4,nvidia,low,Asus,Windows,intel,mid,low
8098,2.35,141.0,2.5,2933.0,120.0,4.0,256.0,1024.0,16.0,91990.0,0.0,1.0,LED,No,DDR4,nvidia,low,Dell,Windows,intel,high,high
8099,1.8,141.0,2.6,3200.0,120.0,0.0,0.0,1024.0,4.0,35605.0,1.0,1.0,LED,No,DDR4,amd,low,Lenovo,Windows,amd,low,low
8100,1.5,157.0,1.2,3200.0,120.0,0.0,512.0,0.0,8.0,66000.0,0.0,1.0,LED,No,DDR4,intel,low,Lenovo,Windows,intel,low,low
8101,2.0,141.0,1.6,3200.0,120.0,2.0,0.0,1024.0,4.0,51950.0,1.0,1.0,LED,No,DDR4,nvidia,low,Lenovo,Windows,intel,mid,low
8102,1.52,112.0,2.3,2133.0,120.0,0.0,0.0,1024.0,4.0,38900.0,0.0,1.0,LED,No,DDR4,intel,low,HP,Windows,intel,low,low
8103,1.2,157.0,1.8,3200.0,120.0,0.0,512.0,0.0,16.0,99990.0,1.0,1.0,LED,No,DDR4,intel,low,Lenovo,Windows,intel,high,low
8104,1.75,112.0,2.9,3200.0,120.0,0.0,0.0,500.0,4.0,52000.0,1.0,1.0,LED,No,DDR4,intel,low,Lenovo,Windows,intel,low,low
8105,1.36,157.0,1.3,3200.0,120.0,2.0,512.0,0.0,8.0,94920.0,0.0,1.0,LED,No,DDR4,nvidia,low,Dell,Windows,intel,high,low
8106,1.9,141.0,1.2,3200.0,120.0,0.0,512.0,0.0,4.0,39990.0,1.0,1.0,LED,No,DDR4,intel,low,Asus,Windows,intel,low,low
8107,2.2,100.0,1.6,3200.0,120.0,0.0,0.0,1024.0,8.0,49999.0,1.0,1.0,LED,No,DDR4,intel,low,HP,Windows,intel,mid,low
8108,1.78,100.0,1.1,2400.0,120.0,0.0,0.0,1024.0,4.0,36346.0,0.0,1.0,LED,No,DDR4,intel,low,HP,Windows,intel,low,low
8109,2.6,127.0,2.6,3200.0,144.0,6.0,1024.0,0.0,16.0,183990.0,1.0,0.0,LED,No,DDR4,nvidia,mid,Asus,Windows,intel,high,high
8110,1.4,112.0,1.6,3200.0,120.0,0.0,512.0,0.0,8.0,72990.0,1.0,1.0,LED,No,DDR4,intel,low,Lenovo,Windows,intel,mid,low
8112,2.5,141.0,1.0,3200.0,120.0,0.0,0.0,1024.0,4.0,36491.0,1.0,1.0,LED,No,DDR4,intel,low,Asus,Windows,intel,low,low
8113,1.0,141.0,1.0,2666.0,120.0,0.0,0.0,1024.0,8.0,57999.0,0.0,1.0,LED,No,DDR4,intel,low,Lenovo,Windows,intel,mid,low
8114,1.75,141.0,1.2,2666.0,120.0,2.0,0.0,1024.0,8.0,43990.0,0.0,1.0,LED,No,DDR4,nvidia,low,HP,Windows,intel,low,low
8115,3.1,141.0,1.2,2666.0,120.0,0.0,0.0,1024.0,4.0,35994.0,0.0,1.0,LED,No,DDR4,intel,low,HP,Windows,intel,low,low
8116,2.5,141.0,2.6,2666.0,300.0,6.0,512.0,0.0,16.0,210407.0,0.0,0.0,LED,No,DDR4,nvidia,mid,Dell,Windows,intel,high,high
8117,2.2,112.0,2.0,1333.0,120.0,0.0,0.0,500.0,4.0,27990.0,0.0,1.0,LED,No,DDR3,intel,low,Acer,Other,intel,low,low
8119,3.78,127.0,2.2,2666.0,120.0,4.0,0.0,1024.0,12.0,279079.0,0.0,1.0,LED,No,DDR4,nvidia,low,HP,Windows,intel,high,high
8121,1.5,157.0,2.3,3200.0,120.0,0.0,512.0,0.0,8.0,61990.0,0.0,1.0,LED,No,DDR4,amd,low,Lenovo,Windows,amd,mid,low
8122,1.5,157.0,1.2,3200.0,120.0,0.0,256.0,0.0,4.0,66100.0,0.0,1.0,LED,No,DDR4,intel,low,Lenovo,Windows,intel,low,low
8123,1.85,141.0,1.2,2666.0,120.0,0.0,0.0,1024.0,8.0,39990.0,0.0,1.0,LED,No,DDR4,intel,low,Lenovo,Windows,intel,low,low
8124,1.66,157.0,1.2,2666.0,120.0,0.0,256.0,0.0,4.0,37641.0,0.0,1.0,LED,No,DDR4,intel,low,Dell,Windows,intel,low,low
8125,1.75,141.0,1.6,2400.0,120.0,2.0,512.0,0.0,8.0,49990.0,0.0,1.0,LED,No,DDR4,nvidia,low,Asus,Windows,intel,mid,low
8126,2.34,141.0,2.5,2933.0,120.0,4.0,512.0,0.0,8.0,81090.0,0.0,1.0,LED,No,LPDDR3,nvidia,low,Dell,Windows,intel,mid,high
8128,1.5,157.0,1.2,3200.0,120.0,0.0,0.0,1024.0,4.0,38500.0,1.0,1.0,LED,No,DDR4,intel,low,Lenovo,DOS,intel,low,low
8129,1.5,141.0,1.0,3200.0,120.0,0.0,512.0,0.0,8.0,57990.0,1.0,1.0,LED,No,DDR4,intel,low,Lenovo,Windows,intel,mid,low
8130,1.49,118.0,1.8,2400.0,120.0,0.0,0.0,1024.0,8.0,85899.0,0.0,1.0,LED,No,DDR4,intel,low,HP,Windows,intel,high,low
8131,2.3,141.0,2.2,2666.0,120.0,4.0,128.0,1024.0,8.0,86000.0,0.0,1.0,LED,No,DDR4,nvidia,low,Asus,Windows,intel,high,high
8132,2.21,141.0,1.8,3200.0,120.0,0.0,0.0,1024.0,4.0,33494.0,1.0,1.0,LED,No,DDR4,intel,low,Lenovo,Windows,intel,mid,low
8133,1.5,157.0,1.1,3200.0,120.0,0.0,64.0,0.0,4.0,64625.0,1.0,1.0,LED,Yes,LPDDR3,intel,low,Asus,Google Chrome,intel,low,low
8134,1.47,112.0,2.3,2133.0,120.0,0.0,256.0,0.0,4.0,23994.0,0.0,1.0,LED,No,DDR4,intel,low,HP,Windows,intel,low,low
8135,1.6,112.0,1.6,2400.0,120.0,0.0,0.0,1024.0,8.0,162389.0,0.0,1.0,LED,No,DDR4,intel,low,HP,DOS,intel,mid,low
8137,2.85,127.0,2.6,2666.0,120.0,4.0,1024.0,0.0,16.0,98100.0,0.0,1.0,LED,No,DDR4,nvidia,low,Asus,Windows,intel,high,high
8138,1.3,331.0,1.3,3200.0,120.0,0.0,1024.0,0.0,16.0,159990.0,0.0,1.0,AMOLED,Yes,LPDDR4,intel,low,HP,Windows,intel,high,low
8139,1.78,100.0,1.6,2400.0,120.0,2.0,0.0,1024.0,8.0,46999.0,0.0,1.0,LED,No,DDR4,nvidia,low,HP,DOS,intel,mid,low
8140,2.2,112.0,2.0,2133.0,120.0,0.0,0.0,1024.0,4.0,30999.0,0.0,1.0,LED,No,DDR4,intel,low,Lenovo,Windows,intel,low,low
8141,1.43,157.0,2.4,2133.0,120.0,0.0,0.0,1024.0,4.0,25994.0,0.0,1.0,LED,No,DDR4,intel,low,HP,Windows,intel,low,low
8142,2.04,100.0,1.6,2133.0,120.0,0.0,0.0,1024.0,8.0,66757.0,0.0,1.0,LED,No,DDR4,intel,low,HP,Windows,intel,mid,low
8145,1.47,112.0,1.0,2666.0,120.0,0.0,256.0,1024.0,8.0,48240.0,0.0,1.0,LED,No,DDR4,intel,low,HP,Windows,intel,mid,low
8146,1.69,112.0,1.6,2666.0,120.0,0.0,256.0,0.0,8.0,83900.0,0.0,1.0,LED,No,DDR4,intel,low,Lenovo,Windows,intel,mid,low
8147,2.5,141.0,2.6,3200.0,120.0,6.0,1024.0,0.0,64.0,221990.0,1.0,1.0,LED,No,DDR4,nvidia,mid,Lenovo,Windows,intel,high,high
8148,1.78,157.0,1.6,2400.0,120.0,2.0,512.0,0.0,8.0,110590.0,0.0,1.0,LED,No,DDR4,amd,mid,HP,Windows,intel,mid,low
8149,1.33,259.0,1.6,2133.0,120.0,0.0,256.0,0.0,8.0,77899.0,0.0,1.0,LED,Yes,LPDDR3,intel,low,Other,Windows,intel,mid,low
8150,1.8,141.0,1.6,3200.0,120.0,0.0,0.0,1024.0,4.0,36990.0,1.0,1.0,LED,No,DDR4,intel,low,Lenovo,DOS,intel,mid,low
8151,1.0,277.0,1.6,2133.0,120.0,0.0,512.0,0.0,8.0,97330.0,0.0,1.0,LED,No,LPDDR3,intel,low,Other,Windows,intel,mid,low
8152,1.85,100.0,2.3,3200.0,120.0,0.0,0.0,1024.0,4.0,25290.0,1.0,1.0,LED,No,DDR4,intel,low,Lenovo,DOS,intel,low,low
8153,1.0,100.0,1.1,2400.0,120.0,0.0,0.0,1024.0,4.0,19421.0,0.0,1.0,LED,No,DDR4,intel,low,HP,DOS,intel,low,low
8154,1.68,141.0,1.6,3200.0,60.0,2.0,0.0,1024.0,8.0,48990.0,1.0,0.0,LED,No,DDR4,nvidia,low,Asus,Windows,intel,mid,low
8155,1.75,112.0,2.2,3200.0,120.0,0.0,1024.0,1024.0,4.0,36490.0,1.0,1.0,LED,No,DDR4,intel,low,Lenovo,DOS,intel,low,low
8156,2.27,100.0,2.8,2400.0,120.0,0.0,0.0,1024.0,4.0,26740.0,0.0,1.0,LED,No,DDR4,amd,low,Dell,Windows,amd,low,low
8157,1.8,100.0,2.3,2133.0,120.0,0.0,0.0,1024.0,4.0,26990.0,0.0,1.0,LED,No,DDR4,intel,low,Lenovo,Windows,intel,low,low
8158,2.19,141.0,2.4,2400.0,120.0,3.0,0.0,1024.0,8.0,55990.0,0.0,1.0,LED,No,DDR4,nvidia,low,Lenovo,Windows,intel,mid,high
8159,1.77,157.0,1.6,3200.0,120.0,0.0,512.0,0.0,8.0,64990.0,1.0,1.0,LED,No,DDR4,intel,low,Lenovo,Windows,intel,mid,low
8161,1.5,157.0,2.4,3200.0,120.0,0.0,256.0,0.0,4.0,33490.0,1.0,1.0,LED,No,DDR4,amd,low,Acer,Windows,amd,low,low
8162,1.43,157.0,2.1,2400.0,120.0,0.0,256.0,1024.0,8.0,39990.0,0.0,1.0,LED,No,DDR4,intel,low,HP,Windows,intel,low,low
8163,1.9,141.0,1.6,3200.0,120.0,2.0,0.0,1024.0,8.0,54990.0,1.0,1.0,LED,No,DDR4,nvidia,low,Acer,Windows,intel,mid,low
8164,1.75,157.0,1.7,2133.0,120.0,0.0,256.0,0.0,8.0,113985.0,0.0,1.0,LED,No,LPDDR3,intel,low,Lenovo,Windows,intel,mid,low
8165,2.3,141.0,2.9,3200.0,120.0,4.0,512.0,1024.0,16.0,99990.0,0.0,1.0,LED,No,DDR4,nvidia,low,Asus,Windows,amd,high,high
8166,1.75,141.0,2.6,2666.0,144.0,6.0,256.0,1024.0,16.0,139490.0,0.0,0.0,LED,No,DDR4,nvidia,mid,Dell,Windows,intel,high,high
8167,2.2,141.0,2.6,2666.0,120.0,4.0,128.0,1024.0,8.0,85940.0,0.0,1.0,LED,No,DDR4,nvidia,low,MSI,Windows,intel,high,high
8168,0.99,157.0,1.0,3200.0,120.0,0.0,512.0,0.0,8.0,74990.0,1.0,1.0,LED,No,LPDDR4,intel,low,Acer,Windows,intel,mid,low
8169,2.3,141.0,2.3,2666.0,120.0,4.0,512.0,0.0,8.0,60490.0,0.0,1.0,LED,No,DDR4,nvidia,low,Acer,Windows,amd,high,high
8170,1.26,157.0,1.6,2400.0,120.0,0.0,512.0,0.0,8.0,76500.0,0.0,1.0,LED,No,DDR4,intel,low,Asus,Windows,intel,mid,low
8171,2.0,141.0,2.6,2666.0,120.0,4.0,512.0,0.0,8.0,145990.0,0.0,1.0,LED,No,DDR4,nvidia,low,Dell,Windows,intel,high,high
8172,1.8,141.0,1.8,2400.0,120.0,0.0,512.0,0.0,8.0,67994.0,0.0,1.0,LED,No,DDR4,intel,low,Lenovo,Windows,intel,high,low
8173,2.4,141.0,2.6,2666.0,144.0,6.0,1024.0,0.0,16.0,119000.0,0.0,0.0,LED,No,DDR4,nvidia,mid,Asus,Windows,intel,high,high
8174,1.19,157.0,1.6,3200.0,60.0,0.0,512.0,0.0,8.0,49994.0,1.0,0.0,LED,No,LPDDR4,intel,low,Acer,Windows,intel,mid,low
8175,1.26,157.0,1.8,2133.0,120.0,2.0,1024.0,0.0,16.0,89590.0,0.0,1.0,LED,No,LPDDR3,nvidia,low,Asus,Windows,intel,high,low
8176,2.36,141.0,2.5,2933.0,120.0,4.0,512.0,0.0,8.0,97073.0,0.0,1.0,LED,No,DDR4,nvidia,low,HP,Windows,intel,mid,high
8177,1.43,166.0,1.6,2666.0,120.0,0.0,512.0,0.0,16.0,104590.0,0.0,1.0,LED,No,DDR4,intel,low,Lenovo,Windows,intel,mid,low
8178,1.7,141.0,4.1,2666.0,120.0,0.0,256.0,0.0,4.0,39900.0,0.0,1.0,LED,No,DDR4,intel,low,Asus,Windows,intel,low,low
8179,1.47,157.0,1.2,2666.0,120.0,0.0,256.0,1024.0,4.0,43150.0,0.0,1.0,LED,No,DDR4,intel,low,HP,Windows,intel,low,low
8180,1.6,112.0,2.8,3200.0,120.0,0.0,0.0,1024.0,4.0,50099.0,1.0,1.0,LED,No,DDR4,intel,low,Lenovo,DOS,intel,mid,low
8181,1.4,157.0,1.6,3200.0,120.0,2.0,512.0,0.0,8.0,84000.0,1.0,1.0,LED,No,DDR4,nvidia,low,Asus,Windows,intel,mid,low
8182,2.3,141.0,3.0,3200.0,144.0,4.0,256.0,1024.0,8.0,73990.0,0.0,0.0,LED,No,DDR4,nvidia,low,Asus,Windows,amd,mid,high
8183,1.77,157.0,1.6,3200.0,120.0,0.0,512.0,0.0,8.0,60490.0,1.0,1.0,LED,No,DDR4,intel,low,Lenovo,Windows,intel,mid,low
8184,1.8,141.0,2.1,3200.0,120.0,0.0,512.0,0.0,8.0,44990.0,1.0,1.0,LED,No,DDR4,amd,low,Acer,Windows,amd,mid,low
8185,2.3,141.0,2.6,2666.0,120.0,4.0,256.0,1024.0,8.0,79994.0,0.0,1.0,LED,No,DDR4,nvidia,low,Lenovo,Windows,intel,high,high
8186,1.8,141.0,2.1,3200.0,120.0,0.0,0.0,1024.0,4.0,38399.0,1.0,1.0,LED,No,DDR4,intel,low,Acer,Windows,intel,low,low
8187,1.5,157.0,1.9,2400.0,60.0,0.0,0.0,1024.0,4.0,24720.0,0.0,0.0,LED,No,DDR4,intel,low,Asus,Windows,intel,low,low
8188,1.87,141.0,1.6,3200.0,120.0,0.0,512.0,0.0,8.0,46990.0,1.0,1.0,LED,No,DDR4,intel,low,Lenovo,Windows,intel,mid,low
8190,2.41,141.0,2.5,2400.0,120.0,4.0,128.0,2048.0,8.0,48494.0,0.0,1.0,LED,No,DDR4,nvidia,low,Lenovo,Windows,intel,mid,high
8191,2.3,141.0,2.6,3200.0,60.0,4.0,512.0,0.0,8.0,94998.0,1.0,0.0,LED,No,DDR4,nvidia,low,Lenovo,Windows,intel,high,high
8192,2.1,282.0,2.6,3200.0,120.0,16.0,1024.0,0.0,32.0,300000.0,1.0,1.0,LED,No,DDR4,nvidia,high,Acer,Windows,intel,high,high
8193,2.1,282.0,2.6,3200.0,120.0,8.0,1024.0,0.0,32.0,260999.0,1.0,1.0,LED,No,DDR4,nvidia,high,Acer,Windows,intel,high,high
8194,2.1,282.0,2.6,3200.0,120.0,8.0,512.0,0.0,32.0,255999.0,1.0,1.0,LED,No,DDR4,nvidia,high,Acer,Windows,intel,high,high
8195,1.22,166.0,1.6,3200.0,120.0,0.0,512.0,0.0,8.0,115900.0,1.0,1.0,LED,No,DDR4,intel,low,Lenovo,Windows,intel,mid,low
8196,1.77,157.0,1.6,3200.0,120.0,0.0,256.0,0.0,8.0,59073.0,1.0,1.0,LED,No,DDR4,intel,low,Lenovo,DOS,intel,mid,low
8197,2.3,141.0,2.6,3200.0,60.0,4.0,512.0,0.0,16.0,105999.0,1.0,0.0,LED,No,DDR4,nvidia,low,Lenovo,Windows,intel,high,high
